anonymous_session,session_id,actual_label,model,event_number,session_percentage,purchase_probability
1,5714601,0,LSTM,1,5,0.07049844413995743
2,6499887,0,LSTM,1,5,0.030624907463788986
3,4550493,0,LSTM,1,5,0.12193707376718521
4,11466673,0,LSTM,1,5,0.06493677943944931
5,2479601,0,LSTM,1,5,0.5517749786376953
6,8378544,0,LSTM,1,5,0.49141666293144226
7,9201661,0,LSTM,1,5,0.2952386438846588
8,330739,0,LSTM,1,5,0.054372601211071014
9,901826,0,LSTM,1,5,0.17514008283615112
10,1972573,0,LSTM,1,5,0.3173615336418152
11,7509166,0,LSTM,1,5,0.18927879631519318
12,3752798,0,LSTM,1,5,0.453334778547287
13,7013909,0,LSTM,1,5,0.27928072214126587
14,563996,0,LSTM,1,5,0.28883516788482666
15,5171809,0,LSTM,1,5,0.02830030396580696
16,3053337,0,LSTM,1,5,0.1338260918855667
17,3675893,0,LSTM,1,5,0.4791487455368042
18,724622,0,LSTM,1,5,0.17123018205165863
19,7449726,0,LSTM,1,5,0.05389607697725296
20,5918297,0,LSTM,1,5,0.2946438491344452
21,10779582,0,LSTM,1,5,0.09520391374826431
22,6537621,0,LSTM,1,5,0.5298886895179749
23,5495648,0,LSTM,1,5,0.03314345329999924
24,7391994,0,LSTM,1,5,0.4591876268386841
25,3110284,0,LSTM,1,5,0.7267975807189941
26,8677719,0,LSTM,1,5,0.6577990055084229
27,9504487,0,LSTM,1,5,0.06412068754434586
28,6158348,0,LSTM,1,5,0.3549996614456177
29,10690171,0,LSTM,1,5,0.06057250499725342
30,3131218,0,LSTM,1,5,0.5753004550933838
31,2285187,0,LSTM,1,5,0.5629785060882568
32,6452177,1,LSTM,1,5,0.24979156255722046
33,8427549,0,LSTM,1,5,0.03690047934651375
34,6759021,0,LSTM,1,5,0.2550406754016876
35,7880934,0,LSTM,1,5,0.09282253682613373
36,3429043,0,LSTM,1,5,0.27459457516670227
37,2115993,1,LSTM,1,5,0.2648988366127014
38,11019618,0,LSTM,1,5,0.027752753347158432
39,1893158,0,LSTM,1,5,0.05594688653945923
40,10146223,0,LSTM,1,5,0.2934604287147522
41,3441821,0,LSTM,1,5,0.25231239199638367
42,4391589,0,LSTM,1,5,0.18954510986804962
43,6504503,0,LSTM,1,5,0.04253530874848366
44,1462289,0,LSTM,1,5,0.13075919449329376
45,1301122,0,LSTM,1,5,0.30244961380958557
46,3618383,0,LSTM,1,5,0.2695309817790985
47,10378934,0,LSTM,1,5,0.5794798135757446
48,6939186,0,LSTM,1,5,0.43002837896347046
49,6808059,0,LSTM,1,5,0.17994454503059387
50,10313516,0,LSTM,1,5,0.679119348526001
51,7379114,0,LSTM,1,5,0.3447871804237366
52,8311713,1,LSTM,1,5,0.26959124207496643
53,3243039,0,LSTM,1,5,0.5430389046669006
54,634821,0,LSTM,1,5,0.13419732451438904
55,9241417,0,LSTM,1,5,0.17385032773017883
56,8932838,0,LSTM,1,5,0.14716282486915588
57,10420144,0,LSTM,1,5,0.49150148034095764
58,6659608,0,LSTM,1,5,0.23132731020450592
59,2984944,0,LSTM,1,5,0.5258629322052002
60,9719251,0,LSTM,1,5,0.27340275049209595
61,539682,0,LSTM,1,5,0.1438625603914261
62,3490662,0,LSTM,1,5,0.047217149287462234
63,642571,0,LSTM,1,5,0.05967697128653526
64,6085551,0,LSTM,1,5,0.5956249833106995
65,3450089,0,LSTM,1,5,0.4080566465854645
66,2050332,0,LSTM,1,5,0.1636548787355423
67,8097011,0,LSTM,1,5,0.016358807682991028
68,1095309,0,LSTM,1,5,0.4624805152416229
69,5850717,0,LSTM,1,5,0.10300519317388535
70,520239,0,LSTM,1,5,0.5300573706626892
71,11537607,0,LSTM,1,5,0.13466224074363708
72,10362211,0,LSTM,1,5,0.3331981301307678
73,1853221,0,LSTM,1,5,0.49929025769233704
74,5743906,0,LSTM,1,5,0.12218040972948074
75,3655672,0,LSTM,1,5,0.022586744278669357
76,8018657,0,LSTM,1,5,0.04002164676785469
77,7965009,0,LSTM,1,5,0.07883325219154358
78,10876281,0,LSTM,1,5,0.020328262820839882
79,218606,0,LSTM,1,5,0.4960165321826935
80,4573881,0,LSTM,1,5,0.2557125687599182
81,1153294,0,LSTM,1,5,0.5592073202133179
82,2433847,0,LSTM,1,5,0.3537183105945587
83,5498504,0,LSTM,1,5,0.17760483920574188
84,4353957,1,LSTM,1,5,0.3057540953159332
85,810662,0,LSTM,1,5,0.07599905133247375
86,5288319,0,LSTM,1,5,0.04349708557128906
87,7022768,0,LSTM,1,5,0.5056256055831909
88,5169273,0,LSTM,1,5,0.1612509936094284
89,2660248,0,LSTM,1,5,0.4695897698402405
90,4934523,1,LSTM,1,5,0.44122999906539917
91,2144042,0,LSTM,1,5,0.7327595949172974
92,3934133,0,LSTM,1,5,0.37390097975730896
93,9342374,0,LSTM,1,5,0.020346764475107193
94,4469039,0,LSTM,1,5,0.3861852288246155
95,12844,0,LSTM,1,5,0.18255411088466644
96,5139816,0,LSTM,1,5,0.12759867310523987
97,7871211,0,LSTM,1,5,0.27441146969795227
98,8844818,0,LSTM,1,5,0.19788958132266998
99,1841057,0,LSTM,1,5,0.04140156880021095
100,1923039,0,LSTM,1,5,0.21864420175552368
1,5714601,0,GRU,1,5,0.11041128635406494
2,6499887,0,GRU,1,5,0.0873698815703392
3,4550493,0,GRU,1,5,0.1774890422821045
4,11466673,0,GRU,1,5,0.07077085971832275
5,2479601,0,GRU,1,5,0.5274960994720459
6,8378544,0,GRU,1,5,0.47029775381088257
7,9201661,0,GRU,1,5,0.34725648164749146
8,330739,0,GRU,1,5,0.13652437925338745
9,901826,0,GRU,1,5,0.2530447542667389
10,1972573,0,GRU,1,5,0.282079815864563
11,7509166,0,GRU,1,5,0.22602319717407227
12,3752798,0,GRU,1,5,0.35526275634765625
13,7013909,0,GRU,1,5,0.294231116771698
14,563996,0,GRU,1,5,0.34938547015190125
15,5171809,0,GRU,1,5,0.0681556910276413
16,3053337,0,GRU,1,5,0.16990594565868378
17,3675893,0,GRU,1,5,0.4474574327468872
18,724622,0,GRU,1,5,0.20902827382087708
19,7449726,0,GRU,1,5,0.10667414963245392
20,5918297,0,GRU,1,5,0.2858135998249054
21,10779582,0,GRU,1,5,0.12444853782653809
22,6537621,0,GRU,1,5,0.48878762125968933
23,5495648,0,GRU,1,5,0.09543528407812119
24,7391994,0,GRU,1,5,0.36018016934394836
25,3110284,0,GRU,1,5,0.6920793056488037
26,8677719,0,GRU,1,5,0.5667140483856201
27,9504487,0,GRU,1,5,0.09903629124164581
28,6158348,0,GRU,1,5,0.25628626346588135
29,10690171,0,GRU,1,5,0.10136164724826813
30,3131218,0,GRU,1,5,0.4384206533432007
31,2285187,0,GRU,1,5,0.43775856494903564
32,6452177,1,GRU,1,5,0.22733215987682343
33,8427549,0,GRU,1,5,0.09702588617801666
34,6759021,0,GRU,1,5,0.27273377776145935
35,7880934,0,GRU,1,5,0.1444917470216751
36,3429043,0,GRU,1,5,0.32279765605926514
37,2115993,1,GRU,1,5,0.2228585034608841
38,11019618,0,GRU,1,5,0.0683833435177803
39,1893158,0,GRU,1,5,0.12115520238876343
40,10146223,0,GRU,1,5,0.2183847576379776
41,3441821,0,GRU,1,5,0.20967361330986023
42,4391589,0,GRU,1,5,0.19213727116584778
43,6504503,0,GRU,1,5,0.06160777807235718
44,1462289,0,GRU,1,5,0.24094873666763306
45,1301122,0,GRU,1,5,0.24266403913497925
46,3618383,0,GRU,1,5,0.28322118520736694
47,10378934,0,GRU,1,5,0.5495883226394653
48,6939186,0,GRU,1,5,0.4281027019023895
49,6808059,0,GRU,1,5,0.22173236310482025
50,10313516,0,GRU,1,5,0.6410525441169739
51,7379114,0,GRU,1,5,0.30413126945495605
52,8311713,1,GRU,1,5,0.37209799885749817
53,3243039,0,GRU,1,5,0.4496387839317322
54,634821,0,GRU,1,5,0.17503748834133148
55,9241417,0,GRU,1,5,0.21828901767730713
56,8932838,0,GRU,1,5,0.27575555443763733
57,10420144,0,GRU,1,5,0.4519428014755249
58,6659608,0,GRU,1,5,0.30214861035346985
59,2984944,0,GRU,1,5,0.46459081768989563
60,9719251,0,GRU,1,5,0.2542397975921631
61,539682,0,GRU,1,5,0.14038512110710144
62,3490662,0,GRU,1,5,0.06717879325151443
63,642571,0,GRU,1,5,0.04795020818710327
64,6085551,0,GRU,1,5,0.4738345444202423
65,3450089,0,GRU,1,5,0.3851518929004669
66,2050332,0,GRU,1,5,0.2277633100748062
67,8097011,0,GRU,1,5,0.03332112729549408
68,1095309,0,GRU,1,5,0.4196593165397644
69,5850717,0,GRU,1,5,0.2500860095024109
70,520239,0,GRU,1,5,0.5488566160202026
71,11537607,0,GRU,1,5,0.1524694710969925
72,10362211,0,GRU,1,5,0.21829934418201447
73,1853221,0,GRU,1,5,0.3855329751968384
74,5743906,0,GRU,1,5,0.21159373223781586
75,3655672,0,GRU,1,5,0.0634002685546875
76,8018657,0,GRU,1,5,0.09011615812778473
77,7965009,0,GRU,1,5,0.12175512313842773
78,10876281,0,GRU,1,5,0.07428596913814545
79,218606,0,GRU,1,5,0.32045456767082214
80,4573881,0,GRU,1,5,0.23433560132980347
81,1153294,0,GRU,1,5,0.4888560473918915
82,2433847,0,GRU,1,5,0.2987867593765259
83,5498504,0,GRU,1,5,0.2350725680589676
84,4353957,1,GRU,1,5,0.23294739425182343
85,810662,0,GRU,1,5,0.13409870862960815
86,5288319,0,GRU,1,5,0.10498635470867157
87,7022768,0,GRU,1,5,0.4195821285247803
88,5169273,0,GRU,1,5,0.20262734591960907
89,2660248,0,GRU,1,5,0.3878191113471985
90,4934523,1,GRU,1,5,0.370956152677536
91,2144042,0,GRU,1,5,0.6689207553863525
92,3934133,0,GRU,1,5,0.3219330310821533
93,9342374,0,GRU,1,5,0.049171000719070435
94,4469039,0,GRU,1,5,0.3518155515193939
95,12844,0,GRU,1,5,0.25811365246772766
96,5139816,0,GRU,1,5,0.2428453266620636
97,7871211,0,GRU,1,5,0.3261995017528534
98,8844818,0,GRU,1,5,0.2532516121864319
99,1841057,0,GRU,1,5,0.0639602541923523
100,1923039,0,GRU,1,5,0.3709496855735779
1,5714601,0,GRU + Attention,1,5,0.03646588325500488
2,6499887,0,GRU + Attention,1,5,0.028722457587718964
3,4550493,0,GRU + Attention,1,5,0.047181252390146255
4,11466673,0,GRU + Attention,1,5,0.04837966337800026
5,2479601,0,GRU + Attention,1,5,0.5573241710662842
6,8378544,0,GRU + Attention,1,5,0.4604584276676178
7,9201661,0,GRU + Attention,1,5,0.22310209274291992
8,330739,0,GRU + Attention,1,5,0.06393834948539734
9,901826,0,GRU + Attention,1,5,0.36516085267066956
10,1972573,0,GRU + Attention,1,5,0.2024238407611847
11,7509166,0,GRU + Attention,1,5,0.15357302129268646
12,3752798,0,GRU + Attention,1,5,0.3205792307853699
13,7013909,0,GRU + Attention,1,5,0.2926484942436218
14,563996,0,GRU + Attention,1,5,0.23524703085422516
15,5171809,0,GRU + Attention,1,5,0.02592359110713005
16,3053337,0,GRU + Attention,1,5,0.083931103348732
17,3675893,0,GRU + Attention,1,5,0.37712186574935913
18,724622,0,GRU + Attention,1,5,0.12362214177846909
19,7449726,0,GRU + Attention,1,5,0.03160681948065758
20,5918297,0,GRU + Attention,1,5,0.16433732211589813
21,10779582,0,GRU + Attention,1,5,0.09203550964593887
22,6537621,0,GRU + Attention,1,5,0.6771500110626221
23,5495648,0,GRU + Attention,1,5,0.04123397916555405
24,7391994,0,GRU + Attention,1,5,0.2119109183549881
25,3110284,0,GRU + Attention,1,5,0.750816822052002
26,8677719,0,GRU + Attention,1,5,0.6429535150527954
27,9504487,0,GRU + Attention,1,5,0.15823252499103546
28,6158348,0,GRU + Attention,1,5,0.19485855102539062
29,10690171,0,GRU + Attention,1,5,0.045162513852119446
30,3131218,0,GRU + Attention,1,5,0.5208092331886292
31,2285187,0,GRU + Attention,1,5,0.5351440906524658
32,6452177,1,GRU + Attention,1,5,0.22203759849071503
33,8427549,0,GRU + Attention,1,5,0.011732576414942741
34,6759021,0,GRU + Attention,1,5,0.09483568370342255
35,7880934,0,GRU + Attention,1,5,0.11405253410339355
36,3429043,0,GRU + Attention,1,5,0.39031168818473816
37,2115993,1,GRU + Attention,1,5,0.15538297593593597
38,11019618,0,GRU + Attention,1,5,0.054243218153715134
39,1893158,0,GRU + Attention,1,5,0.07880669087171555
40,10146223,0,GRU + Attention,1,5,0.25175991654396057
41,3441821,0,GRU + Attention,1,5,0.14614041149616241
42,4391589,0,GRU + Attention,1,5,0.09599285572767258
43,6504503,0,GRU + Attention,1,5,0.017791910097002983
44,1462289,0,GRU + Attention,1,5,0.07394343614578247
45,1301122,0,GRU + Attention,1,5,0.29406604170799255
46,3618383,0,GRU + Attention,1,5,0.28968560695648193
47,10378934,0,GRU + Attention,1,5,0.5644690990447998
48,6939186,0,GRU + Attention,1,5,0.40152791142463684
49,6808059,0,GRU + Attention,1,5,0.1629648208618164
50,10313516,0,GRU + Attention,1,5,0.6792857050895691
51,7379114,0,GRU + Attention,1,5,0.2226160764694214
52,8311713,1,GRU + Attention,1,5,0.34398889541625977
53,3243039,0,GRU + Attention,1,5,0.48242542147636414
54,634821,0,GRU + Attention,1,5,0.09017319977283478
55,9241417,0,GRU + Attention,1,5,0.16850200295448303
56,8932838,0,GRU + Attention,1,5,0.14279805123806
57,10420144,0,GRU + Attention,1,5,0.4574991762638092
58,6659608,0,GRU + Attention,1,5,0.14325863122940063
59,2984944,0,GRU + Attention,1,5,0.45348313450813293
60,9719251,0,GRU + Attention,1,5,0.3775978982448578
61,539682,0,GRU + Attention,1,5,0.12100186944007874
62,3490662,0,GRU + Attention,1,5,0.01442719902843237
63,642571,0,GRU + Attention,1,5,0.06657906621694565
64,6085551,0,GRU + Attention,1,5,0.5418450832366943
65,3450089,0,GRU + Attention,1,5,0.29985690116882324
66,2050332,0,GRU + Attention,1,5,0.19460365176200867
67,8097011,0,GRU + Attention,1,5,0.006785353180021048
68,1095309,0,GRU + Attention,1,5,0.44763416051864624
69,5850717,0,GRU + Attention,1,5,0.2026200294494629
70,520239,0,GRU + Attention,1,5,0.505333423614502
71,11537607,0,GRU + Attention,1,5,0.17089685797691345
72,10362211,0,GRU + Attention,1,5,0.3024420440196991
73,1853221,0,GRU + Attention,1,5,0.33561447262763977
74,5743906,0,GRU + Attention,1,5,0.09595321863889694
75,3655672,0,GRU + Attention,1,5,0.019144706428050995
76,8018657,0,GRU + Attention,1,5,0.0536329448223114
77,7965009,0,GRU + Attention,1,5,0.039907265454530716
78,10876281,0,GRU + Attention,1,5,0.011506110429763794
79,218606,0,GRU + Attention,1,5,0.41291138529777527
80,4573881,0,GRU + Attention,1,5,0.06950418651103973
81,1153294,0,GRU + Attention,1,5,0.51931232213974
82,2433847,0,GRU + Attention,1,5,0.4090231955051422
83,5498504,0,GRU + Attention,1,5,0.164012148976326
84,4353957,1,GRU + Attention,1,5,0.25670695304870605
85,810662,0,GRU + Attention,1,5,0.06912441551685333
86,5288319,0,GRU + Attention,1,5,0.06043422967195511
87,7022768,0,GRU + Attention,1,5,0.40021997690200806
88,5169273,0,GRU + Attention,1,5,0.1426401138305664
89,2660248,0,GRU + Attention,1,5,0.504887580871582
90,4934523,1,GRU + Attention,1,5,0.5289121866226196
91,2144042,0,GRU + Attention,1,5,0.7972104549407959
92,3934133,0,GRU + Attention,1,5,0.2231936901807785
93,9342374,0,GRU + Attention,1,5,0.006345911417156458
94,4469039,0,GRU + Attention,1,5,0.3191084861755371
95,12844,0,GRU + Attention,1,5,0.17228880524635315
96,5139816,0,GRU + Attention,1,5,0.18512772023677826
97,7871211,0,GRU + Attention,1,5,0.17201364040374756
98,8844818,0,GRU + Attention,1,5,0.08050867915153503
99,1841057,0,GRU + Attention,1,5,0.02817404456436634
100,1923039,0,GRU + Attention,1,5,0.3885776996612549
1,5714601,0,XGBoost,1,5,0.17585110664367676
2,6499887,0,XGBoost,1,5,0.1055673360824585
3,4550493,0,XGBoost,1,5,0.2172943353652954
4,11466673,0,XGBoost,1,5,0.12863530218601227
5,2479601,0,XGBoost,1,5,0.2956175208091736
6,8378544,0,XGBoost,1,5,0.12910932302474976
7,9201661,0,XGBoost,1,5,0.16571931540966034
8,330739,0,XGBoost,1,5,0.2909807860851288
9,901826,0,XGBoost,1,5,0.2252141237258911
10,1972573,0,XGBoost,1,5,0.24682743847370148
11,7509166,0,XGBoost,1,5,0.12972921133041382
12,3752798,0,XGBoost,1,5,0.3203872740268707
13,7013909,0,XGBoost,1,5,0.1539682149887085
14,563996,0,XGBoost,1,5,0.053786538541316986
15,5171809,0,XGBoost,1,5,0.21463528275489807
16,3053337,0,XGBoost,1,5,0.15655511617660522
17,3675893,0,XGBoost,1,5,0.2573675811290741
18,724622,0,XGBoost,1,5,0.20680081844329834
19,7449726,0,XGBoost,1,5,0.21083380281925201
20,5918297,0,XGBoost,1,5,0.17665782570838928
21,10779582,0,XGBoost,1,5,0.16232426464557648
22,6537621,0,XGBoost,1,5,0.2675198018550873
23,5495648,0,XGBoost,1,5,0.22738003730773926
24,7391994,0,XGBoost,1,5,0.13301190733909607
25,3110284,0,XGBoost,1,5,0.6881263256072998
26,8677719,0,XGBoost,1,5,0.11771770566701889
27,9504487,0,XGBoost,1,5,0.17444215714931488
28,6158348,0,XGBoost,1,5,0.10218606889247894
29,10690171,0,XGBoost,1,5,0.2455207109451294
30,3131218,0,XGBoost,1,5,0.16771970689296722
31,2285187,0,XGBoost,1,5,0.22065944969654083
32,6452177,1,XGBoost,1,5,0.2399134337902069
33,8427549,0,XGBoost,1,5,0.16771970689296722
34,6759021,0,XGBoost,1,5,0.10544963926076889
35,7880934,0,XGBoost,1,5,0.20649872720241547
36,3429043,0,XGBoost,1,5,0.22055207192897797
37,2115993,1,XGBoost,1,5,0.26423972845077515
38,11019618,0,XGBoost,1,5,0.18513673543930054
39,1893158,0,XGBoost,1,5,0.22827555239200592
40,10146223,0,XGBoost,1,5,0.12794369459152222
41,3441821,0,XGBoost,1,5,0.35455596446990967
42,4391589,0,XGBoost,1,5,0.30689725279808044
43,6504503,0,XGBoost,1,5,0.09488774836063385
44,1462289,0,XGBoost,1,5,0.3048743009567261
45,1301122,0,XGBoost,1,5,0.15735387802124023
46,3618383,0,XGBoost,1,5,0.16823168098926544
47,10378934,0,XGBoost,1,5,0.16307660937309265
48,6939186,0,XGBoost,1,5,0.11771770566701889
49,6808059,0,XGBoost,1,5,0.1170496791601181
50,10313516,0,XGBoost,1,5,0.3994901776313782
51,7379114,0,XGBoost,1,5,0.25180310010910034
52,8311713,1,XGBoost,1,5,0.180783212184906
53,3243039,0,XGBoost,1,5,0.25015679001808167
54,634821,0,XGBoost,1,5,0.2290673851966858
55,9241417,0,XGBoost,1,5,0.10804428160190582
56,8932838,0,XGBoost,1,5,0.380196750164032
57,10420144,0,XGBoost,1,5,0.35261788964271545
58,6659608,0,XGBoost,1,5,0.20649872720241547
59,2984944,0,XGBoost,1,5,0.17838414013385773
60,9719251,0,XGBoost,1,5,0.12089526653289795
61,539682,0,XGBoost,1,5,0.0923110842704773
62,3490662,0,XGBoost,1,5,0.1969437301158905
63,642571,0,XGBoost,1,5,0.20259934663772583
64,6085551,0,XGBoost,1,5,0.36558347940444946
65,3450089,0,XGBoost,1,5,0.12186770886182785
66,2050332,0,XGBoost,1,5,0.289704829454422
67,8097011,0,XGBoost,1,5,0.1030537337064743
68,1095309,0,XGBoost,1,5,0.2583596706390381
69,5850717,0,XGBoost,1,5,0.19855017960071564
70,520239,0,XGBoost,1,5,0.24248769879341125
71,11537607,0,XGBoost,1,5,0.17364344000816345
72,10362211,0,XGBoost,1,5,0.13553687930107117
73,1853221,0,XGBoost,1,5,0.2723294198513031
74,5743906,0,XGBoost,1,5,0.23774804174900055
75,3655672,0,XGBoost,1,5,0.14132988452911377
76,8018657,0,XGBoost,1,5,0.18581220507621765
77,7965009,0,XGBoost,1,5,0.08078313618898392
78,10876281,0,XGBoost,1,5,0.1957627534866333
79,218606,0,XGBoost,1,5,0.16824379563331604
80,4573881,0,XGBoost,1,5,0.2662059962749481
81,1153294,0,XGBoost,1,5,0.15393340587615967
82,2433847,0,XGBoost,1,5,0.2755645215511322
83,5498504,0,XGBoost,1,5,0.22330793738365173
84,4353957,1,XGBoost,1,5,0.2312013953924179
85,810662,0,XGBoost,1,5,0.24811846017837524
86,5288319,0,XGBoost,1,5,0.16823168098926544
87,7022768,0,XGBoost,1,5,0.25180310010910034
88,5169273,0,XGBoost,1,5,0.16963571310043335
89,2660248,0,XGBoost,1,5,0.3254067301750183
90,4934523,1,XGBoost,1,5,0.26925793290138245
91,2144042,0,XGBoost,1,5,0.3482983410358429
92,3934133,0,XGBoost,1,5,0.1852630376815796
93,9342374,0,XGBoost,1,5,0.051346659660339355
94,4469039,0,XGBoost,1,5,0.28106826543807983
95,12844,0,XGBoost,1,5,0.16823168098926544
96,5139816,0,XGBoost,1,5,0.18792566657066345
97,7871211,0,XGBoost,1,5,0.16847509145736694
98,8844818,0,XGBoost,1,5,0.28765493631362915
99,1841057,0,XGBoost,1,5,0.16771970689296722
100,1923039,0,XGBoost,1,5,0.2099677473306656
1,5714601,0,LightGBM,1,5,0.19115847985761616
2,6499887,0,LightGBM,1,5,0.11629426054788648
3,4550493,0,LightGBM,1,5,0.19697211516316843
4,11466673,0,LightGBM,1,5,0.1235117953193913
5,2479601,0,LightGBM,1,5,0.2661301076441013
6,8378544,0,LightGBM,1,5,0.18875448728751149
7,9201661,0,LightGBM,1,5,0.18972318161083374
8,330739,0,LightGBM,1,5,0.29048338400436946
9,901826,0,LightGBM,1,5,0.24265181653720103
10,1972573,0,LightGBM,1,5,0.24066313344460422
11,7509166,0,LightGBM,1,5,0.15974833764330074
12,3752798,0,LightGBM,1,5,0.28057592094349787
13,7013909,0,LightGBM,1,5,0.13087885367901828
14,563996,0,LightGBM,1,5,0.05630760711469738
15,5171809,0,LightGBM,1,5,0.1841715623412984
16,3053337,0,LightGBM,1,5,0.15275474035443046
17,3675893,0,LightGBM,1,5,0.2311139287576429
18,724622,0,LightGBM,1,5,0.21387987348114673
19,7449726,0,LightGBM,1,5,0.2534494568093081
20,5918297,0,LightGBM,1,5,0.19887484947808137
21,10779582,0,LightGBM,1,5,0.2182893545330027
22,6537621,0,LightGBM,1,5,0.1950661631116867
23,5495648,0,LightGBM,1,5,0.23879058700178643
24,7391994,0,LightGBM,1,5,0.16827812208392245
25,3110284,0,LightGBM,1,5,0.6709505893651108
26,8677719,0,LightGBM,1,5,0.125427291981153
27,9504487,0,LightGBM,1,5,0.1950661631116867
28,6158348,0,LightGBM,1,5,0.149495345168586
29,10690171,0,LightGBM,1,5,0.27502237380927563
30,3131218,0,LightGBM,1,5,0.21957454196569143
31,2285187,0,LightGBM,1,5,0.22294047797714536
32,6452177,1,LightGBM,1,5,0.23823890021113803
33,8427549,0,LightGBM,1,5,0.2169916578643411
34,6759021,0,LightGBM,1,5,0.10356613800706148
35,7880934,0,LightGBM,1,5,0.2321170546704622
36,3429043,0,LightGBM,1,5,0.2812005861137657
37,2115993,1,LightGBM,1,5,0.2917191580359609
38,11019618,0,LightGBM,1,5,0.2321170546704622
39,1893158,0,LightGBM,1,5,0.21112147513281962
40,10146223,0,LightGBM,1,5,0.1520513357822713
41,3441821,0,LightGBM,1,5,0.27502237380927563
42,4391589,0,LightGBM,1,5,0.24784340627586257
43,6504503,0,LightGBM,1,5,0.07744720189545691
44,1462289,0,LightGBM,1,5,0.26990900768551374
45,1301122,0,LightGBM,1,5,0.20050885562880322
46,3618383,0,LightGBM,1,5,0.19508583662631135
47,10378934,0,LightGBM,1,5,0.19521637817323048
48,6939186,0,LightGBM,1,5,0.125427291981153
49,6808059,0,LightGBM,1,5,0.10071653796018909
50,10313516,0,LightGBM,1,5,0.37297247535443884
51,7379114,0,LightGBM,1,5,0.2836102638081689
52,8311713,1,LightGBM,1,5,0.21957454196569143
53,3243039,0,LightGBM,1,5,0.19846230003554594
54,634821,0,LightGBM,1,5,0.2734804646995798
55,9241417,0,LightGBM,1,5,0.12560953067348138
56,8932838,0,LightGBM,1,5,0.3317118011702294
57,10420144,0,LightGBM,1,5,0.29691987600056835
58,6659608,0,LightGBM,1,5,0.2321170546704622
59,2984944,0,LightGBM,1,5,0.19508583662631135
60,9719251,0,LightGBM,1,5,0.20745054614261085
61,539682,0,LightGBM,1,5,0.1311220660238154
62,3490662,0,LightGBM,1,5,0.19216958324374694
63,642571,0,LightGBM,1,5,0.23243858102946116
64,6085551,0,LightGBM,1,5,0.31533466832718704
65,3450089,0,LightGBM,1,5,0.149495345168586
66,2050332,0,LightGBM,1,5,0.3062909143934417
67,8097011,0,LightGBM,1,5,0.11629426054788648
68,1095309,0,LightGBM,1,5,0.2917191580359609
69,5850717,0,LightGBM,1,5,0.2185935993044182
70,520239,0,LightGBM,1,5,0.22202587982626162
71,11537607,0,LightGBM,1,5,0.2008634013645195
72,10362211,0,LightGBM,1,5,0.1552489742121504
73,1853221,0,LightGBM,1,5,0.27029428749140083
74,5743906,0,LightGBM,1,5,0.20450546658388516
75,3655672,0,LightGBM,1,5,0.14942711027060313
76,8018657,0,LightGBM,1,5,0.1887433124852138
77,7965009,0,LightGBM,1,5,0.10097653624724534
78,10876281,0,LightGBM,1,5,0.23027427441731316
79,218606,0,LightGBM,1,5,0.21238983875739664
80,4573881,0,LightGBM,1,5,0.2535627033575507
81,1153294,0,LightGBM,1,5,0.2311139287576429
82,2433847,0,LightGBM,1,5,0.375653487416684
83,5498504,0,LightGBM,1,5,0.22550762331937652
84,4353957,1,LightGBM,1,5,0.20526746989634073
85,810662,0,LightGBM,1,5,0.29384430863586647
86,5288319,0,LightGBM,1,5,0.19508583662631135
87,7022768,0,LightGBM,1,5,0.2761545898932597
88,5169273,0,LightGBM,1,5,0.1763134660898513
89,2660248,0,LightGBM,1,5,0.2963862065402335
90,4934523,1,LightGBM,1,5,0.2734804646995798
91,2144042,0,LightGBM,1,5,0.34122212059218043
92,3934133,0,LightGBM,1,5,0.2247606445405376
93,9342374,0,LightGBM,1,5,0.050005288058867635
94,4469039,0,LightGBM,1,5,0.24066313344460422
95,12844,0,LightGBM,1,5,0.19508583662631135
96,5139816,0,LightGBM,1,5,0.19115847985761616
97,7871211,0,LightGBM,1,5,0.21689679952974983
98,8844818,0,LightGBM,1,5,0.23879804924007816
99,1841057,0,LightGBM,1,5,0.21957454196569143
100,1923039,0,LightGBM,1,5,0.20803037131150154
1,5714601,0,LSTM,2,10,0.011028029955923557
2,6499887,0,LSTM,2,10,0.3500479459762573
3,4550493,0,LSTM,2,10,0.3530068099498749
4,11466673,0,LSTM,2,10,0.02058509923517704
5,2479601,0,LSTM,2,10,0.6374311447143555
6,8378544,0,LSTM,2,10,0.6620229482650757
7,9201661,0,LSTM,2,10,0.03750910982489586
8,330739,0,LSTM,2,10,0.025305375456809998
9,901826,0,LSTM,2,10,0.17561963200569153
10,1972573,0,LSTM,2,10,0.6342996954917908
11,7509166,0,LSTM,2,10,0.18927879631519318
12,3752798,0,LSTM,2,10,0.11447857320308685
13,7013909,0,LSTM,2,10,0.521568775177002
14,563996,0,LSTM,2,10,0.28883516788482666
15,5171809,0,LSTM,2,10,0.02830030396580696
16,3053337,0,LSTM,2,10,0.006409837398678064
17,3675893,0,LSTM,2,10,0.24068428575992584
18,724622,0,LSTM,2,10,0.025681518018245697
19,7449726,0,LSTM,2,10,0.06800811737775803
20,5918297,0,LSTM,2,10,0.01571781374514103
21,10779582,0,LSTM,2,10,0.007914034649729729
22,6537621,0,LSTM,2,10,0.2271757423877716
23,5495648,0,LSTM,2,10,0.008005473762750626
24,7391994,0,LSTM,2,10,0.28809961676597595
25,3110284,0,LSTM,2,10,0.5405301451683044
26,8677719,0,LSTM,2,10,0.10530536621809006
27,9504487,0,LSTM,2,10,0.06412068754434586
28,6158348,0,LSTM,2,10,0.1724337339401245
29,10690171,0,LSTM,2,10,0.10024786740541458
30,3131218,0,LSTM,2,10,0.7969353199005127
31,2285187,0,LSTM,2,10,0.6791883707046509
32,6452177,1,LSTM,2,10,0.5501525402069092
33,8427549,0,LSTM,2,10,0.01895487867295742
34,6759021,0,LSTM,2,10,0.08070220798254013
35,7880934,0,LSTM,2,10,0.2023974508047104
36,3429043,0,LSTM,2,10,0.2175060510635376
37,2115993,1,LSTM,2,10,0.46707579493522644
38,11019618,0,LSTM,2,10,0.05815865099430084
39,1893158,0,LSTM,2,10,0.10367286950349808
40,10146223,0,LSTM,2,10,0.29566410183906555
41,3441821,0,LSTM,2,10,0.11213774234056473
42,4391589,0,LSTM,2,10,0.02096545696258545
43,6504503,0,LSTM,2,10,0.00912417471408844
44,1462289,0,LSTM,2,10,0.13075919449329376
45,1301122,0,LSTM,2,10,0.04880613833665848
46,3618383,0,LSTM,2,10,0.5595064163208008
47,10378934,0,LSTM,2,10,0.6844996213912964
48,6939186,0,LSTM,2,10,0.43462827801704407
49,6808059,0,LSTM,2,10,0.10448160022497177
50,10313516,0,LSTM,2,10,0.8348309397697449
51,7379114,0,LSTM,2,10,0.3463798463344574
52,8311713,1,LSTM,2,10,0.26959124207496643
53,3243039,0,LSTM,2,10,0.19342578947544098
54,634821,0,LSTM,2,10,0.05821928381919861
55,9241417,0,LSTM,2,10,0.17385032773017883
56,8932838,0,LSTM,2,10,0.6008442640304565
57,10420144,0,LSTM,2,10,0.49150148034095764
58,6659608,0,LSTM,2,10,0.08704299479722977
59,2984944,0,LSTM,2,10,0.5295361876487732
60,9719251,0,LSTM,2,10,0.44506484270095825
61,539682,0,LSTM,2,10,0.13393272459506989
62,3490662,0,LSTM,2,10,0.010292060673236847
63,642571,0,LSTM,2,10,0.0595012791454792
64,6085551,0,LSTM,2,10,0.06646593660116196
65,3450089,0,LSTM,2,10,0.28788965940475464
66,2050332,0,LSTM,2,10,0.10886867344379425
67,8097011,0,LSTM,2,10,0.013830387033522129
68,1095309,0,LSTM,2,10,0.7150245904922485
69,5850717,0,LSTM,2,10,0.08629495650529861
70,520239,0,LSTM,2,10,0.735737144947052
71,11537607,0,LSTM,2,10,0.19411087036132812
72,10362211,0,LSTM,2,10,0.49430984258651733
73,1853221,0,LSTM,2,10,0.4539114534854889
74,5743906,0,LSTM,2,10,0.13250558078289032
75,3655672,0,LSTM,2,10,0.20392650365829468
76,8018657,0,LSTM,2,10,0.04002164676785469
77,7965009,0,LSTM,2,10,0.07883325219154358
78,10876281,0,LSTM,2,10,0.011722528375685215
79,218606,0,LSTM,2,10,0.2537999749183655
80,4573881,0,LSTM,2,10,0.0968647450208664
81,1153294,0,LSTM,2,10,0.5729326605796814
82,2433847,0,LSTM,2,10,0.6585960388183594
83,5498504,0,LSTM,2,10,0.13700154423713684
84,4353957,1,LSTM,2,10,0.13731814920902252
85,810662,0,LSTM,2,10,0.009272124618291855
86,5288319,0,LSTM,2,10,0.08693596720695496
87,7022768,0,LSTM,2,10,0.592370331287384
88,5169273,0,LSTM,2,10,0.1612509936094284
89,2660248,0,LSTM,2,10,0.13982190191745758
90,4934523,1,LSTM,2,10,0.6329654455184937
91,2144042,0,LSTM,2,10,0.6229214668273926
92,3934133,0,LSTM,2,10,0.56464684009552
93,9342374,0,LSTM,2,10,0.012972570955753326
94,4469039,0,LSTM,2,10,0.4504960775375366
95,12844,0,LSTM,2,10,0.18661455810070038
96,5139816,0,LSTM,2,10,0.6934629678726196
97,7871211,0,LSTM,2,10,0.14924673736095428
98,8844818,0,LSTM,2,10,0.02302589640021324
99,1841057,0,LSTM,2,10,0.015984827652573586
100,1923039,0,LSTM,2,10,0.3982052206993103
1,5714601,0,GRU,2,10,0.045897241681814194
2,6499887,0,GRU,2,10,0.3940369784832001
3,4550493,0,GRU,2,10,0.3198481500148773
4,11466673,0,GRU,2,10,0.06199658662080765
5,2479601,0,GRU,2,10,0.5156197547912598
6,8378544,0,GRU,2,10,0.6080329418182373
7,9201661,0,GRU,2,10,0.1154458075761795
8,330739,0,GRU,2,10,0.0612575002014637
9,901826,0,GRU,2,10,0.22201170027256012
10,1972573,0,GRU,2,10,0.442160427570343
11,7509166,0,GRU,2,10,0.22602319717407227
12,3752798,0,GRU,2,10,0.14066828787326813
13,7013909,0,GRU,2,10,0.49641960859298706
14,563996,0,GRU,2,10,0.34938547015190125
15,5171809,0,GRU,2,10,0.0681556910276413
16,3053337,0,GRU,2,10,0.0247369185090065
17,3675893,0,GRU,2,10,0.2983759343624115
18,724622,0,GRU,2,10,0.05532084032893181
19,7449726,0,GRU,2,10,0.12159034609794617
20,5918297,0,GRU,2,10,0.030860019847750664
21,10779582,0,GRU,2,10,0.050310540944337845
22,6537621,0,GRU,2,10,0.28455379605293274
23,5495648,0,GRU,2,10,0.022028056904673576
24,7391994,0,GRU,2,10,0.2896462380886078
25,3110284,0,GRU,2,10,0.46277034282684326
26,8677719,0,GRU,2,10,0.19313646852970123
27,9504487,0,GRU,2,10,0.09903629124164581
28,6158348,0,GRU,2,10,0.17188678681850433
29,10690171,0,GRU,2,10,0.15600411593914032
30,3131218,0,GRU,2,10,0.6578792333602905
31,2285187,0,GRU,2,10,0.5722806453704834
32,6452177,1,GRU,2,10,0.45497292280197144
33,8427549,0,GRU,2,10,0.07969994843006134
34,6759021,0,GRU,2,10,0.19370777904987335
35,7880934,0,GRU,2,10,0.20421206951141357
36,3429043,0,GRU,2,10,0.36714228987693787
37,2115993,1,GRU,2,10,0.40567007660865784
38,11019618,0,GRU,2,10,0.05764942616224289
39,1893158,0,GRU,2,10,0.1192382276058197
40,10146223,0,GRU,2,10,0.3341355323791504
41,3441821,0,GRU,2,10,0.17751337587833405
42,4391589,0,GRU,2,10,0.09771907329559326
43,6504503,0,GRU,2,10,0.02772744745016098
44,1462289,0,GRU,2,10,0.24094873666763306
45,1301122,0,GRU,2,10,0.07042457163333893
46,3618383,0,GRU,2,10,0.4846961200237274
47,10378934,0,GRU,2,10,0.588556170463562
48,6939186,0,GRU,2,10,0.5421016216278076
49,6808059,0,GRU,2,10,0.19975025951862335
50,10313516,0,GRU,2,10,0.8059577941894531
51,7379114,0,GRU,2,10,0.41641685366630554
52,8311713,1,GRU,2,10,0.37209799885749817
53,3243039,0,GRU,2,10,0.20893901586532593
54,634821,0,GRU,2,10,0.09802424162626266
55,9241417,0,GRU,2,10,0.21828901767730713
56,8932838,0,GRU,2,10,0.5901625752449036
57,10420144,0,GRU,2,10,0.4519428014755249
58,6659608,0,GRU,2,10,0.12881863117218018
59,2984944,0,GRU,2,10,0.5293005108833313
60,9719251,0,GRU,2,10,0.3703576922416687
61,539682,0,GRU,2,10,0.20370370149612427
62,3490662,0,GRU,2,10,0.031008968129754066
63,642571,0,GRU,2,10,0.08579769730567932
64,6085551,0,GRU,2,10,0.15677253901958466
65,3450089,0,GRU,2,10,0.2382378876209259
66,2050332,0,GRU,2,10,0.15397164225578308
67,8097011,0,GRU,2,10,0.05652977153658867
68,1095309,0,GRU,2,10,0.5727602243423462
69,5850717,0,GRU,2,10,0.16961397230625153
70,520239,0,GRU,2,10,0.669390857219696
71,11537607,0,GRU,2,10,0.19777871668338776
72,10362211,0,GRU,2,10,0.4665687680244446
73,1853221,0,GRU,2,10,0.47194722294807434
74,5743906,0,GRU,2,10,0.33837446570396423
75,3655672,0,GRU,2,10,0.2495119869709015
76,8018657,0,GRU,2,10,0.09011615812778473
77,7965009,0,GRU,2,10,0.12175512313842773
78,10876281,0,GRU,2,10,0.05553693324327469
79,218606,0,GRU,2,10,0.1892695128917694
80,4573881,0,GRU,2,10,0.08929213136434555
81,1153294,0,GRU,2,10,0.4441881775856018
82,2433847,0,GRU,2,10,0.6108263731002808
83,5498504,0,GRU,2,10,0.16797107458114624
84,4353957,1,GRU,2,10,0.23925751447677612
85,810662,0,GRU,2,10,0.09170296788215637
86,5288319,0,GRU,2,10,0.13138146698474884
87,7022768,0,GRU,2,10,0.5501134395599365
88,5169273,0,GRU,2,10,0.20262734591960907
89,2660248,0,GRU,2,10,0.16818660497665405
90,4934523,1,GRU,2,10,0.6164714097976685
91,2144042,0,GRU,2,10,0.5052782297134399
92,3934133,0,GRU,2,10,0.45887523889541626
93,9342374,0,GRU,2,10,0.03806408867239952
94,4469039,0,GRU,2,10,0.38798102736473083
95,12844,0,GRU,2,10,0.28252190351486206
96,5139816,0,GRU,2,10,0.5891741514205933
97,7871211,0,GRU,2,10,0.35529768466949463
98,8844818,0,GRU,2,10,0.056034766137599945
99,1841057,0,GRU,2,10,0.05848520249128342
100,1923039,0,GRU,2,10,0.600506067276001
1,5714601,0,GRU + Attention,2,10,0.031786661595106125
2,6499887,0,GRU + Attention,2,10,0.2897107005119324
3,4550493,0,GRU + Attention,2,10,0.14523302018642426
4,11466673,0,GRU + Attention,2,10,0.044671278446912766
5,2479601,0,GRU + Attention,2,10,0.5886399745941162
6,8378544,0,GRU + Attention,2,10,0.5424874424934387
7,9201661,0,GRU + Attention,2,10,0.14146237075328827
8,330739,0,GRU + Attention,2,10,0.043963722884655
9,901826,0,GRU + Attention,2,10,0.3840462863445282
10,1972573,0,GRU + Attention,2,10,0.43281665444374084
11,7509166,0,GRU + Attention,2,10,0.15357302129268646
12,3752798,0,GRU + Attention,2,10,0.10692659765481949
13,7013909,0,GRU + Attention,2,10,0.4426814317703247
14,563996,0,GRU + Attention,2,10,0.23524703085422516
15,5171809,0,GRU + Attention,2,10,0.02592359110713005
16,3053337,0,GRU + Attention,2,10,0.017977112904191017
17,3675893,0,GRU + Attention,2,10,0.27796971797943115
18,724622,0,GRU + Attention,2,10,0.05913478881120682
19,7449726,0,GRU + Attention,2,10,0.07420603185892105
20,5918297,0,GRU + Attention,2,10,0.022099705412983894
21,10779582,0,GRU + Attention,2,10,0.053169384598731995
22,6537621,0,GRU + Attention,2,10,0.44332975149154663
23,5495648,0,GRU + Attention,2,10,0.05045077204704285
24,7391994,0,GRU + Attention,2,10,0.2473812848329544
25,3110284,0,GRU + Attention,2,10,0.5037753582000732
26,8677719,0,GRU + Attention,2,10,0.30430060625076294
27,9504487,0,GRU + Attention,2,10,0.15823252499103546
28,6158348,0,GRU + Attention,2,10,0.15501199662685394
29,10690171,0,GRU + Attention,2,10,0.1390933245420456
30,3131218,0,GRU + Attention,2,10,0.7434216737747192
31,2285187,0,GRU + Attention,2,10,0.6134014129638672
32,6452177,1,GRU + Attention,2,10,0.46997344493865967
33,8427549,0,GRU + Attention,2,10,0.026876229792833328
34,6759021,0,GRU + Attention,2,10,0.06944780051708221
35,7880934,0,GRU + Attention,2,10,0.2679242193698883
36,3429043,0,GRU + Attention,2,10,0.40494412183761597
37,2115993,1,GRU + Attention,2,10,0.3040444552898407
38,11019618,0,GRU + Attention,2,10,0.09243154525756836
39,1893158,0,GRU + Attention,2,10,0.11029793322086334
40,10146223,0,GRU + Attention,2,10,0.32368120551109314
41,3441821,0,GRU + Attention,2,10,0.16411437094211578
42,4391589,0,GRU + Attention,2,10,0.07175213098526001
43,6504503,0,GRU + Attention,2,10,0.029736271128058434
44,1462289,0,GRU + Attention,2,10,0.07394343614578247
45,1301122,0,GRU + Attention,2,10,0.09655679017305374
46,3618383,0,GRU + Attention,2,10,0.5894755125045776
47,10378934,0,GRU + Attention,2,10,0.5625726580619812
48,6939186,0,GRU + Attention,2,10,0.46947115659713745
49,6808059,0,GRU + Attention,2,10,0.19185224175453186
50,10313516,0,GRU + Attention,2,10,0.778678297996521
51,7379114,0,GRU + Attention,2,10,0.4188493490219116
52,8311713,1,GRU + Attention,2,10,0.34398889541625977
53,3243039,0,GRU + Attention,2,10,0.24530209600925446
54,634821,0,GRU + Attention,2,10,0.1367073357105255
55,9241417,0,GRU + Attention,2,10,0.16850200295448303
56,8932838,0,GRU + Attention,2,10,0.47241881489753723
57,10420144,0,GRU + Attention,2,10,0.4574991762638092
58,6659608,0,GRU + Attention,2,10,0.151195228099823
59,2984944,0,GRU + Attention,2,10,0.5483057498931885
60,9719251,0,GRU + Attention,2,10,0.3642723262310028
61,539682,0,GRU + Attention,2,10,0.15479981899261475
62,3490662,0,GRU + Attention,2,10,0.018113678321242332
63,642571,0,GRU + Attention,2,10,0.0784556195139885
64,6085551,0,GRU + Attention,2,10,0.19102931022644043
65,3450089,0,GRU + Attention,2,10,0.2795129716396332
66,2050332,0,GRU + Attention,2,10,0.2544005811214447
67,8097011,0,GRU + Attention,2,10,0.026298604905605316
68,1095309,0,GRU + Attention,2,10,0.532726526260376
69,5850717,0,GRU + Attention,2,10,0.22222161293029785
70,520239,0,GRU + Attention,2,10,0.6077170372009277
71,11537607,0,GRU + Attention,2,10,0.3054879307746887
72,10362211,0,GRU + Attention,2,10,0.49427253007888794
73,1853221,0,GRU + Attention,2,10,0.4710800051689148
74,5743906,0,GRU + Attention,2,10,0.17074455320835114
75,3655672,0,GRU + Attention,2,10,0.10644792765378952
76,8018657,0,GRU + Attention,2,10,0.0536329448223114
77,7965009,0,GRU + Attention,2,10,0.039907265454530716
78,10876281,0,GRU + Attention,2,10,0.020739534869790077
79,218606,0,GRU + Attention,2,10,0.3507232666015625
80,4573881,0,GRU + Attention,2,10,0.060949455946683884
81,1153294,0,GRU + Attention,2,10,0.4532460868358612
82,2433847,0,GRU + Attention,2,10,0.5928432941436768
83,5498504,0,GRU + Attention,2,10,0.16470429301261902
84,4353957,1,GRU + Attention,2,10,0.20807744562625885
85,810662,0,GRU + Attention,2,10,0.0659417137503624
86,5288319,0,GRU + Attention,2,10,0.12126506865024567
87,7022768,0,GRU + Attention,2,10,0.5043150186538696
88,5169273,0,GRU + Attention,2,10,0.1426401138305664
89,2660248,0,GRU + Attention,2,10,0.2249070107936859
90,4934523,1,GRU + Attention,2,10,0.6386928558349609
91,2144042,0,GRU + Attention,2,10,0.5837067365646362
92,3934133,0,GRU + Attention,2,10,0.4388374984264374
93,9342374,0,GRU + Attention,2,10,0.013502460904419422
94,4469039,0,GRU + Attention,2,10,0.38290712237358093
95,12844,0,GRU + Attention,2,10,0.22795087099075317
96,5139816,0,GRU + Attention,2,10,0.5745182037353516
97,7871211,0,GRU + Attention,2,10,0.32867977023124695
98,8844818,0,GRU + Attention,2,10,0.04704354330897331
99,1841057,0,GRU + Attention,2,10,0.053150590509176254
100,1923039,0,GRU + Attention,2,10,0.5360191464424133
1,5714601,0,XGBoost,2,10,0.4279268980026245
2,6499887,0,XGBoost,2,10,0.17639249563217163
3,4550493,0,XGBoost,2,10,0.2556098997592926
4,11466673,0,XGBoost,2,10,0.303475946187973
5,2479601,0,XGBoost,2,10,0.24455544352531433
6,8378544,0,XGBoost,2,10,0.3942378759384155
7,9201661,0,XGBoost,2,10,0.1742163747549057
8,330739,0,XGBoost,2,10,0.19995622336864471
9,901826,0,XGBoost,2,10,0.2536112368106842
10,1972573,0,XGBoost,2,10,0.3179788291454315
11,7509166,0,XGBoost,2,10,0.12972921133041382
12,3752798,0,XGBoost,2,10,0.2390517294406891
13,7013909,0,XGBoost,2,10,0.21707502007484436
14,563996,0,XGBoost,2,10,0.053786538541316986
15,5171809,0,XGBoost,2,10,0.21463528275489807
16,3053337,0,XGBoost,2,10,0.14694298803806305
17,3675893,0,XGBoost,2,10,0.2087317407131195
18,724622,0,XGBoost,2,10,0.21702797710895538
19,7449726,0,XGBoost,2,10,0.35620149970054626
20,5918297,0,XGBoost,2,10,0.28991129994392395
21,10779582,0,XGBoost,2,10,0.17885178327560425
22,6537621,0,XGBoost,2,10,0.34208211302757263
23,5495648,0,XGBoost,2,10,0.19335174560546875
24,7391994,0,XGBoost,2,10,0.13466574251651764
25,3110284,0,XGBoost,2,10,0.06947813183069229
26,8677719,0,XGBoost,2,10,0.10776559263467789
27,9504487,0,XGBoost,2,10,0.17444215714931488
28,6158348,0,XGBoost,2,10,0.09822247177362442
29,10690171,0,XGBoost,2,10,0.20198312401771545
30,3131218,0,XGBoost,2,10,0.19581452012062073
31,2285187,0,XGBoost,2,10,0.5143174529075623
32,6452177,1,XGBoost,2,10,0.27266791462898254
33,8427549,0,XGBoost,2,10,0.15695072710514069
34,6759021,0,XGBoost,2,10,0.253925621509552
35,7880934,0,XGBoost,2,10,0.2633146345615387
36,3429043,0,XGBoost,2,10,0.2578202784061432
37,2115993,1,XGBoost,2,10,0.5974657535552979
38,11019618,0,XGBoost,2,10,0.2314259111881256
39,1893158,0,XGBoost,2,10,0.24877531826496124
40,10146223,0,XGBoost,2,10,0.22877714037895203
41,3441821,0,XGBoost,2,10,0.2373708188533783
42,4391589,0,XGBoost,2,10,0.1767314076423645
43,6504503,0,XGBoost,2,10,0.14818882942199707
44,1462289,0,XGBoost,2,10,0.3048743009567261
45,1301122,0,XGBoost,2,10,0.25223973393440247
46,3618383,0,XGBoost,2,10,0.4089774787425995
47,10378934,0,XGBoost,2,10,0.36281538009643555
48,6939186,0,XGBoost,2,10,0.21220745146274567
49,6808059,0,XGBoost,2,10,0.31204694509506226
50,10313516,0,XGBoost,2,10,0.5741955041885376
51,7379114,0,XGBoost,2,10,0.27200624346733093
52,8311713,1,XGBoost,2,10,0.180783212184906
53,3243039,0,XGBoost,2,10,0.14462599158287048
54,634821,0,XGBoost,2,10,0.20489703118801117
55,9241417,0,XGBoost,2,10,0.10804428160190582
56,8932838,0,XGBoost,2,10,0.35896703600883484
57,10420144,0,XGBoost,2,10,0.35261788964271545
58,6659608,0,XGBoost,2,10,0.03467736393213272
59,2984944,0,XGBoost,2,10,0.2612522840499878
60,9719251,0,XGBoost,2,10,0.20896247029304504
61,539682,0,XGBoost,2,10,0.1097053587436676
62,3490662,0,XGBoost,2,10,0.4818361699581146
63,642571,0,XGBoost,2,10,0.30078965425491333
64,6085551,0,XGBoost,2,10,0.29112666845321655
65,3450089,0,XGBoost,2,10,0.1951894611120224
66,2050332,0,XGBoost,2,10,0.2760881185531616
67,8097011,0,XGBoost,2,10,0.18767717480659485
68,1095309,0,XGBoost,2,10,0.5853719115257263
69,5850717,0,XGBoost,2,10,0.23260639607906342
70,520239,0,XGBoost,2,10,0.2223118543624878
71,11537607,0,XGBoost,2,10,0.3664425313472748
72,10362211,0,XGBoost,2,10,0.17203426361083984
73,1853221,0,XGBoost,2,10,0.24216334521770477
74,5743906,0,XGBoost,2,10,0.1772320419549942
75,3655672,0,XGBoost,2,10,0.1385006606578827
76,8018657,0,XGBoost,2,10,0.18581220507621765
77,7965009,0,XGBoost,2,10,0.08078313618898392
78,10876281,0,XGBoost,2,10,0.1269720047712326
79,218606,0,XGBoost,2,10,0.14019888639450073
80,4573881,0,XGBoost,2,10,0.5602272748947144
81,1153294,0,XGBoost,2,10,0.22263658046722412
82,2433847,0,XGBoost,2,10,0.5311092734336853
83,5498504,0,XGBoost,2,10,0.26789841055870056
84,4353957,1,XGBoost,2,10,0.16439189016819
85,810662,0,XGBoost,2,10,0.3204304277896881
86,5288319,0,XGBoost,2,10,0.19696806371212006
87,7022768,0,XGBoost,2,10,0.4279342293739319
88,5169273,0,XGBoost,2,10,0.16963571310043335
89,2660248,0,XGBoost,2,10,0.22413933277130127
90,4934523,1,XGBoost,2,10,0.1673426628112793
91,2144042,0,XGBoost,2,10,0.320136696100235
92,3934133,0,XGBoost,2,10,0.3339240550994873
93,9342374,0,XGBoost,2,10,0.19831494987010956
94,4469039,0,XGBoost,2,10,0.3470177948474884
95,12844,0,XGBoost,2,10,0.14351074397563934
96,5139816,0,XGBoost,2,10,0.19713222980499268
97,7871211,0,XGBoost,2,10,0.2283858060836792
98,8844818,0,XGBoost,2,10,0.20702916383743286
99,1841057,0,XGBoost,2,10,0.15729950368404388
100,1923039,0,XGBoost,2,10,0.3458024859428406
1,5714601,0,LightGBM,2,10,0.43062187393530754
2,6499887,0,LightGBM,2,10,0.24959241638848717
3,4550493,0,LightGBM,2,10,0.2031642504678618
4,11466673,0,LightGBM,2,10,0.42104225016467073
5,2479601,0,LightGBM,2,10,0.2836002286970192
6,8378544,0,LightGBM,2,10,0.3871025392235853
7,9201661,0,LightGBM,2,10,0.18811260924208958
8,330739,0,LightGBM,2,10,0.25262775046172503
9,901826,0,LightGBM,2,10,0.23715802545769565
10,1972573,0,LightGBM,2,10,0.2735944470381312
11,7509166,0,LightGBM,2,10,0.15974833764330074
12,3752798,0,LightGBM,2,10,0.335536298897958
13,7013909,0,LightGBM,2,10,0.1531026273877908
14,563996,0,LightGBM,2,10,0.05630760711469738
15,5171809,0,LightGBM,2,10,0.1841715623412984
16,3053337,0,LightGBM,2,10,0.1431516596145917
17,3675893,0,LightGBM,2,10,0.20208429303524955
18,724622,0,LightGBM,2,10,0.23549592128583946
19,7449726,0,LightGBM,2,10,0.4618646144037875
20,5918297,0,LightGBM,2,10,0.24129366321555126
21,10779582,0,LightGBM,2,10,0.2520038825706185
22,6537621,0,LightGBM,2,10,0.299983182594607
23,5495648,0,LightGBM,2,10,0.23603718895669218
24,7391994,0,LightGBM,2,10,0.1504876091009561
25,3110284,0,LightGBM,2,10,0.37664625204032093
26,8677719,0,LightGBM,2,10,0.16917009620516654
27,9504487,0,LightGBM,2,10,0.1950661631116867
28,6158348,0,LightGBM,2,10,0.11300093781199638
29,10690171,0,LightGBM,2,10,0.21152953491232476
30,3131218,0,LightGBM,2,10,0.23319252123911388
31,2285187,0,LightGBM,2,10,0.4952489955728366
32,6452177,1,LightGBM,2,10,0.24593186470052603
33,8427549,0,LightGBM,2,10,0.15932039548145632
34,6759021,0,LightGBM,2,10,0.2128594491278186
35,7880934,0,LightGBM,2,10,0.24664426634339948
36,3429043,0,LightGBM,2,10,0.23641366446157636
37,2115993,1,LightGBM,2,10,0.5533708501936493
38,11019618,0,LightGBM,2,10,0.26317906192015544
39,1893158,0,LightGBM,2,10,0.24137062948219545
40,10146223,0,LightGBM,2,10,0.19202138131604451
41,3441821,0,LightGBM,2,10,0.3253090200836091
42,4391589,0,LightGBM,2,10,0.2574876485708592
43,6504503,0,LightGBM,2,10,0.14575715556493443
44,1462289,0,LightGBM,2,10,0.26990900768551374
45,1301122,0,LightGBM,2,10,0.2412776607131717
46,3618383,0,LightGBM,2,10,0.42074563182418084
47,10378934,0,LightGBM,2,10,0.37761960033561487
48,6939186,0,LightGBM,2,10,0.16101183079436526
49,6808059,0,LightGBM,2,10,0.2393512913309713
50,10313516,0,LightGBM,2,10,0.532706380646556
51,7379114,0,LightGBM,2,10,0.14022505935857615
52,8311713,1,LightGBM,2,10,0.21957454196569143
53,3243039,0,LightGBM,2,10,0.17050398127603064
54,634821,0,LightGBM,2,10,0.15055429235242115
55,9241417,0,LightGBM,2,10,0.12560953067348138
56,8932838,0,LightGBM,2,10,0.2747043023560826
57,10420144,0,LightGBM,2,10,0.29691987600056835
58,6659608,0,LightGBM,2,10,0.09319903828387235
59,2984944,0,LightGBM,2,10,0.2742836691587798
60,9719251,0,LightGBM,2,10,0.28144503365130114
61,539682,0,LightGBM,2,10,0.14211951322564123
62,3490662,0,LightGBM,2,10,0.449049733845482
63,642571,0,LightGBM,2,10,0.26884892027625773
64,6085551,0,LightGBM,2,10,0.2990310982155051
65,3450089,0,LightGBM,2,10,0.26119304191206005
66,2050332,0,LightGBM,2,10,0.28911227857210114
67,8097011,0,LightGBM,2,10,0.3479905419556257
68,1095309,0,LightGBM,2,10,0.5533708501936493
69,5850717,0,LightGBM,2,10,0.27344341878292955
70,520239,0,LightGBM,2,10,0.15759169710134982
71,11537607,0,LightGBM,2,10,0.45680107256101105
72,10362211,0,LightGBM,2,10,0.12461092067436992
73,1853221,0,LightGBM,2,10,0.220730848625582
74,5743906,0,LightGBM,2,10,0.2838478654215104
75,3655672,0,LightGBM,2,10,0.16425938985000313
76,8018657,0,LightGBM,2,10,0.1887433124852138
77,7965009,0,LightGBM,2,10,0.10097653624724534
78,10876281,0,LightGBM,2,10,0.19307431100283162
79,218606,0,LightGBM,2,10,0.1797062088109247
80,4573881,0,LightGBM,2,10,0.5491773507945206
81,1153294,0,LightGBM,2,10,0.22582683978643148
82,2433847,0,LightGBM,2,10,0.5381384573497688
83,5498504,0,LightGBM,2,10,0.3103780929408186
84,4353957,1,LightGBM,2,10,0.16253703262044636
85,810662,0,LightGBM,2,10,0.29935413807883726
86,5288319,0,LightGBM,2,10,0.21842031520869956
87,7022768,0,LightGBM,2,10,0.38381386683472135
88,5169273,0,LightGBM,2,10,0.1763134660898513
89,2660248,0,LightGBM,2,10,0.21345935805525473
90,4934523,1,LightGBM,2,10,0.2115318694461628
91,2144042,0,LightGBM,2,10,0.2886275993843235
92,3934133,0,LightGBM,2,10,0.31909942901468047
93,9342374,0,LightGBM,2,10,0.20364857606431366
94,4469039,0,LightGBM,2,10,0.14670085547264675
95,12844,0,LightGBM,2,10,0.17656965599702165
96,5139816,0,LightGBM,2,10,0.20322771817917124
97,7871211,0,LightGBM,2,10,0.2113426056969685
98,8844818,0,LightGBM,2,10,0.23831011510499708
99,1841057,0,LightGBM,2,10,0.2246060755714671
100,1923039,0,LightGBM,2,10,0.3605296102792044
1,5714601,0,LSTM,3,15,0.004834144376218319
2,6499887,0,LSTM,3,15,0.17395366728305817
3,4550493,0,LSTM,3,15,0.021505823358893394
4,11466673,0,LSTM,3,15,0.007683644071221352
5,2479601,0,LSTM,3,15,0.7691100835800171
6,8378544,0,LSTM,3,15,0.8137481212615967
7,9201661,0,LSTM,3,15,0.051011208444833755
8,330739,0,LSTM,3,15,0.015048692934215069
9,901826,0,LSTM,3,15,0.5473439693450928
10,1972573,0,LSTM,3,15,0.6342996954917908
11,7509166,0,LSTM,3,15,0.18927879631519318
12,3752798,0,LSTM,3,15,0.11447857320308685
13,7013909,0,LSTM,3,15,0.8206570744514465
14,563996,0,LSTM,3,15,0.28883516788482666
15,5171809,0,LSTM,3,15,0.02830030396580696
16,3053337,0,LSTM,3,15,0.026314912363886833
17,3675893,0,LSTM,3,15,0.24068428575992584
18,724622,0,LSTM,3,15,0.025681518018245697
19,7449726,0,LSTM,3,15,0.06800811737775803
20,5918297,0,LSTM,3,15,0.04271832853555679
21,10779582,0,LSTM,3,15,0.007914034649729729
22,6537621,0,LSTM,3,15,0.2271757423877716
23,5495648,0,LSTM,3,15,0.008005473762750626
24,7391994,0,LSTM,3,15,0.14547638595104218
25,3110284,0,LSTM,3,15,0.5405301451683044
26,8677719,0,LSTM,3,15,0.10530536621809006
27,9504487,0,LSTM,3,15,0.06412068754434586
28,6158348,0,LSTM,3,15,0.39300888776779175
29,10690171,0,LSTM,3,15,0.35659343004226685
30,3131218,0,LSTM,3,15,0.7969353199005127
31,2285187,0,LSTM,3,15,0.6791883707046509
32,6452177,1,LSTM,3,15,0.5313206911087036
33,8427549,0,LSTM,3,15,0.01895487867295742
34,6759021,0,LSTM,3,15,0.08070220798254013
35,7880934,0,LSTM,3,15,0.2023974508047104
36,3429043,0,LSTM,3,15,0.6086755990982056
37,2115993,1,LSTM,3,15,0.46707579493522644
38,11019618,0,LSTM,3,15,0.05044246092438698
39,1893158,0,LSTM,3,15,0.2640807032585144
40,10146223,0,LSTM,3,15,0.5556971430778503
41,3441821,0,LSTM,3,15,0.11213774234056473
42,4391589,0,LSTM,3,15,0.02096545696258545
43,6504503,0,LSTM,3,15,0.00912417471408844
44,1462289,0,LSTM,3,15,0.13075919449329376
45,1301122,0,LSTM,3,15,0.09026648104190826
46,3618383,0,LSTM,3,15,0.5595064163208008
47,10378934,0,LSTM,3,15,0.6844996213912964
48,6939186,0,LSTM,3,15,0.43462827801704407
49,6808059,0,LSTM,3,15,0.10448160022497177
50,10313516,0,LSTM,3,15,0.3040469288825989
51,7379114,0,LSTM,3,15,0.3463798463344574
52,8311713,1,LSTM,3,15,0.26959124207496643
53,3243039,0,LSTM,3,15,0.011167548596858978
54,634821,0,LSTM,3,15,0.05226932093501091
55,9241417,0,LSTM,3,15,0.17385032773017883
56,8932838,0,LSTM,3,15,0.6008442640304565
57,10420144,0,LSTM,3,15,0.49150148034095764
58,6659608,0,LSTM,3,15,0.5730550289154053
59,2984944,0,LSTM,3,15,0.7608444690704346
60,9719251,0,LSTM,3,15,0.3864258825778961
61,539682,0,LSTM,3,15,0.13393272459506989
62,3490662,0,LSTM,3,15,0.08134984225034714
63,642571,0,LSTM,3,15,0.11870118975639343
64,6085551,0,LSTM,3,15,0.03459988534450531
65,3450089,0,LSTM,3,15,0.28788965940475464
66,2050332,0,LSTM,3,15,0.10886867344379425
67,8097011,0,LSTM,3,15,0.013830387033522129
68,1095309,0,LSTM,3,15,0.890687108039856
69,5850717,0,LSTM,3,15,0.08629495650529861
70,520239,0,LSTM,3,15,0.681407630443573
71,11537607,0,LSTM,3,15,0.6242512464523315
72,10362211,0,LSTM,3,15,0.5903096199035645
73,1853221,0,LSTM,3,15,0.4539114534854889
74,5743906,0,LSTM,3,15,0.014252835884690285
75,3655672,0,LSTM,3,15,0.20392650365829468
76,8018657,0,LSTM,3,15,0.04002164676785469
77,7965009,0,LSTM,3,15,0.07883325219154358
78,10876281,0,LSTM,3,15,0.011722528375685215
79,218606,0,LSTM,3,15,0.38726621866226196
80,4573881,0,LSTM,3,15,0.0968647450208664
81,1153294,0,LSTM,3,15,0.12520889937877655
82,2433847,0,LSTM,3,15,0.5852407217025757
83,5498504,0,LSTM,3,15,0.13700154423713684
84,4353957,1,LSTM,3,15,0.023222336545586586
85,810662,0,LSTM,3,15,0.009272124618291855
86,5288319,0,LSTM,3,15,0.08693596720695496
87,7022768,0,LSTM,3,15,0.592370331287384
88,5169273,0,LSTM,3,15,0.1612509936094284
89,2660248,0,LSTM,3,15,0.13982190191745758
90,4934523,1,LSTM,3,15,0.021744081750512123
91,2144042,0,LSTM,3,15,0.6229214668273926
92,3934133,0,LSTM,3,15,0.56464684009552
93,9342374,0,LSTM,3,15,0.0027921015862375498
94,4469039,0,LSTM,3,15,0.34417128562927246
95,12844,0,LSTM,3,15,0.18661455810070038
96,5139816,0,LSTM,3,15,0.6934629678726196
97,7871211,0,LSTM,3,15,0.6713130474090576
98,8844818,0,LSTM,3,15,0.015860911458730698
99,1841057,0,LSTM,3,15,0.015984827652573586
100,1923039,0,LSTM,3,15,0.798183798789978
1,5714601,0,GRU,3,15,0.041927680373191833
2,6499887,0,GRU,3,15,0.37173083424568176
3,4550493,0,GRU,3,15,0.07787929475307465
4,11466673,0,GRU,3,15,0.036327045410871506
5,2479601,0,GRU,3,15,0.692300021648407
6,8378544,0,GRU,3,15,0.7333788871765137
7,9201661,0,GRU,3,15,0.30284973978996277
8,330739,0,GRU,3,15,0.05503307282924652
9,901826,0,GRU,3,15,0.2200295478105545
10,1972573,0,GRU,3,15,0.442160427570343
11,7509166,0,GRU,3,15,0.22602319717407227
12,3752798,0,GRU,3,15,0.14066828787326813
13,7013909,0,GRU,3,15,0.6032843589782715
14,563996,0,GRU,3,15,0.34938547015190125
15,5171809,0,GRU,3,15,0.0681556910276413
16,3053337,0,GRU,3,15,0.06278841197490692
17,3675893,0,GRU,3,15,0.2983759343624115
18,724622,0,GRU,3,15,0.05532084032893181
19,7449726,0,GRU,3,15,0.12159034609794617
20,5918297,0,GRU,3,15,0.11617447435855865
21,10779582,0,GRU,3,15,0.050310540944337845
22,6537621,0,GRU,3,15,0.28455379605293274
23,5495648,0,GRU,3,15,0.022028056904673576
24,7391994,0,GRU,3,15,0.15484492480754852
25,3110284,0,GRU,3,15,0.46277034282684326
26,8677719,0,GRU,3,15,0.19313646852970123
27,9504487,0,GRU,3,15,0.09903629124164581
28,6158348,0,GRU,3,15,0.4510163366794586
29,10690171,0,GRU,3,15,0.22371041774749756
30,3131218,0,GRU,3,15,0.6578792333602905
31,2285187,0,GRU,3,15,0.5722806453704834
32,6452177,1,GRU,3,15,0.44837164878845215
33,8427549,0,GRU,3,15,0.07969994843006134
34,6759021,0,GRU,3,15,0.19370777904987335
35,7880934,0,GRU,3,15,0.20421206951141357
36,3429043,0,GRU,3,15,0.5264190435409546
37,2115993,1,GRU,3,15,0.40567007660865784
38,11019618,0,GRU,3,15,0.07071321457624435
39,1893158,0,GRU,3,15,0.30296027660369873
40,10146223,0,GRU,3,15,0.4700174927711487
41,3441821,0,GRU,3,15,0.17751337587833405
42,4391589,0,GRU,3,15,0.09771907329559326
43,6504503,0,GRU,3,15,0.02772744745016098
44,1462289,0,GRU,3,15,0.24094873666763306
45,1301122,0,GRU,3,15,0.13523291051387787
46,3618383,0,GRU,3,15,0.4846961200237274
47,10378934,0,GRU,3,15,0.588556170463562
48,6939186,0,GRU,3,15,0.5421016216278076
49,6808059,0,GRU,3,15,0.19975025951862335
50,10313516,0,GRU,3,15,0.3452461063861847
51,7379114,0,GRU,3,15,0.41641685366630554
52,8311713,1,GRU,3,15,0.37209799885749817
53,3243039,0,GRU,3,15,0.028837457299232483
54,634821,0,GRU,3,15,0.2689771056175232
55,9241417,0,GRU,3,15,0.21828901767730713
56,8932838,0,GRU,3,15,0.5901625752449036
57,10420144,0,GRU,3,15,0.4519428014755249
58,6659608,0,GRU,3,15,0.3344043493270874
59,2984944,0,GRU,3,15,0.7971628904342651
60,9719251,0,GRU,3,15,0.3198855221271515
61,539682,0,GRU,3,15,0.20370370149612427
62,3490662,0,GRU,3,15,0.19067981839179993
63,642571,0,GRU,3,15,0.3337920904159546
64,6085551,0,GRU,3,15,0.18074017763137817
65,3450089,0,GRU,3,15,0.2382378876209259
66,2050332,0,GRU,3,15,0.15397164225578308
67,8097011,0,GRU,3,15,0.05652977153658867
68,1095309,0,GRU,3,15,0.732025146484375
69,5850717,0,GRU,3,15,0.16961397230625153
70,520239,0,GRU,3,15,0.6131380796432495
71,11537607,0,GRU,3,15,0.4122220277786255
72,10362211,0,GRU,3,15,0.5188912153244019
73,1853221,0,GRU,3,15,0.47194722294807434
74,5743906,0,GRU,3,15,0.0980367660522461
75,3655672,0,GRU,3,15,0.2495119869709015
76,8018657,0,GRU,3,15,0.09011615812778473
77,7965009,0,GRU,3,15,0.12175512313842773
78,10876281,0,GRU,3,15,0.05553693324327469
79,218606,0,GRU,3,15,0.39357468485832214
80,4573881,0,GRU,3,15,0.08929213136434555
81,1153294,0,GRU,3,15,0.17715506255626678
82,2433847,0,GRU,3,15,0.6012802124023438
83,5498504,0,GRU,3,15,0.16797107458114624
84,4353957,1,GRU,3,15,0.17753863334655762
85,810662,0,GRU,3,15,0.09170296788215637
86,5288319,0,GRU,3,15,0.13138146698474884
87,7022768,0,GRU,3,15,0.5501134395599365
88,5169273,0,GRU,3,15,0.20262734591960907
89,2660248,0,GRU,3,15,0.16818660497665405
90,4934523,1,GRU,3,15,0.10521844774484634
91,2144042,0,GRU,3,15,0.5052782297134399
92,3934133,0,GRU,3,15,0.45887523889541626
93,9342374,0,GRU,3,15,0.012403897009789944
94,4469039,0,GRU,3,15,0.3300914466381073
95,12844,0,GRU,3,15,0.28252190351486206
96,5139816,0,GRU,3,15,0.5891741514205933
97,7871211,0,GRU,3,15,0.6675941944122314
98,8844818,0,GRU,3,15,0.08410120010375977
99,1841057,0,GRU,3,15,0.05848520249128342
100,1923039,0,GRU,3,15,0.6757504940032959
1,5714601,0,GRU + Attention,3,15,0.05614277720451355
2,6499887,0,GRU + Attention,3,15,0.41975197196006775
3,4550493,0,GRU + Attention,3,15,0.06094924733042717
4,11466673,0,GRU + Attention,3,15,0.04732491075992584
5,2479601,0,GRU + Attention,3,15,0.7037945985794067
6,8378544,0,GRU + Attention,3,15,0.6189026236534119
7,9201661,0,GRU + Attention,3,15,0.2462211400270462
8,330739,0,GRU + Attention,3,15,0.05503237247467041
9,901826,0,GRU + Attention,3,15,0.18791955709457397
10,1972573,0,GRU + Attention,3,15,0.43281665444374084
11,7509166,0,GRU + Attention,3,15,0.15357302129268646
12,3752798,0,GRU + Attention,3,15,0.10692659765481949
13,7013909,0,GRU + Attention,3,15,0.631125271320343
14,563996,0,GRU + Attention,3,15,0.23524703085422516
15,5171809,0,GRU + Attention,3,15,0.02592359110713005
16,3053337,0,GRU + Attention,3,15,0.04849458113312721
17,3675893,0,GRU + Attention,3,15,0.27796971797943115
18,724622,0,GRU + Attention,3,15,0.05913478881120682
19,7449726,0,GRU + Attention,3,15,0.07420603185892105
20,5918297,0,GRU + Attention,3,15,0.04972982406616211
21,10779582,0,GRU + Attention,3,15,0.053169384598731995
22,6537621,0,GRU + Attention,3,15,0.44332975149154663
23,5495648,0,GRU + Attention,3,15,0.05045077204704285
24,7391994,0,GRU + Attention,3,15,0.2027672380208969
25,3110284,0,GRU + Attention,3,15,0.5037753582000732
26,8677719,0,GRU + Attention,3,15,0.30430060625076294
27,9504487,0,GRU + Attention,3,15,0.15823252499103546
28,6158348,0,GRU + Attention,3,15,0.2642577588558197
29,10690171,0,GRU + Attention,3,15,0.41638579964637756
30,3131218,0,GRU + Attention,3,15,0.7434216737747192
31,2285187,0,GRU + Attention,3,15,0.6134014129638672
32,6452177,1,GRU + Attention,3,15,0.5439571142196655
33,8427549,0,GRU + Attention,3,15,0.026876229792833328
34,6759021,0,GRU + Attention,3,15,0.06944780051708221
35,7880934,0,GRU + Attention,3,15,0.2679242193698883
36,3429043,0,GRU + Attention,3,15,0.5432248115539551
37,2115993,1,GRU + Attention,3,15,0.3040444552898407
38,11019618,0,GRU + Attention,3,15,0.13382457196712494
39,1893158,0,GRU + Attention,3,15,0.17714793980121613
40,10146223,0,GRU + Attention,3,15,0.48628243803977966
41,3441821,0,GRU + Attention,3,15,0.16411437094211578
42,4391589,0,GRU + Attention,3,15,0.07175213098526001
43,6504503,0,GRU + Attention,3,15,0.029736271128058434
44,1462289,0,GRU + Attention,3,15,0.07394343614578247
45,1301122,0,GRU + Attention,3,15,0.13526934385299683
46,3618383,0,GRU + Attention,3,15,0.5894755125045776
47,10378934,0,GRU + Attention,3,15,0.5625726580619812
48,6939186,0,GRU + Attention,3,15,0.46947115659713745
49,6808059,0,GRU + Attention,3,15,0.19185224175453186
50,10313516,0,GRU + Attention,3,15,0.5155951976776123
51,7379114,0,GRU + Attention,3,15,0.4188493490219116
52,8311713,1,GRU + Attention,3,15,0.34398889541625977
53,3243039,0,GRU + Attention,3,15,0.07588759064674377
54,634821,0,GRU + Attention,3,15,0.1700073927640915
55,9241417,0,GRU + Attention,3,15,0.16850200295448303
56,8932838,0,GRU + Attention,3,15,0.47241881489753723
57,10420144,0,GRU + Attention,3,15,0.4574991762638092
58,6659608,0,GRU + Attention,3,15,0.31532350182533264
59,2984944,0,GRU + Attention,3,15,0.6858347058296204
60,9719251,0,GRU + Attention,3,15,0.36048775911331177
61,539682,0,GRU + Attention,3,15,0.15479981899261475
62,3490662,0,GRU + Attention,3,15,0.11717654764652252
63,642571,0,GRU + Attention,3,15,0.1649417132139206
64,6085551,0,GRU + Attention,3,15,0.20543383061885834
65,3450089,0,GRU + Attention,3,15,0.2795129716396332
66,2050332,0,GRU + Attention,3,15,0.2544005811214447
67,8097011,0,GRU + Attention,3,15,0.026298604905605316
68,1095309,0,GRU + Attention,3,15,0.6158959269523621
69,5850717,0,GRU + Attention,3,15,0.22222161293029785
70,520239,0,GRU + Attention,3,15,0.64579838514328
71,11537607,0,GRU + Attention,3,15,0.5192301273345947
72,10362211,0,GRU + Attention,3,15,0.5133250951766968
73,1853221,0,GRU + Attention,3,15,0.4710800051689148
74,5743906,0,GRU + Attention,3,15,0.0939943939447403
75,3655672,0,GRU + Attention,3,15,0.10644792765378952
76,8018657,0,GRU + Attention,3,15,0.0536329448223114
77,7965009,0,GRU + Attention,3,15,0.039907265454530716
78,10876281,0,GRU + Attention,3,15,0.020739534869790077
79,218606,0,GRU + Attention,3,15,0.4358731210231781
80,4573881,0,GRU + Attention,3,15,0.060949455946683884
81,1153294,0,GRU + Attention,3,15,0.3873513340950012
82,2433847,0,GRU + Attention,3,15,0.5027018785476685
83,5498504,0,GRU + Attention,3,15,0.16470429301261902
84,4353957,1,GRU + Attention,3,15,0.18720011413097382
85,810662,0,GRU + Attention,3,15,0.0659417137503624
86,5288319,0,GRU + Attention,3,15,0.12126506865024567
87,7022768,0,GRU + Attention,3,15,0.5043150186538696
88,5169273,0,GRU + Attention,3,15,0.1426401138305664
89,2660248,0,GRU + Attention,3,15,0.2249070107936859
90,4934523,1,GRU + Attention,3,15,0.1897163838148117
91,2144042,0,GRU + Attention,3,15,0.5837067365646362
92,3934133,0,GRU + Attention,3,15,0.4388374984264374
93,9342374,0,GRU + Attention,3,15,0.021291138604283333
94,4469039,0,GRU + Attention,3,15,0.43578052520751953
95,12844,0,GRU + Attention,3,15,0.22795087099075317
96,5139816,0,GRU + Attention,3,15,0.5745182037353516
97,7871211,0,GRU + Attention,3,15,0.5134992599487305
98,8844818,0,GRU + Attention,3,15,0.07093531638383865
99,1841057,0,GRU + Attention,3,15,0.053150590509176254
100,1923039,0,GRU + Attention,3,15,0.5471053719520569
1,5714601,0,XGBoost,3,15,0.27595317363739014
2,6499887,0,XGBoost,3,15,0.2494174689054489
3,4550493,0,XGBoost,3,15,0.2976878583431244
4,11466673,0,XGBoost,3,15,0.46684059500694275
5,2479601,0,XGBoost,3,15,0.3610534071922302
6,8378544,0,XGBoost,3,15,0.49872416257858276
7,9201661,0,XGBoost,3,15,0.38976189494132996
8,330739,0,XGBoost,3,15,0.25060349702835083
9,901826,0,XGBoost,3,15,0.22625036537647247
10,1972573,0,XGBoost,3,15,0.3179788291454315
11,7509166,0,XGBoost,3,15,0.12972921133041382
12,3752798,0,XGBoost,3,15,0.2390517294406891
13,7013909,0,XGBoost,3,15,0.48051896691322327
14,563996,0,XGBoost,3,15,0.053786538541316986
15,5171809,0,XGBoost,3,15,0.21463528275489807
16,3053337,0,XGBoost,3,15,0.19609622657299042
17,3675893,0,XGBoost,3,15,0.2087317407131195
18,724622,0,XGBoost,3,15,0.21702797710895538
19,7449726,0,XGBoost,3,15,0.35620149970054626
20,5918297,0,XGBoost,3,15,0.4433446228504181
21,10779582,0,XGBoost,3,15,0.17885178327560425
22,6537621,0,XGBoost,3,15,0.34208211302757263
23,5495648,0,XGBoost,3,15,0.19335174560546875
24,7391994,0,XGBoost,3,15,0.13235601782798767
25,3110284,0,XGBoost,3,15,0.06947813183069229
26,8677719,0,XGBoost,3,15,0.10776559263467789
27,9504487,0,XGBoost,3,15,0.17444215714931488
28,6158348,0,XGBoost,3,15,0.11429335922002792
29,10690171,0,XGBoost,3,15,0.3286512792110443
30,3131218,0,XGBoost,3,15,0.19581452012062073
31,2285187,0,XGBoost,3,15,0.5143174529075623
32,6452177,1,XGBoost,3,15,0.4925038814544678
33,8427549,0,XGBoost,3,15,0.15695072710514069
34,6759021,0,XGBoost,3,15,0.253925621509552
35,7880934,0,XGBoost,3,15,0.2633146345615387
36,3429043,0,XGBoost,3,15,0.4609696567058563
37,2115993,1,XGBoost,3,15,0.5974657535552979
38,11019618,0,XGBoost,3,15,0.2288309633731842
39,1893158,0,XGBoost,3,15,0.21925589442253113
40,10146223,0,XGBoost,3,15,0.263531357049942
41,3441821,0,XGBoost,3,15,0.2373708188533783
42,4391589,0,XGBoost,3,15,0.1767314076423645
43,6504503,0,XGBoost,3,15,0.14818882942199707
44,1462289,0,XGBoost,3,15,0.3048743009567261
45,1301122,0,XGBoost,3,15,0.26257431507110596
46,3618383,0,XGBoost,3,15,0.4089774787425995
47,10378934,0,XGBoost,3,15,0.36281538009643555
48,6939186,0,XGBoost,3,15,0.21220745146274567
49,6808059,0,XGBoost,3,15,0.31204694509506226
50,10313516,0,XGBoost,3,15,0.46320563554763794
51,7379114,0,XGBoost,3,15,0.27200624346733093
52,8311713,1,XGBoost,3,15,0.180783212184906
53,3243039,0,XGBoost,3,15,0.2102845311164856
54,634821,0,XGBoost,3,15,0.17468546330928802
55,9241417,0,XGBoost,3,15,0.10804428160190582
56,8932838,0,XGBoost,3,15,0.35896703600883484
57,10420144,0,XGBoost,3,15,0.35261788964271545
58,6659608,0,XGBoost,3,15,0.0625796765089035
59,2984944,0,XGBoost,3,15,0.09187274426221848
60,9719251,0,XGBoost,3,15,0.3061191439628601
61,539682,0,XGBoost,3,15,0.1097053587436676
62,3490662,0,XGBoost,3,15,0.559533417224884
63,642571,0,XGBoost,3,15,0.1978215128183365
64,6085551,0,XGBoost,3,15,0.26925259828567505
65,3450089,0,XGBoost,3,15,0.1951894611120224
66,2050332,0,XGBoost,3,15,0.2760881185531616
67,8097011,0,XGBoost,3,15,0.18767717480659485
68,1095309,0,XGBoost,3,15,0.7467628121376038
69,5850717,0,XGBoost,3,15,0.23260639607906342
70,520239,0,XGBoost,3,15,0.23015645146369934
71,11537607,0,XGBoost,3,15,0.5151674747467041
72,10362211,0,XGBoost,3,15,0.21568650007247925
73,1853221,0,XGBoost,3,15,0.24216334521770477
74,5743906,0,XGBoost,3,15,0.22610698640346527
75,3655672,0,XGBoost,3,15,0.1385006606578827
76,8018657,0,XGBoost,3,15,0.18581220507621765
77,7965009,0,XGBoost,3,15,0.08078313618898392
78,10876281,0,XGBoost,3,15,0.1269720047712326
79,218606,0,XGBoost,3,15,0.288532555103302
80,4573881,0,XGBoost,3,15,0.5602272748947144
81,1153294,0,XGBoost,3,15,0.35116204619407654
82,2433847,0,XGBoost,3,15,0.405533105134964
83,5498504,0,XGBoost,3,15,0.26789841055870056
84,4353957,1,XGBoost,3,15,0.14701668918132782
85,810662,0,XGBoost,3,15,0.3204304277896881
86,5288319,0,XGBoost,3,15,0.19696806371212006
87,7022768,0,XGBoost,3,15,0.4279342293739319
88,5169273,0,XGBoost,3,15,0.16963571310043335
89,2660248,0,XGBoost,3,15,0.22413933277130127
90,4934523,1,XGBoost,3,15,0.2420986294746399
91,2144042,0,XGBoost,3,15,0.320136696100235
92,3934133,0,XGBoost,3,15,0.3339240550994873
93,9342374,0,XGBoost,3,15,0.217521071434021
94,4469039,0,XGBoost,3,15,0.3072180449962616
95,12844,0,XGBoost,3,15,0.14351074397563934
96,5139816,0,XGBoost,3,15,0.19713222980499268
97,7871211,0,XGBoost,3,15,0.2762589752674103
98,8844818,0,XGBoost,3,15,0.3678364157676697
99,1841057,0,XGBoost,3,15,0.15729950368404388
100,1923039,0,XGBoost,3,15,0.48924463987350464
1,5714601,0,LightGBM,3,15,0.339608315397641
2,6499887,0,LightGBM,3,15,0.28670211071099294
3,4550493,0,LightGBM,3,15,0.22403449068310877
4,11466673,0,LightGBM,3,15,0.735497816572088
5,2479601,0,LightGBM,3,15,0.3698912010738117
6,8378544,0,LightGBM,3,15,0.47856512541998125
7,9201661,0,LightGBM,3,15,0.34378856383594014
8,330739,0,LightGBM,3,15,0.2843877999954899
9,901826,0,LightGBM,3,15,0.24005023721478888
10,1972573,0,LightGBM,3,15,0.2735944470381312
11,7509166,0,LightGBM,3,15,0.15974833764330074
12,3752798,0,LightGBM,3,15,0.335536298897958
13,7013909,0,LightGBM,3,15,0.4724964534270309
14,563996,0,LightGBM,3,15,0.05630760711469738
15,5171809,0,LightGBM,3,15,0.1841715623412984
16,3053337,0,LightGBM,3,15,0.2227903808223738
17,3675893,0,LightGBM,3,15,0.20208429303524955
18,724622,0,LightGBM,3,15,0.23549592128583946
19,7449726,0,LightGBM,3,15,0.4618646144037875
20,5918297,0,LightGBM,3,15,0.4183943486939409
21,10779582,0,LightGBM,3,15,0.2520038825706185
22,6537621,0,LightGBM,3,15,0.299983182594607
23,5495648,0,LightGBM,3,15,0.23603718895669218
24,7391994,0,LightGBM,3,15,0.22523218803994718
25,3110284,0,LightGBM,3,15,0.37664625204032093
26,8677719,0,LightGBM,3,15,0.16917009620516654
27,9504487,0,LightGBM,3,15,0.1950661631116867
28,6158348,0,LightGBM,3,15,0.16801474090090449
29,10690171,0,LightGBM,3,15,0.16964567043138293
30,3131218,0,LightGBM,3,15,0.23319252123911388
31,2285187,0,LightGBM,3,15,0.4952489955728366
32,6452177,1,LightGBM,3,15,0.5141987384227119
33,8427549,0,LightGBM,3,15,0.15932039548145632
34,6759021,0,LightGBM,3,15,0.2128594491278186
35,7880934,0,LightGBM,3,15,0.24664426634339948
36,3429043,0,LightGBM,3,15,0.31848134298701813
37,2115993,1,LightGBM,3,15,0.5533708501936493
38,11019618,0,LightGBM,3,15,0.2485911277731655
39,1893158,0,LightGBM,3,15,0.275298955756902
40,10146223,0,LightGBM,3,15,0.2883065568891745
41,3441821,0,LightGBM,3,15,0.3253090200836091
42,4391589,0,LightGBM,3,15,0.2574876485708592
43,6504503,0,LightGBM,3,15,0.14575715556493443
44,1462289,0,LightGBM,3,15,0.26990900768551374
45,1301122,0,LightGBM,3,15,0.25217307517737036
46,3618383,0,LightGBM,3,15,0.42074563182418084
47,10378934,0,LightGBM,3,15,0.37761960033561487
48,6939186,0,LightGBM,3,15,0.16101183079436526
49,6808059,0,LightGBM,3,15,0.2393512913309713
50,10313516,0,LightGBM,3,15,0.6787531561321603
51,7379114,0,LightGBM,3,15,0.14022505935857615
52,8311713,1,LightGBM,3,15,0.21957454196569143
53,3243039,0,LightGBM,3,15,0.23312018922999556
54,634821,0,LightGBM,3,15,0.14914974538829762
55,9241417,0,LightGBM,3,15,0.12560953067348138
56,8932838,0,LightGBM,3,15,0.2747043023560826
57,10420144,0,LightGBM,3,15,0.29691987600056835
58,6659608,0,LightGBM,3,15,0.14655690478759825
59,2984944,0,LightGBM,3,15,0.10816863446004206
60,9719251,0,LightGBM,3,15,0.33002250020291274
61,539682,0,LightGBM,3,15,0.14211951322564123
62,3490662,0,LightGBM,3,15,0.5005409419974666
63,642571,0,LightGBM,3,15,0.21805528470135807
64,6085551,0,LightGBM,3,15,0.2696809634471271
65,3450089,0,LightGBM,3,15,0.26119304191206005
66,2050332,0,LightGBM,3,15,0.28911227857210114
67,8097011,0,LightGBM,3,15,0.3479905419556257
68,1095309,0,LightGBM,3,15,0.7200164117042996
69,5850717,0,LightGBM,3,15,0.27344341878292955
70,520239,0,LightGBM,3,15,0.22315259516247707
71,11537607,0,LightGBM,3,15,0.6080711848275278
72,10362211,0,LightGBM,3,15,0.242939182958132
73,1853221,0,LightGBM,3,15,0.220730848625582
74,5743906,0,LightGBM,3,15,0.22886501216034547
75,3655672,0,LightGBM,3,15,0.16425938985000313
76,8018657,0,LightGBM,3,15,0.1887433124852138
77,7965009,0,LightGBM,3,15,0.10097653624724534
78,10876281,0,LightGBM,3,15,0.19307431100283162
79,218606,0,LightGBM,3,15,0.300283522619926
80,4573881,0,LightGBM,3,15,0.5491773507945206
81,1153294,0,LightGBM,3,15,0.3403696747110675
82,2433847,0,LightGBM,3,15,0.45798248312500917
83,5498504,0,LightGBM,3,15,0.3103780929408186
84,4353957,1,LightGBM,3,15,0.18421357851966583
85,810662,0,LightGBM,3,15,0.29935413807883726
86,5288319,0,LightGBM,3,15,0.21842031520869956
87,7022768,0,LightGBM,3,15,0.38381386683472135
88,5169273,0,LightGBM,3,15,0.1763134660898513
89,2660248,0,LightGBM,3,15,0.21345935805525473
90,4934523,1,LightGBM,3,15,0.257038421932387
91,2144042,0,LightGBM,3,15,0.2886275993843235
92,3934133,0,LightGBM,3,15,0.31909942901468047
93,9342374,0,LightGBM,3,15,0.22397656215375988
94,4469039,0,LightGBM,3,15,0.29215061672317194
95,12844,0,LightGBM,3,15,0.17656965599702165
96,5139816,0,LightGBM,3,15,0.20322771817917124
97,7871211,0,LightGBM,3,15,0.2756367419198893
98,8844818,0,LightGBM,3,15,0.5357257435014604
99,1841057,0,LightGBM,3,15,0.2246060755714671
100,1923039,0,LightGBM,3,15,0.4817928925152169
1,5714601,0,LSTM,4,20,0.016416577622294426
2,6499887,0,LSTM,4,20,0.7092006802558899
3,4550493,0,LSTM,4,20,0.013091166503727436
4,11466673,0,LSTM,4,20,0.007833568379282951
5,2479601,0,LSTM,4,20,0.7691100835800171
6,8378544,0,LSTM,4,20,0.8821932077407837
7,9201661,0,LSTM,4,20,0.051011208444833755
8,330739,0,LSTM,4,20,0.015048692934215069
9,901826,0,LSTM,4,20,0.693037748336792
10,1972573,0,LSTM,4,20,0.6342996954917908
11,7509166,0,LSTM,4,20,0.18927879631519318
12,3752798,0,LSTM,4,20,0.11447857320308685
13,7013909,0,LSTM,4,20,0.9251556396484375
14,563996,0,LSTM,4,20,0.28883516788482666
15,5171809,0,LSTM,4,20,0.02830030396580696
16,3053337,0,LSTM,4,20,0.009485268965363503
17,3675893,0,LSTM,4,20,0.24068428575992584
18,724622,0,LSTM,4,20,0.025681518018245697
19,7449726,0,LSTM,4,20,0.06800811737775803
20,5918297,0,LSTM,4,20,0.011250904761254787
21,10779582,0,LSTM,4,20,0.007914034649729729
22,6537621,0,LSTM,4,20,0.2271757423877716
23,5495648,0,LSTM,4,20,0.008005473762750626
24,7391994,0,LSTM,4,20,0.14547638595104218
25,3110284,0,LSTM,4,20,0.5405301451683044
26,8677719,0,LSTM,4,20,0.10530536621809006
27,9504487,0,LSTM,4,20,0.06412068754434586
28,6158348,0,LSTM,4,20,0.39300888776779175
29,10690171,0,LSTM,4,20,0.8700332641601562
30,3131218,0,LSTM,4,20,0.7969353199005127
31,2285187,0,LSTM,4,20,0.6791883707046509
32,6452177,1,LSTM,4,20,0.5313206911087036
33,8427549,0,LSTM,4,20,0.01895487867295742
34,6759021,0,LSTM,4,20,0.08070220798254013
35,7880934,0,LSTM,4,20,0.2023974508047104
36,3429043,0,LSTM,4,20,0.4956296682357788
37,2115993,1,LSTM,4,20,0.46707579493522644
38,11019618,0,LSTM,4,20,0.04751231148838997
39,1893158,0,LSTM,4,20,0.4308268129825592
40,10146223,0,LSTM,4,20,0.5556971430778503
41,3441821,0,LSTM,4,20,0.11213774234056473
42,4391589,0,LSTM,4,20,0.02096545696258545
43,6504503,0,LSTM,4,20,0.00912417471408844
44,1462289,0,LSTM,4,20,0.13075919449329376
45,1301122,0,LSTM,4,20,0.09026648104190826
46,3618383,0,LSTM,4,20,0.5595064163208008
47,10378934,0,LSTM,4,20,0.6844996213912964
48,6939186,0,LSTM,4,20,0.43462827801704407
49,6808059,0,LSTM,4,20,0.10448160022497177
50,10313516,0,LSTM,4,20,0.3467976450920105
51,7379114,0,LSTM,4,20,0.3463798463344574
52,8311713,1,LSTM,4,20,0.26959124207496643
53,3243039,0,LSTM,4,20,0.01588551327586174
54,634821,0,LSTM,4,20,0.01581393927335739
55,9241417,0,LSTM,4,20,0.17385032773017883
56,8932838,0,LSTM,4,20,0.6008442640304565
57,10420144,0,LSTM,4,20,0.49150148034095764
58,6659608,0,LSTM,4,20,0.7255256772041321
59,2984944,0,LSTM,4,20,0.860795795917511
60,9719251,0,LSTM,4,20,0.7284903526306152
61,539682,0,LSTM,4,20,0.13393272459506989
62,3490662,0,LSTM,4,20,0.6094645261764526
63,642571,0,LSTM,4,20,0.18668846786022186
64,6085551,0,LSTM,4,20,0.05776634067296982
65,3450089,0,LSTM,4,20,0.28788965940475464
66,2050332,0,LSTM,4,20,0.10886867344379425
67,8097011,0,LSTM,4,20,0.013830387033522129
68,1095309,0,LSTM,4,20,0.890687108039856
69,5850717,0,LSTM,4,20,0.08629495650529861
70,520239,0,LSTM,4,20,0.7467654347419739
71,11537607,0,LSTM,4,20,0.807137131690979
72,10362211,0,LSTM,4,20,0.26463308930397034
73,1853221,0,LSTM,4,20,0.4539114534854889
74,5743906,0,LSTM,4,20,0.2739035189151764
75,3655672,0,LSTM,4,20,0.20392650365829468
76,8018657,0,LSTM,4,20,0.04002164676785469
77,7965009,0,LSTM,4,20,0.07883325219154358
78,10876281,0,LSTM,4,20,0.011722528375685215
79,218606,0,LSTM,4,20,0.38726621866226196
80,4573881,0,LSTM,4,20,0.0968647450208664
81,1153294,0,LSTM,4,20,0.12520889937877655
82,2433847,0,LSTM,4,20,0.25065645575523376
83,5498504,0,LSTM,4,20,0.13700154423713684
84,4353957,1,LSTM,4,20,0.06101377308368683
85,810662,0,LSTM,4,20,0.009272124618291855
86,5288319,0,LSTM,4,20,0.08693596720695496
87,7022768,0,LSTM,4,20,0.592370331287384
88,5169273,0,LSTM,4,20,0.1612509936094284
89,2660248,0,LSTM,4,20,0.13982190191745758
90,4934523,1,LSTM,4,20,0.00711793964728713
91,2144042,0,LSTM,4,20,0.6229214668273926
92,3934133,0,LSTM,4,20,0.56464684009552
93,9342374,0,LSTM,4,20,0.0018093108665198088
94,4469039,0,LSTM,4,20,0.3385743796825409
95,12844,0,LSTM,4,20,0.18661455810070038
96,5139816,0,LSTM,4,20,0.6934629678726196
97,7871211,0,LSTM,4,20,0.6713130474090576
98,8844818,0,LSTM,4,20,0.015860911458730698
99,1841057,0,LSTM,4,20,0.015984827652573586
100,1923039,0,LSTM,4,20,0.81132572889328
1,5714601,0,GRU,4,20,0.11945638805627823
2,6499887,0,GRU,4,20,0.46364718675613403
3,4550493,0,GRU,4,20,0.09086106717586517
4,11466673,0,GRU,4,20,0.06979039311408997
5,2479601,0,GRU,4,20,0.692300021648407
6,8378544,0,GRU,4,20,0.7999123930931091
7,9201661,0,GRU,4,20,0.30284973978996277
8,330739,0,GRU,4,20,0.05503307282924652
9,901826,0,GRU,4,20,0.41073504090309143
10,1972573,0,GRU,4,20,0.442160427570343
11,7509166,0,GRU,4,20,0.22602319717407227
12,3752798,0,GRU,4,20,0.14066828787326813
13,7013909,0,GRU,4,20,0.7876490950584412
14,563996,0,GRU,4,20,0.34938547015190125
15,5171809,0,GRU,4,20,0.0681556910276413
16,3053337,0,GRU,4,20,0.019708862528204918
17,3675893,0,GRU,4,20,0.2983759343624115
18,724622,0,GRU,4,20,0.05532084032893181
19,7449726,0,GRU,4,20,0.12159034609794617
20,5918297,0,GRU,4,20,0.06299515813589096
21,10779582,0,GRU,4,20,0.050310540944337845
22,6537621,0,GRU,4,20,0.28455379605293274
23,5495648,0,GRU,4,20,0.022028056904673576
24,7391994,0,GRU,4,20,0.15484492480754852
25,3110284,0,GRU,4,20,0.46277034282684326
26,8677719,0,GRU,4,20,0.19313646852970123
27,9504487,0,GRU,4,20,0.09903629124164581
28,6158348,0,GRU,4,20,0.4510163366794586
29,10690171,0,GRU,4,20,0.6908313035964966
30,3131218,0,GRU,4,20,0.6578792333602905
31,2285187,0,GRU,4,20,0.5722806453704834
32,6452177,1,GRU,4,20,0.44837164878845215
33,8427549,0,GRU,4,20,0.07969994843006134
34,6759021,0,GRU,4,20,0.19370777904987335
35,7880934,0,GRU,4,20,0.20421206951141357
36,3429043,0,GRU,4,20,0.4513359069824219
37,2115993,1,GRU,4,20,0.40567007660865784
38,11019618,0,GRU,4,20,0.08077390491962433
39,1893158,0,GRU,4,20,0.3051748275756836
40,10146223,0,GRU,4,20,0.4700174927711487
41,3441821,0,GRU,4,20,0.17751337587833405
42,4391589,0,GRU,4,20,0.09771907329559326
43,6504503,0,GRU,4,20,0.02772744745016098
44,1462289,0,GRU,4,20,0.24094873666763306
45,1301122,0,GRU,4,20,0.13523291051387787
46,3618383,0,GRU,4,20,0.4846961200237274
47,10378934,0,GRU,4,20,0.588556170463562
48,6939186,0,GRU,4,20,0.5421016216278076
49,6808059,0,GRU,4,20,0.19975025951862335
50,10313516,0,GRU,4,20,0.43033793568611145
51,7379114,0,GRU,4,20,0.41641685366630554
52,8311713,1,GRU,4,20,0.37209799885749817
53,3243039,0,GRU,4,20,0.06838293373584747
54,634821,0,GRU,4,20,0.13278628885746002
55,9241417,0,GRU,4,20,0.21828901767730713
56,8932838,0,GRU,4,20,0.5901625752449036
57,10420144,0,GRU,4,20,0.4519428014755249
58,6659608,0,GRU,4,20,0.5775721669197083
59,2984944,0,GRU,4,20,0.8662168979644775
60,9719251,0,GRU,4,20,0.5711942911148071
61,539682,0,GRU,4,20,0.20370370149612427
62,3490662,0,GRU,4,20,0.6148178577423096
63,642571,0,GRU,4,20,0.5162010788917542
64,6085551,0,GRU,4,20,0.2869579792022705
65,3450089,0,GRU,4,20,0.2382378876209259
66,2050332,0,GRU,4,20,0.15397164225578308
67,8097011,0,GRU,4,20,0.05652977153658867
68,1095309,0,GRU,4,20,0.732025146484375
69,5850717,0,GRU,4,20,0.16961397230625153
70,520239,0,GRU,4,20,0.6698164343833923
71,11537607,0,GRU,4,20,0.5998313426971436
72,10362211,0,GRU,4,20,0.6005454063415527
73,1853221,0,GRU,4,20,0.47194722294807434
74,5743906,0,GRU,4,20,0.35002440214157104
75,3655672,0,GRU,4,20,0.2495119869709015
76,8018657,0,GRU,4,20,0.09011615812778473
77,7965009,0,GRU,4,20,0.12175512313842773
78,10876281,0,GRU,4,20,0.05553693324327469
79,218606,0,GRU,4,20,0.39357468485832214
80,4573881,0,GRU,4,20,0.08929213136434555
81,1153294,0,GRU,4,20,0.17715506255626678
82,2433847,0,GRU,4,20,0.2629315257072449
83,5498504,0,GRU,4,20,0.16797107458114624
84,4353957,1,GRU,4,20,0.4602470397949219
85,810662,0,GRU,4,20,0.09170296788215637
86,5288319,0,GRU,4,20,0.13138146698474884
87,7022768,0,GRU,4,20,0.5501134395599365
88,5169273,0,GRU,4,20,0.20262734591960907
89,2660248,0,GRU,4,20,0.16818660497665405
90,4934523,1,GRU,4,20,0.06921358406543732
91,2144042,0,GRU,4,20,0.5052782297134399
92,3934133,0,GRU,4,20,0.45887523889541626
93,9342374,0,GRU,4,20,0.013477792963385582
94,4469039,0,GRU,4,20,0.53412926197052
95,12844,0,GRU,4,20,0.28252190351486206
96,5139816,0,GRU,4,20,0.5891741514205933
97,7871211,0,GRU,4,20,0.6675941944122314
98,8844818,0,GRU,4,20,0.08410120010375977
99,1841057,0,GRU,4,20,0.05848520249128342
100,1923039,0,GRU,4,20,0.6931415796279907
1,5714601,0,GRU + Attention,4,20,0.15279699862003326
2,6499887,0,GRU + Attention,4,20,0.4405663311481476
3,4550493,0,GRU + Attention,4,20,0.06964369118213654
4,11466673,0,GRU + Attention,4,20,0.06038382649421692
5,2479601,0,GRU + Attention,4,20,0.7037945985794067
6,8378544,0,GRU + Attention,4,20,0.668537974357605
7,9201661,0,GRU + Attention,4,20,0.2462211400270462
8,330739,0,GRU + Attention,4,20,0.05503237247467041
9,901826,0,GRU + Attention,4,20,0.2560481131076813
10,1972573,0,GRU + Attention,4,20,0.43281665444374084
11,7509166,0,GRU + Attention,4,20,0.15357302129268646
12,3752798,0,GRU + Attention,4,20,0.10692659765481949
13,7013909,0,GRU + Attention,4,20,0.7340730428695679
14,563996,0,GRU + Attention,4,20,0.23524703085422516
15,5171809,0,GRU + Attention,4,20,0.02592359110713005
16,3053337,0,GRU + Attention,4,20,0.05162245035171509
17,3675893,0,GRU + Attention,4,20,0.27796971797943115
18,724622,0,GRU + Attention,4,20,0.05913478881120682
19,7449726,0,GRU + Attention,4,20,0.07420603185892105
20,5918297,0,GRU + Attention,4,20,0.08562029898166656
21,10779582,0,GRU + Attention,4,20,0.053169384598731995
22,6537621,0,GRU + Attention,4,20,0.44332975149154663
23,5495648,0,GRU + Attention,4,20,0.05045077204704285
24,7391994,0,GRU + Attention,4,20,0.2027672380208969
25,3110284,0,GRU + Attention,4,20,0.5037753582000732
26,8677719,0,GRU + Attention,4,20,0.30430060625076294
27,9504487,0,GRU + Attention,4,20,0.15823252499103546
28,6158348,0,GRU + Attention,4,20,0.2642577588558197
29,10690171,0,GRU + Attention,4,20,0.6949974894523621
30,3131218,0,GRU + Attention,4,20,0.7434216737747192
31,2285187,0,GRU + Attention,4,20,0.6134014129638672
32,6452177,1,GRU + Attention,4,20,0.5439571142196655
33,8427549,0,GRU + Attention,4,20,0.026876229792833328
34,6759021,0,GRU + Attention,4,20,0.06944780051708221
35,7880934,0,GRU + Attention,4,20,0.2679242193698883
36,3429043,0,GRU + Attention,4,20,0.5234912633895874
37,2115993,1,GRU + Attention,4,20,0.3040444552898407
38,11019618,0,GRU + Attention,4,20,0.17386378347873688
39,1893158,0,GRU + Attention,4,20,0.1852099895477295
40,10146223,0,GRU + Attention,4,20,0.48628243803977966
41,3441821,0,GRU + Attention,4,20,0.16411437094211578
42,4391589,0,GRU + Attention,4,20,0.07175213098526001
43,6504503,0,GRU + Attention,4,20,0.029736271128058434
44,1462289,0,GRU + Attention,4,20,0.07394343614578247
45,1301122,0,GRU + Attention,4,20,0.13526934385299683
46,3618383,0,GRU + Attention,4,20,0.5894755125045776
47,10378934,0,GRU + Attention,4,20,0.5625726580619812
48,6939186,0,GRU + Attention,4,20,0.46947115659713745
49,6808059,0,GRU + Attention,4,20,0.19185224175453186
50,10313516,0,GRU + Attention,4,20,0.47044360637664795
51,7379114,0,GRU + Attention,4,20,0.4188493490219116
52,8311713,1,GRU + Attention,4,20,0.34398889541625977
53,3243039,0,GRU + Attention,4,20,0.12191490083932877
54,634821,0,GRU + Attention,4,20,0.14588387310504913
55,9241417,0,GRU + Attention,4,20,0.16850200295448303
56,8932838,0,GRU + Attention,4,20,0.47241881489753723
57,10420144,0,GRU + Attention,4,20,0.4574991762638092
58,6659608,0,GRU + Attention,4,20,0.4187174439430237
59,2984944,0,GRU + Attention,4,20,0.770468533039093
60,9719251,0,GRU + Attention,4,20,0.4799768030643463
61,539682,0,GRU + Attention,4,20,0.15479981899261475
62,3490662,0,GRU + Attention,4,20,0.400361031293869
63,642571,0,GRU + Attention,4,20,0.23623955249786377
64,6085551,0,GRU + Attention,4,20,0.2766658365726471
65,3450089,0,GRU + Attention,4,20,0.2795129716396332
66,2050332,0,GRU + Attention,4,20,0.2544005811214447
67,8097011,0,GRU + Attention,4,20,0.026298604905605316
68,1095309,0,GRU + Attention,4,20,0.6158959269523621
69,5850717,0,GRU + Attention,4,20,0.22222161293029785
70,520239,0,GRU + Attention,4,20,0.6755406856536865
71,11537607,0,GRU + Attention,4,20,0.6425619125366211
72,10362211,0,GRU + Attention,4,20,0.37480777502059937
73,1853221,0,GRU + Attention,4,20,0.4710800051689148
74,5743906,0,GRU + Attention,4,20,0.2454993575811386
75,3655672,0,GRU + Attention,4,20,0.10644792765378952
76,8018657,0,GRU + Attention,4,20,0.0536329448223114
77,7965009,0,GRU + Attention,4,20,0.039907265454530716
78,10876281,0,GRU + Attention,4,20,0.020739534869790077
79,218606,0,GRU + Attention,4,20,0.4358731210231781
80,4573881,0,GRU + Attention,4,20,0.060949455946683884
81,1153294,0,GRU + Attention,4,20,0.3873513340950012
82,2433847,0,GRU + Attention,4,20,0.3699473440647125
83,5498504,0,GRU + Attention,4,20,0.16470429301261902
84,4353957,1,GRU + Attention,4,20,0.30770444869995117
85,810662,0,GRU + Attention,4,20,0.0659417137503624
86,5288319,0,GRU + Attention,4,20,0.12126506865024567
87,7022768,0,GRU + Attention,4,20,0.5043150186538696
88,5169273,0,GRU + Attention,4,20,0.1426401138305664
89,2660248,0,GRU + Attention,4,20,0.2249070107936859
90,4934523,1,GRU + Attention,4,20,0.171282097697258
91,2144042,0,GRU + Attention,4,20,0.5837067365646362
92,3934133,0,GRU + Attention,4,20,0.4388374984264374
93,9342374,0,GRU + Attention,4,20,0.04236501455307007
94,4469039,0,GRU + Attention,4,20,0.5295245051383972
95,12844,0,GRU + Attention,4,20,0.22795087099075317
96,5139816,0,GRU + Attention,4,20,0.5745182037353516
97,7871211,0,GRU + Attention,4,20,0.5134992599487305
98,8844818,0,GRU + Attention,4,20,0.07093531638383865
99,1841057,0,GRU + Attention,4,20,0.053150590509176254
100,1923039,0,GRU + Attention,4,20,0.5717194676399231
1,5714601,0,XGBoost,4,20,0.35705167055130005
2,6499887,0,XGBoost,4,20,0.3221989870071411
3,4550493,0,XGBoost,4,20,0.18271656334400177
4,11466673,0,XGBoost,4,20,0.5518566370010376
5,2479601,0,XGBoost,4,20,0.3610534071922302
6,8378544,0,XGBoost,4,20,0.5193779468536377
7,9201661,0,XGBoost,4,20,0.38976189494132996
8,330739,0,XGBoost,4,20,0.25060349702835083
9,901826,0,XGBoost,4,20,0.28869107365608215
10,1972573,0,XGBoost,4,20,0.3179788291454315
11,7509166,0,XGBoost,4,20,0.12972921133041382
12,3752798,0,XGBoost,4,20,0.2390517294406891
13,7013909,0,XGBoost,4,20,0.6666238903999329
14,563996,0,XGBoost,4,20,0.053786538541316986
15,5171809,0,XGBoost,4,20,0.21463528275489807
16,3053337,0,XGBoost,4,20,0.3922687768936157
17,3675893,0,XGBoost,4,20,0.2087317407131195
18,724622,0,XGBoost,4,20,0.21702797710895538
19,7449726,0,XGBoost,4,20,0.35620149970054626
20,5918297,0,XGBoost,4,20,0.43042412400245667
21,10779582,0,XGBoost,4,20,0.17885178327560425
22,6537621,0,XGBoost,4,20,0.34208211302757263
23,5495648,0,XGBoost,4,20,0.19335174560546875
24,7391994,0,XGBoost,4,20,0.13235601782798767
25,3110284,0,XGBoost,4,20,0.06947813183069229
26,8677719,0,XGBoost,4,20,0.10776559263467789
27,9504487,0,XGBoost,4,20,0.17444215714931488
28,6158348,0,XGBoost,4,20,0.11429335922002792
29,10690171,0,XGBoost,4,20,0.30715715885162354
30,3131218,0,XGBoost,4,20,0.19581452012062073
31,2285187,0,XGBoost,4,20,0.5143174529075623
32,6452177,1,XGBoost,4,20,0.4925038814544678
33,8427549,0,XGBoost,4,20,0.15695072710514069
34,6759021,0,XGBoost,4,20,0.253925621509552
35,7880934,0,XGBoost,4,20,0.2633146345615387
36,3429043,0,XGBoost,4,20,0.20692528784275055
37,2115993,1,XGBoost,4,20,0.5974657535552979
38,11019618,0,XGBoost,4,20,0.5299902558326721
39,1893158,0,XGBoost,4,20,0.22251445055007935
40,10146223,0,XGBoost,4,20,0.263531357049942
41,3441821,0,XGBoost,4,20,0.2373708188533783
42,4391589,0,XGBoost,4,20,0.1767314076423645
43,6504503,0,XGBoost,4,20,0.14818882942199707
44,1462289,0,XGBoost,4,20,0.3048743009567261
45,1301122,0,XGBoost,4,20,0.26257431507110596
46,3618383,0,XGBoost,4,20,0.4089774787425995
47,10378934,0,XGBoost,4,20,0.36281538009643555
48,6939186,0,XGBoost,4,20,0.21220745146274567
49,6808059,0,XGBoost,4,20,0.31204694509506226
50,10313516,0,XGBoost,4,20,0.6490473747253418
51,7379114,0,XGBoost,4,20,0.27200624346733093
52,8311713,1,XGBoost,4,20,0.180783212184906
53,3243039,0,XGBoost,4,20,0.20990507304668427
54,634821,0,XGBoost,4,20,0.2910591959953308
55,9241417,0,XGBoost,4,20,0.10804428160190582
56,8932838,0,XGBoost,4,20,0.35896703600883484
57,10420144,0,XGBoost,4,20,0.35261788964271545
58,6659608,0,XGBoost,4,20,0.1376405507326126
59,2984944,0,XGBoost,4,20,0.2541225850582123
60,9719251,0,XGBoost,4,20,0.555887758731842
61,539682,0,XGBoost,4,20,0.1097053587436676
62,3490662,0,XGBoost,4,20,0.7213202118873596
63,642571,0,XGBoost,4,20,0.3567976951599121
64,6085551,0,XGBoost,4,20,0.3621041178703308
65,3450089,0,XGBoost,4,20,0.1951894611120224
66,2050332,0,XGBoost,4,20,0.2760881185531616
67,8097011,0,XGBoost,4,20,0.18767717480659485
68,1095309,0,XGBoost,4,20,0.7467628121376038
69,5850717,0,XGBoost,4,20,0.23260639607906342
70,520239,0,XGBoost,4,20,0.5287993550300598
71,11537607,0,XGBoost,4,20,0.6981188058853149
72,10362211,0,XGBoost,4,20,0.2663290500640869
73,1853221,0,XGBoost,4,20,0.24216334521770477
74,5743906,0,XGBoost,4,20,0.2865513861179352
75,3655672,0,XGBoost,4,20,0.1385006606578827
76,8018657,0,XGBoost,4,20,0.18581220507621765
77,7965009,0,XGBoost,4,20,0.08078313618898392
78,10876281,0,XGBoost,4,20,0.1269720047712326
79,218606,0,XGBoost,4,20,0.288532555103302
80,4573881,0,XGBoost,4,20,0.5602272748947144
81,1153294,0,XGBoost,4,20,0.35116204619407654
82,2433847,0,XGBoost,4,20,0.5239372253417969
83,5498504,0,XGBoost,4,20,0.26789841055870056
84,4353957,1,XGBoost,4,20,0.2971075773239136
85,810662,0,XGBoost,4,20,0.3204304277896881
86,5288319,0,XGBoost,4,20,0.19696806371212006
87,7022768,0,XGBoost,4,20,0.4279342293739319
88,5169273,0,XGBoost,4,20,0.16963571310043335
89,2660248,0,XGBoost,4,20,0.22413933277130127
90,4934523,1,XGBoost,4,20,0.26418399810791016
91,2144042,0,XGBoost,4,20,0.320136696100235
92,3934133,0,XGBoost,4,20,0.3339240550994873
93,9342374,0,XGBoost,4,20,0.22784703969955444
94,4469039,0,XGBoost,4,20,0.2550373673439026
95,12844,0,XGBoost,4,20,0.14351074397563934
96,5139816,0,XGBoost,4,20,0.19713222980499268
97,7871211,0,XGBoost,4,20,0.2762589752674103
98,8844818,0,XGBoost,4,20,0.3678364157676697
99,1841057,0,XGBoost,4,20,0.15729950368404388
100,1923039,0,XGBoost,4,20,0.5354583263397217
1,5714601,0,LightGBM,4,20,0.4376713283818007
2,6499887,0,LightGBM,4,20,0.35275194954777367
3,4550493,0,LightGBM,4,20,0.20118313845075053
4,11466673,0,LightGBM,4,20,0.7022580216193447
5,2479601,0,LightGBM,4,20,0.3698912010738117
6,8378544,0,LightGBM,4,20,0.5225674659075492
7,9201661,0,LightGBM,4,20,0.34378856383594014
8,330739,0,LightGBM,4,20,0.2843877999954899
9,901826,0,LightGBM,4,20,0.24060248729071315
10,1972573,0,LightGBM,4,20,0.2735944470381312
11,7509166,0,LightGBM,4,20,0.15974833764330074
12,3752798,0,LightGBM,4,20,0.335536298897958
13,7013909,0,LightGBM,4,20,0.6068111584667384
14,563996,0,LightGBM,4,20,0.05630760711469738
15,5171809,0,LightGBM,4,20,0.1841715623412984
16,3053337,0,LightGBM,4,20,0.30626601137065496
17,3675893,0,LightGBM,4,20,0.20208429303524955
18,724622,0,LightGBM,4,20,0.23549592128583946
19,7449726,0,LightGBM,4,20,0.4618646144037875
20,5918297,0,LightGBM,4,20,0.45201682311832064
21,10779582,0,LightGBM,4,20,0.2520038825706185
22,6537621,0,LightGBM,4,20,0.299983182594607
23,5495648,0,LightGBM,4,20,0.23603718895669218
24,7391994,0,LightGBM,4,20,0.22523218803994718
25,3110284,0,LightGBM,4,20,0.37664625204032093
26,8677719,0,LightGBM,4,20,0.16917009620516654
27,9504487,0,LightGBM,4,20,0.1950661631116867
28,6158348,0,LightGBM,4,20,0.16801474090090449
29,10690171,0,LightGBM,4,20,0.2963918022945079
30,3131218,0,LightGBM,4,20,0.23319252123911388
31,2285187,0,LightGBM,4,20,0.4952489955728366
32,6452177,1,LightGBM,4,20,0.5141987384227119
33,8427549,0,LightGBM,4,20,0.15932039548145632
34,6759021,0,LightGBM,4,20,0.2128594491278186
35,7880934,0,LightGBM,4,20,0.24664426634339948
36,3429043,0,LightGBM,4,20,0.3044163812939535
37,2115993,1,LightGBM,4,20,0.5533708501936493
38,11019618,0,LightGBM,4,20,0.5233593389819947
39,1893158,0,LightGBM,4,20,0.22845083812681996
40,10146223,0,LightGBM,4,20,0.2883065568891745
41,3441821,0,LightGBM,4,20,0.3253090200836091
42,4391589,0,LightGBM,4,20,0.2574876485708592
43,6504503,0,LightGBM,4,20,0.14575715556493443
44,1462289,0,LightGBM,4,20,0.26990900768551374
45,1301122,0,LightGBM,4,20,0.25217307517737036
46,3618383,0,LightGBM,4,20,0.42074563182418084
47,10378934,0,LightGBM,4,20,0.37761960033561487
48,6939186,0,LightGBM,4,20,0.16101183079436526
49,6808059,0,LightGBM,4,20,0.2393512913309713
50,10313516,0,LightGBM,4,20,0.39290505950109783
51,7379114,0,LightGBM,4,20,0.14022505935857615
52,8311713,1,LightGBM,4,20,0.21957454196569143
53,3243039,0,LightGBM,4,20,0.2141387321258541
54,634821,0,LightGBM,4,20,0.28413476480915095
55,9241417,0,LightGBM,4,20,0.12560953067348138
56,8932838,0,LightGBM,4,20,0.2747043023560826
57,10420144,0,LightGBM,4,20,0.29691987600056835
58,6659608,0,LightGBM,4,20,0.1801937140222199
59,2984944,0,LightGBM,4,20,0.19974818927046378
60,9719251,0,LightGBM,4,20,0.594898976028137
61,539682,0,LightGBM,4,20,0.14211951322564123
62,3490662,0,LightGBM,4,20,0.6735869126413394
63,642571,0,LightGBM,4,20,0.34106934364528785
64,6085551,0,LightGBM,4,20,0.3010554276570269
65,3450089,0,LightGBM,4,20,0.26119304191206005
66,2050332,0,LightGBM,4,20,0.28911227857210114
67,8097011,0,LightGBM,4,20,0.3479905419556257
68,1095309,0,LightGBM,4,20,0.7200164117042996
69,5850717,0,LightGBM,4,20,0.27344341878292955
70,520239,0,LightGBM,4,20,0.39103103826394403
71,11537607,0,LightGBM,4,20,0.6976214118999005
72,10362211,0,LightGBM,4,20,0.3389217014234422
73,1853221,0,LightGBM,4,20,0.220730848625582
74,5743906,0,LightGBM,4,20,0.25117901683556043
75,3655672,0,LightGBM,4,20,0.16425938985000313
76,8018657,0,LightGBM,4,20,0.1887433124852138
77,7965009,0,LightGBM,4,20,0.10097653624724534
78,10876281,0,LightGBM,4,20,0.19307431100283162
79,218606,0,LightGBM,4,20,0.300283522619926
80,4573881,0,LightGBM,4,20,0.5491773507945206
81,1153294,0,LightGBM,4,20,0.3403696747110675
82,2433847,0,LightGBM,4,20,0.5093263564243025
83,5498504,0,LightGBM,4,20,0.3103780929408186
84,4353957,1,LightGBM,4,20,0.41741262079191505
85,810662,0,LightGBM,4,20,0.29935413807883726
86,5288319,0,LightGBM,4,20,0.21842031520869956
87,7022768,0,LightGBM,4,20,0.38381386683472135
88,5169273,0,LightGBM,4,20,0.1763134660898513
89,2660248,0,LightGBM,4,20,0.21345935805525473
90,4934523,1,LightGBM,4,20,0.26902286546406723
91,2144042,0,LightGBM,4,20,0.2886275993843235
92,3934133,0,LightGBM,4,20,0.31909942901468047
93,9342374,0,LightGBM,4,20,0.30949900474901604
94,4469039,0,LightGBM,4,20,0.2927110477030803
95,12844,0,LightGBM,4,20,0.17656965599702165
96,5139816,0,LightGBM,4,20,0.20322771817917124
97,7871211,0,LightGBM,4,20,0.2756367419198893
98,8844818,0,LightGBM,4,20,0.5357257435014604
99,1841057,0,LightGBM,4,20,0.2246060755714671
100,1923039,0,LightGBM,4,20,0.5688192726195317
1,5714601,0,LSTM,5,25,0.016416577622294426
2,6499887,0,LSTM,5,25,0.7092006802558899
3,4550493,0,LSTM,5,25,0.05886773765087128
4,11466673,0,LSTM,5,25,0.008046520873904228
5,2479601,0,LSTM,5,25,0.7691100835800171
6,8378544,0,LSTM,5,25,0.8821932077407837
7,9201661,0,LSTM,5,25,0.051011208444833755
8,330739,0,LSTM,5,25,0.015048692934215069
9,901826,0,LSTM,5,25,0.693037748336792
10,1972573,0,LSTM,5,25,0.6342996954917908
11,7509166,0,LSTM,5,25,0.18927879631519318
12,3752798,0,LSTM,5,25,0.11447857320308685
13,7013909,0,LSTM,5,25,0.9043677449226379
14,563996,0,LSTM,5,25,0.28883516788482666
15,5171809,0,LSTM,5,25,0.02830030396580696
16,3053337,0,LSTM,5,25,0.00221253652125597
17,3675893,0,LSTM,5,25,0.24068428575992584
18,724622,0,LSTM,5,25,0.025681518018245697
19,7449726,0,LSTM,5,25,0.06800811737775803
20,5918297,0,LSTM,5,25,0.015615830197930336
21,10779582,0,LSTM,5,25,0.007914034649729729
22,6537621,0,LSTM,5,25,0.2271757423877716
23,5495648,0,LSTM,5,25,0.008005473762750626
24,7391994,0,LSTM,5,25,0.14547638595104218
25,3110284,0,LSTM,5,25,0.5405301451683044
26,8677719,0,LSTM,5,25,0.10530536621809006
27,9504487,0,LSTM,5,25,0.06412068754434586
28,6158348,0,LSTM,5,25,0.39300888776779175
29,10690171,0,LSTM,5,25,0.7565160393714905
30,3131218,0,LSTM,5,25,0.7969353199005127
31,2285187,0,LSTM,5,25,0.6791883707046509
32,6452177,1,LSTM,5,25,0.5313206911087036
33,8427549,0,LSTM,5,25,0.01895487867295742
34,6759021,0,LSTM,5,25,0.08070220798254013
35,7880934,0,LSTM,5,25,0.2023974508047104
36,3429043,0,LSTM,5,25,0.9483813047409058
37,2115993,1,LSTM,5,25,0.46707579493522644
38,11019618,0,LSTM,5,25,0.1488804817199707
39,1893158,0,LSTM,5,25,0.4308268129825592
40,10146223,0,LSTM,5,25,0.5556971430778503
41,3441821,0,LSTM,5,25,0.11213774234056473
42,4391589,0,LSTM,5,25,0.02096545696258545
43,6504503,0,LSTM,5,25,0.00912417471408844
44,1462289,0,LSTM,5,25,0.13075919449329376
45,1301122,0,LSTM,5,25,0.09026648104190826
46,3618383,0,LSTM,5,25,0.5595064163208008
47,10378934,0,LSTM,5,25,0.6844996213912964
48,6939186,0,LSTM,5,25,0.43462827801704407
49,6808059,0,LSTM,5,25,0.10448160022497177
50,10313516,0,LSTM,5,25,0.3467976450920105
51,7379114,0,LSTM,5,25,0.3463798463344574
52,8311713,1,LSTM,5,25,0.26959124207496643
53,3243039,0,LSTM,5,25,0.01588551327586174
54,634821,0,LSTM,5,25,0.02957940846681595
55,9241417,0,LSTM,5,25,0.17385032773017883
56,8932838,0,LSTM,5,25,0.6008442640304565
57,10420144,0,LSTM,5,25,0.49150148034095764
58,6659608,0,LSTM,5,25,0.7255256772041321
59,2984944,0,LSTM,5,25,0.860795795917511
60,9719251,0,LSTM,5,25,0.7284903526306152
61,539682,0,LSTM,5,25,0.13393272459506989
62,3490662,0,LSTM,5,25,0.8592535853385925
63,642571,0,LSTM,5,25,0.21878886222839355
64,6085551,0,LSTM,5,25,0.05776634067296982
65,3450089,0,LSTM,5,25,0.28788965940475464
66,2050332,0,LSTM,5,25,0.10886867344379425
67,8097011,0,LSTM,5,25,0.013830387033522129
68,1095309,0,LSTM,5,25,0.890687108039856
69,5850717,0,LSTM,5,25,0.08629495650529861
70,520239,0,LSTM,5,25,0.652927041053772
71,11537607,0,LSTM,5,25,0.807137131690979
72,10362211,0,LSTM,5,25,0.46642544865608215
73,1853221,0,LSTM,5,25,0.4539114534854889
74,5743906,0,LSTM,5,25,0.2739035189151764
75,3655672,0,LSTM,5,25,0.20392650365829468
76,8018657,0,LSTM,5,25,0.04002164676785469
77,7965009,0,LSTM,5,25,0.07883325219154358
78,10876281,0,LSTM,5,25,0.011722528375685215
79,218606,0,LSTM,5,25,0.38726621866226196
80,4573881,0,LSTM,5,25,0.0968647450208664
81,1153294,0,LSTM,5,25,0.12520889937877655
82,2433847,0,LSTM,5,25,0.038659948855638504
83,5498504,0,LSTM,5,25,0.13700154423713684
84,4353957,1,LSTM,5,25,0.1690312772989273
85,810662,0,LSTM,5,25,0.009272124618291855
86,5288319,0,LSTM,5,25,0.08693596720695496
87,7022768,0,LSTM,5,25,0.592370331287384
88,5169273,0,LSTM,5,25,0.1612509936094284
89,2660248,0,LSTM,5,25,0.13982190191745758
90,4934523,1,LSTM,5,25,0.31244897842407227
91,2144042,0,LSTM,5,25,0.6229214668273926
92,3934133,0,LSTM,5,25,0.56464684009552
93,9342374,0,LSTM,5,25,0.0018093108665198088
94,4469039,0,LSTM,5,25,0.4616694152355194
95,12844,0,LSTM,5,25,0.18661455810070038
96,5139816,0,LSTM,5,25,0.6934629678726196
97,7871211,0,LSTM,5,25,0.6713130474090576
98,8844818,0,LSTM,5,25,0.015860911458730698
99,1841057,0,LSTM,5,25,0.015984827652573586
100,1923039,0,LSTM,5,25,0.9044449925422668
1,5714601,0,GRU,5,25,0.11945638805627823
2,6499887,0,GRU,5,25,0.46364718675613403
3,4550493,0,GRU,5,25,0.2267606407403946
4,11466673,0,GRU,5,25,0.05239880830049515
5,2479601,0,GRU,5,25,0.692300021648407
6,8378544,0,GRU,5,25,0.7999123930931091
7,9201661,0,GRU,5,25,0.30284973978996277
8,330739,0,GRU,5,25,0.05503307282924652
9,901826,0,GRU,5,25,0.41073504090309143
10,1972573,0,GRU,5,25,0.442160427570343
11,7509166,0,GRU,5,25,0.22602319717407227
12,3752798,0,GRU,5,25,0.14066828787326813
13,7013909,0,GRU,5,25,0.7971031665802002
14,563996,0,GRU,5,25,0.34938547015190125
15,5171809,0,GRU,5,25,0.0681556910276413
16,3053337,0,GRU,5,25,0.006211697589606047
17,3675893,0,GRU,5,25,0.2983759343624115
18,724622,0,GRU,5,25,0.05532084032893181
19,7449726,0,GRU,5,25,0.12159034609794617
20,5918297,0,GRU,5,25,0.15041933953762054
21,10779582,0,GRU,5,25,0.050310540944337845
22,6537621,0,GRU,5,25,0.28455379605293274
23,5495648,0,GRU,5,25,0.022028056904673576
24,7391994,0,GRU,5,25,0.15484492480754852
25,3110284,0,GRU,5,25,0.46277034282684326
26,8677719,0,GRU,5,25,0.19313646852970123
27,9504487,0,GRU,5,25,0.09903629124164581
28,6158348,0,GRU,5,25,0.4510163366794586
29,10690171,0,GRU,5,25,0.568976640701294
30,3131218,0,GRU,5,25,0.6578792333602905
31,2285187,0,GRU,5,25,0.5722806453704834
32,6452177,1,GRU,5,25,0.44837164878845215
33,8427549,0,GRU,5,25,0.07969994843006134
34,6759021,0,GRU,5,25,0.19370777904987335
35,7880934,0,GRU,5,25,0.20421206951141357
36,3429043,0,GRU,5,25,0.8475069999694824
37,2115993,1,GRU,5,25,0.40567007660865784
38,11019618,0,GRU,5,25,0.21315540373325348
39,1893158,0,GRU,5,25,0.3051748275756836
40,10146223,0,GRU,5,25,0.4700174927711487
41,3441821,0,GRU,5,25,0.17751337587833405
42,4391589,0,GRU,5,25,0.09771907329559326
43,6504503,0,GRU,5,25,0.02772744745016098
44,1462289,0,GRU,5,25,0.24094873666763306
45,1301122,0,GRU,5,25,0.13523291051387787
46,3618383,0,GRU,5,25,0.4846961200237274
47,10378934,0,GRU,5,25,0.588556170463562
48,6939186,0,GRU,5,25,0.5421016216278076
49,6808059,0,GRU,5,25,0.19975025951862335
50,10313516,0,GRU,5,25,0.43033793568611145
51,7379114,0,GRU,5,25,0.41641685366630554
52,8311713,1,GRU,5,25,0.37209799885749817
53,3243039,0,GRU,5,25,0.06838293373584747
54,634821,0,GRU,5,25,0.12604103982448578
55,9241417,0,GRU,5,25,0.21828901767730713
56,8932838,0,GRU,5,25,0.5901625752449036
57,10420144,0,GRU,5,25,0.4519428014755249
58,6659608,0,GRU,5,25,0.5775721669197083
59,2984944,0,GRU,5,25,0.8662168979644775
60,9719251,0,GRU,5,25,0.5711942911148071
61,539682,0,GRU,5,25,0.20370370149612427
62,3490662,0,GRU,5,25,0.7882913947105408
63,642571,0,GRU,5,25,0.5242557525634766
64,6085551,0,GRU,5,25,0.2869579792022705
65,3450089,0,GRU,5,25,0.2382378876209259
66,2050332,0,GRU,5,25,0.15397164225578308
67,8097011,0,GRU,5,25,0.05652977153658867
68,1095309,0,GRU,5,25,0.732025146484375
69,5850717,0,GRU,5,25,0.16961397230625153
70,520239,0,GRU,5,25,0.5302339792251587
71,11537607,0,GRU,5,25,0.5998313426971436
72,10362211,0,GRU,5,25,0.713347315788269
73,1853221,0,GRU,5,25,0.47194722294807434
74,5743906,0,GRU,5,25,0.35002440214157104
75,3655672,0,GRU,5,25,0.2495119869709015
76,8018657,0,GRU,5,25,0.09011615812778473
77,7965009,0,GRU,5,25,0.12175512313842773
78,10876281,0,GRU,5,25,0.05553693324327469
79,218606,0,GRU,5,25,0.39357468485832214
80,4573881,0,GRU,5,25,0.08929213136434555
81,1153294,0,GRU,5,25,0.17715506255626678
82,2433847,0,GRU,5,25,0.08769482374191284
83,5498504,0,GRU,5,25,0.16797107458114624
84,4353957,1,GRU,5,25,0.6162283420562744
85,810662,0,GRU,5,25,0.09170296788215637
86,5288319,0,GRU,5,25,0.13138146698474884
87,7022768,0,GRU,5,25,0.5501134395599365
88,5169273,0,GRU,5,25,0.20262734591960907
89,2660248,0,GRU,5,25,0.16818660497665405
90,4934523,1,GRU,5,25,0.5815967321395874
91,2144042,0,GRU,5,25,0.5052782297134399
92,3934133,0,GRU,5,25,0.45887523889541626
93,9342374,0,GRU,5,25,0.013477792963385582
94,4469039,0,GRU,5,25,0.6863753795623779
95,12844,0,GRU,5,25,0.28252190351486206
96,5139816,0,GRU,5,25,0.5891741514205933
97,7871211,0,GRU,5,25,0.6675941944122314
98,8844818,0,GRU,5,25,0.08410120010375977
99,1841057,0,GRU,5,25,0.05848520249128342
100,1923039,0,GRU,5,25,0.8569815158843994
1,5714601,0,GRU + Attention,5,25,0.15279699862003326
2,6499887,0,GRU + Attention,5,25,0.4405663311481476
3,4550493,0,GRU + Attention,5,25,0.1309075951576233
4,11466673,0,GRU + Attention,5,25,0.06899150460958481
5,2479601,0,GRU + Attention,5,25,0.7037945985794067
6,8378544,0,GRU + Attention,5,25,0.668537974357605
7,9201661,0,GRU + Attention,5,25,0.2462211400270462
8,330739,0,GRU + Attention,5,25,0.05503237247467041
9,901826,0,GRU + Attention,5,25,0.2560481131076813
10,1972573,0,GRU + Attention,5,25,0.43281665444374084
11,7509166,0,GRU + Attention,5,25,0.15357302129268646
12,3752798,0,GRU + Attention,5,25,0.10692659765481949
13,7013909,0,GRU + Attention,5,25,0.7709075808525085
14,563996,0,GRU + Attention,5,25,0.23524703085422516
15,5171809,0,GRU + Attention,5,25,0.02592359110713005
16,3053337,0,GRU + Attention,5,25,0.03814198449254036
17,3675893,0,GRU + Attention,5,25,0.27796971797943115
18,724622,0,GRU + Attention,5,25,0.05913478881120682
19,7449726,0,GRU + Attention,5,25,0.07420603185892105
20,5918297,0,GRU + Attention,5,25,0.1337621659040451
21,10779582,0,GRU + Attention,5,25,0.053169384598731995
22,6537621,0,GRU + Attention,5,25,0.44332975149154663
23,5495648,0,GRU + Attention,5,25,0.05045077204704285
24,7391994,0,GRU + Attention,5,25,0.2027672380208969
25,3110284,0,GRU + Attention,5,25,0.5037753582000732
26,8677719,0,GRU + Attention,5,25,0.30430060625076294
27,9504487,0,GRU + Attention,5,25,0.15823252499103546
28,6158348,0,GRU + Attention,5,25,0.2642577588558197
29,10690171,0,GRU + Attention,5,25,0.6967718005180359
30,3131218,0,GRU + Attention,5,25,0.7434216737747192
31,2285187,0,GRU + Attention,5,25,0.6134014129638672
32,6452177,1,GRU + Attention,5,25,0.5439571142196655
33,8427549,0,GRU + Attention,5,25,0.026876229792833328
34,6759021,0,GRU + Attention,5,25,0.06944780051708221
35,7880934,0,GRU + Attention,5,25,0.2679242193698883
36,3429043,0,GRU + Attention,5,25,0.7171289920806885
37,2115993,1,GRU + Attention,5,25,0.3040444552898407
38,11019618,0,GRU + Attention,5,25,0.27581068873405457
39,1893158,0,GRU + Attention,5,25,0.1852099895477295
40,10146223,0,GRU + Attention,5,25,0.48628243803977966
41,3441821,0,GRU + Attention,5,25,0.16411437094211578
42,4391589,0,GRU + Attention,5,25,0.07175213098526001
43,6504503,0,GRU + Attention,5,25,0.029736271128058434
44,1462289,0,GRU + Attention,5,25,0.07394343614578247
45,1301122,0,GRU + Attention,5,25,0.13526934385299683
46,3618383,0,GRU + Attention,5,25,0.5894755125045776
47,10378934,0,GRU + Attention,5,25,0.5625726580619812
48,6939186,0,GRU + Attention,5,25,0.46947115659713745
49,6808059,0,GRU + Attention,5,25,0.19185224175453186
50,10313516,0,GRU + Attention,5,25,0.47044360637664795
51,7379114,0,GRU + Attention,5,25,0.4188493490219116
52,8311713,1,GRU + Attention,5,25,0.34398889541625977
53,3243039,0,GRU + Attention,5,25,0.12191490083932877
54,634821,0,GRU + Attention,5,25,0.1589374542236328
55,9241417,0,GRU + Attention,5,25,0.16850200295448303
56,8932838,0,GRU + Attention,5,25,0.47241881489753723
57,10420144,0,GRU + Attention,5,25,0.4574991762638092
58,6659608,0,GRU + Attention,5,25,0.4187174439430237
59,2984944,0,GRU + Attention,5,25,0.770468533039093
60,9719251,0,GRU + Attention,5,25,0.4799768030643463
61,539682,0,GRU + Attention,5,25,0.15479981899261475
62,3490662,0,GRU + Attention,5,25,0.5577690601348877
63,642571,0,GRU + Attention,5,25,0.26539647579193115
64,6085551,0,GRU + Attention,5,25,0.2766658365726471
65,3450089,0,GRU + Attention,5,25,0.2795129716396332
66,2050332,0,GRU + Attention,5,25,0.2544005811214447
67,8097011,0,GRU + Attention,5,25,0.026298604905605316
68,1095309,0,GRU + Attention,5,25,0.6158959269523621
69,5850717,0,GRU + Attention,5,25,0.22222161293029785
70,520239,0,GRU + Attention,5,25,0.6564062833786011
71,11537607,0,GRU + Attention,5,25,0.6425619125366211
72,10362211,0,GRU + Attention,5,25,0.4287616014480591
73,1853221,0,GRU + Attention,5,25,0.4710800051689148
74,5743906,0,GRU + Attention,5,25,0.2454993575811386
75,3655672,0,GRU + Attention,5,25,0.10644792765378952
76,8018657,0,GRU + Attention,5,25,0.0536329448223114
77,7965009,0,GRU + Attention,5,25,0.039907265454530716
78,10876281,0,GRU + Attention,5,25,0.020739534869790077
79,218606,0,GRU + Attention,5,25,0.4358731210231781
80,4573881,0,GRU + Attention,5,25,0.060949455946683884
81,1153294,0,GRU + Attention,5,25,0.3873513340950012
82,2433847,0,GRU + Attention,5,25,0.2813253700733185
83,5498504,0,GRU + Attention,5,25,0.16470429301261902
84,4353957,1,GRU + Attention,5,25,0.4454926550388336
85,810662,0,GRU + Attention,5,25,0.0659417137503624
86,5288319,0,GRU + Attention,5,25,0.12126506865024567
87,7022768,0,GRU + Attention,5,25,0.5043150186538696
88,5169273,0,GRU + Attention,5,25,0.1426401138305664
89,2660248,0,GRU + Attention,5,25,0.2249070107936859
90,4934523,1,GRU + Attention,5,25,0.5703190565109253
91,2144042,0,GRU + Attention,5,25,0.5837067365646362
92,3934133,0,GRU + Attention,5,25,0.4388374984264374
93,9342374,0,GRU + Attention,5,25,0.04236501455307007
94,4469039,0,GRU + Attention,5,25,0.6006121635437012
95,12844,0,GRU + Attention,5,25,0.22795087099075317
96,5139816,0,GRU + Attention,5,25,0.5745182037353516
97,7871211,0,GRU + Attention,5,25,0.5134992599487305
98,8844818,0,GRU + Attention,5,25,0.07093531638383865
99,1841057,0,GRU + Attention,5,25,0.053150590509176254
100,1923039,0,GRU + Attention,5,25,0.7254860997200012
1,5714601,0,XGBoost,5,25,0.35705167055130005
2,6499887,0,XGBoost,5,25,0.3221989870071411
3,4550493,0,XGBoost,5,25,0.27385780215263367
4,11466673,0,XGBoost,5,25,0.6626734137535095
5,2479601,0,XGBoost,5,25,0.3610534071922302
6,8378544,0,XGBoost,5,25,0.5193779468536377
7,9201661,0,XGBoost,5,25,0.38976189494132996
8,330739,0,XGBoost,5,25,0.25060349702835083
9,901826,0,XGBoost,5,25,0.28869107365608215
10,1972573,0,XGBoost,5,25,0.3179788291454315
11,7509166,0,XGBoost,5,25,0.12972921133041382
12,3752798,0,XGBoost,5,25,0.2390517294406891
13,7013909,0,XGBoost,5,25,0.715549886226654
14,563996,0,XGBoost,5,25,0.053786538541316986
15,5171809,0,XGBoost,5,25,0.21463528275489807
16,3053337,0,XGBoost,5,25,0.2822880446910858
17,3675893,0,XGBoost,5,25,0.2087317407131195
18,724622,0,XGBoost,5,25,0.21702797710895538
19,7449726,0,XGBoost,5,25,0.35620149970054626
20,5918297,0,XGBoost,5,25,0.5163270831108093
21,10779582,0,XGBoost,5,25,0.17885178327560425
22,6537621,0,XGBoost,5,25,0.34208211302757263
23,5495648,0,XGBoost,5,25,0.19335174560546875
24,7391994,0,XGBoost,5,25,0.13235601782798767
25,3110284,0,XGBoost,5,25,0.06947813183069229
26,8677719,0,XGBoost,5,25,0.10776559263467789
27,9504487,0,XGBoost,5,25,0.17444215714931488
28,6158348,0,XGBoost,5,25,0.11429335922002792
29,10690171,0,XGBoost,5,25,0.32910358905792236
30,3131218,0,XGBoost,5,25,0.19581452012062073
31,2285187,0,XGBoost,5,25,0.5143174529075623
32,6452177,1,XGBoost,5,25,0.4925038814544678
33,8427549,0,XGBoost,5,25,0.15695072710514069
34,6759021,0,XGBoost,5,25,0.253925621509552
35,7880934,0,XGBoost,5,25,0.2633146345615387
36,3429043,0,XGBoost,5,25,0.5587899088859558
37,2115993,1,XGBoost,5,25,0.5974657535552979
38,11019618,0,XGBoost,5,25,0.553184986114502
39,1893158,0,XGBoost,5,25,0.22251445055007935
40,10146223,0,XGBoost,5,25,0.263531357049942
41,3441821,0,XGBoost,5,25,0.2373708188533783
42,4391589,0,XGBoost,5,25,0.1767314076423645
43,6504503,0,XGBoost,5,25,0.14818882942199707
44,1462289,0,XGBoost,5,25,0.3048743009567261
45,1301122,0,XGBoost,5,25,0.26257431507110596
46,3618383,0,XGBoost,5,25,0.4089774787425995
47,10378934,0,XGBoost,5,25,0.36281538009643555
48,6939186,0,XGBoost,5,25,0.21220745146274567
49,6808059,0,XGBoost,5,25,0.31204694509506226
50,10313516,0,XGBoost,5,25,0.6490473747253418
51,7379114,0,XGBoost,5,25,0.27200624346733093
52,8311713,1,XGBoost,5,25,0.180783212184906
53,3243039,0,XGBoost,5,25,0.20990507304668427
54,634821,0,XGBoost,5,25,0.18149594962596893
55,9241417,0,XGBoost,5,25,0.10804428160190582
56,8932838,0,XGBoost,5,25,0.35896703600883484
57,10420144,0,XGBoost,5,25,0.35261788964271545
58,6659608,0,XGBoost,5,25,0.1376405507326126
59,2984944,0,XGBoost,5,25,0.2541225850582123
60,9719251,0,XGBoost,5,25,0.555887758731842
61,539682,0,XGBoost,5,25,0.1097053587436676
62,3490662,0,XGBoost,5,25,0.7772353887557983
63,642571,0,XGBoost,5,25,0.534092903137207
64,6085551,0,XGBoost,5,25,0.3621041178703308
65,3450089,0,XGBoost,5,25,0.1951894611120224
66,2050332,0,XGBoost,5,25,0.2760881185531616
67,8097011,0,XGBoost,5,25,0.18767717480659485
68,1095309,0,XGBoost,5,25,0.7467628121376038
69,5850717,0,XGBoost,5,25,0.23260639607906342
70,520239,0,XGBoost,5,25,0.5415322184562683
71,11537607,0,XGBoost,5,25,0.6981188058853149
72,10362211,0,XGBoost,5,25,0.38063687086105347
73,1853221,0,XGBoost,5,25,0.24216334521770477
74,5743906,0,XGBoost,5,25,0.2865513861179352
75,3655672,0,XGBoost,5,25,0.1385006606578827
76,8018657,0,XGBoost,5,25,0.18581220507621765
77,7965009,0,XGBoost,5,25,0.08078313618898392
78,10876281,0,XGBoost,5,25,0.1269720047712326
79,218606,0,XGBoost,5,25,0.288532555103302
80,4573881,0,XGBoost,5,25,0.5602272748947144
81,1153294,0,XGBoost,5,25,0.35116204619407654
82,2433847,0,XGBoost,5,25,0.41801226139068604
83,5498504,0,XGBoost,5,25,0.26789841055870056
84,4353957,1,XGBoost,5,25,0.44062766432762146
85,810662,0,XGBoost,5,25,0.3204304277896881
86,5288319,0,XGBoost,5,25,0.19696806371212006
87,7022768,0,XGBoost,5,25,0.4279342293739319
88,5169273,0,XGBoost,5,25,0.16963571310043335
89,2660248,0,XGBoost,5,25,0.22413933277130127
90,4934523,1,XGBoost,5,25,0.4320060908794403
91,2144042,0,XGBoost,5,25,0.320136696100235
92,3934133,0,XGBoost,5,25,0.3339240550994873
93,9342374,0,XGBoost,5,25,0.22784703969955444
94,4469039,0,XGBoost,5,25,0.34504932165145874
95,12844,0,XGBoost,5,25,0.14351074397563934
96,5139816,0,XGBoost,5,25,0.19713222980499268
97,7871211,0,XGBoost,5,25,0.2762589752674103
98,8844818,0,XGBoost,5,25,0.3678364157676697
99,1841057,0,XGBoost,5,25,0.15729950368404388
100,1923039,0,XGBoost,5,25,0.7518828511238098
1,5714601,0,LightGBM,5,25,0.4376713283818007
2,6499887,0,LightGBM,5,25,0.35275194954777367
3,4550493,0,LightGBM,5,25,0.19644159793995353
4,11466673,0,LightGBM,5,25,0.7668871764620019
5,2479601,0,LightGBM,5,25,0.3698912010738117
6,8378544,0,LightGBM,5,25,0.5225674659075492
7,9201661,0,LightGBM,5,25,0.34378856383594014
8,330739,0,LightGBM,5,25,0.2843877999954899
9,901826,0,LightGBM,5,25,0.24060248729071315
10,1972573,0,LightGBM,5,25,0.2735944470381312
11,7509166,0,LightGBM,5,25,0.15974833764330074
12,3752798,0,LightGBM,5,25,0.335536298897958
13,7013909,0,LightGBM,5,25,0.6906273121666711
14,563996,0,LightGBM,5,25,0.05630760711469738
15,5171809,0,LightGBM,5,25,0.1841715623412984
16,3053337,0,LightGBM,5,25,0.38747073546607147
17,3675893,0,LightGBM,5,25,0.20208429303524955
18,724622,0,LightGBM,5,25,0.23549592128583946
19,7449726,0,LightGBM,5,25,0.4618646144037875
20,5918297,0,LightGBM,5,25,0.5423611823421869
21,10779582,0,LightGBM,5,25,0.2520038825706185
22,6537621,0,LightGBM,5,25,0.299983182594607
23,5495648,0,LightGBM,5,25,0.23603718895669218
24,7391994,0,LightGBM,5,25,0.22523218803994718
25,3110284,0,LightGBM,5,25,0.37664625204032093
26,8677719,0,LightGBM,5,25,0.16917009620516654
27,9504487,0,LightGBM,5,25,0.1950661631116867
28,6158348,0,LightGBM,5,25,0.16801474090090449
29,10690171,0,LightGBM,5,25,0.30058461475145615
30,3131218,0,LightGBM,5,25,0.23319252123911388
31,2285187,0,LightGBM,5,25,0.4952489955728366
32,6452177,1,LightGBM,5,25,0.5141987384227119
33,8427549,0,LightGBM,5,25,0.15932039548145632
34,6759021,0,LightGBM,5,25,0.2128594491278186
35,7880934,0,LightGBM,5,25,0.24664426634339948
36,3429043,0,LightGBM,5,25,0.6774552217546727
37,2115993,1,LightGBM,5,25,0.5533708501936493
38,11019618,0,LightGBM,5,25,0.5936415585995309
39,1893158,0,LightGBM,5,25,0.22845083812681996
40,10146223,0,LightGBM,5,25,0.2883065568891745
41,3441821,0,LightGBM,5,25,0.3253090200836091
42,4391589,0,LightGBM,5,25,0.2574876485708592
43,6504503,0,LightGBM,5,25,0.14575715556493443
44,1462289,0,LightGBM,5,25,0.26990900768551374
45,1301122,0,LightGBM,5,25,0.25217307517737036
46,3618383,0,LightGBM,5,25,0.42074563182418084
47,10378934,0,LightGBM,5,25,0.37761960033561487
48,6939186,0,LightGBM,5,25,0.16101183079436526
49,6808059,0,LightGBM,5,25,0.2393512913309713
50,10313516,0,LightGBM,5,25,0.39290505950109783
51,7379114,0,LightGBM,5,25,0.14022505935857615
52,8311713,1,LightGBM,5,25,0.21957454196569143
53,3243039,0,LightGBM,5,25,0.2141387321258541
54,634821,0,LightGBM,5,25,0.32949146336210466
55,9241417,0,LightGBM,5,25,0.12560953067348138
56,8932838,0,LightGBM,5,25,0.2747043023560826
57,10420144,0,LightGBM,5,25,0.29691987600056835
58,6659608,0,LightGBM,5,25,0.1801937140222199
59,2984944,0,LightGBM,5,25,0.19974818927046378
60,9719251,0,LightGBM,5,25,0.594898976028137
61,539682,0,LightGBM,5,25,0.14211951322564123
62,3490662,0,LightGBM,5,25,0.7250969583761173
63,642571,0,LightGBM,5,25,0.5892872707780128
64,6085551,0,LightGBM,5,25,0.3010554276570269
65,3450089,0,LightGBM,5,25,0.26119304191206005
66,2050332,0,LightGBM,5,25,0.28911227857210114
67,8097011,0,LightGBM,5,25,0.3479905419556257
68,1095309,0,LightGBM,5,25,0.7200164117042996
69,5850717,0,LightGBM,5,25,0.27344341878292955
70,520239,0,LightGBM,5,25,0.44704706894650403
71,11537607,0,LightGBM,5,25,0.6976214118999005
72,10362211,0,LightGBM,5,25,0.5247477003300021
73,1853221,0,LightGBM,5,25,0.220730848625582
74,5743906,0,LightGBM,5,25,0.25117901683556043
75,3655672,0,LightGBM,5,25,0.16425938985000313
76,8018657,0,LightGBM,5,25,0.1887433124852138
77,7965009,0,LightGBM,5,25,0.10097653624724534
78,10876281,0,LightGBM,5,25,0.19307431100283162
79,218606,0,LightGBM,5,25,0.300283522619926
80,4573881,0,LightGBM,5,25,0.5491773507945206
81,1153294,0,LightGBM,5,25,0.3403696747110675
82,2433847,0,LightGBM,5,25,0.5439536761547284
83,5498504,0,LightGBM,5,25,0.3103780929408186
84,4353957,1,LightGBM,5,25,0.5818323969941915
85,810662,0,LightGBM,5,25,0.29935413807883726
86,5288319,0,LightGBM,5,25,0.21842031520869956
87,7022768,0,LightGBM,5,25,0.38381386683472135
88,5169273,0,LightGBM,5,25,0.1763134660898513
89,2660248,0,LightGBM,5,25,0.21345935805525473
90,4934523,1,LightGBM,5,25,0.5481128057459953
91,2144042,0,LightGBM,5,25,0.2886275993843235
92,3934133,0,LightGBM,5,25,0.31909942901468047
93,9342374,0,LightGBM,5,25,0.30949900474901604
94,4469039,0,LightGBM,5,25,0.3520075936602659
95,12844,0,LightGBM,5,25,0.17656965599702165
96,5139816,0,LightGBM,5,25,0.20322771817917124
97,7871211,0,LightGBM,5,25,0.2756367419198893
98,8844818,0,LightGBM,5,25,0.5357257435014604
99,1841057,0,LightGBM,5,25,0.2246060755714671
100,1923039,0,LightGBM,5,25,0.7209949228835824
1,5714601,0,LSTM,6,30,0.016416577622294426
2,6499887,0,LSTM,6,30,0.7092006802558899
3,4550493,0,LSTM,6,30,0.27045756578445435
4,11466673,0,LSTM,6,30,0.008046520873904228
5,2479601,0,LSTM,6,30,0.7691100835800171
6,8378544,0,LSTM,6,30,0.8821932077407837
7,9201661,0,LSTM,6,30,0.051011208444833755
8,330739,0,LSTM,6,30,0.015048692934215069
9,901826,0,LSTM,6,30,0.693037748336792
10,1972573,0,LSTM,6,30,0.6342996954917908
11,7509166,0,LSTM,6,30,0.18927879631519318
12,3752798,0,LSTM,6,30,0.11447857320308685
13,7013909,0,LSTM,6,30,0.9128772020339966
14,563996,0,LSTM,6,30,0.28883516788482666
15,5171809,0,LSTM,6,30,0.02830030396580696
16,3053337,0,LSTM,6,30,0.010369033552706242
17,3675893,0,LSTM,6,30,0.24068428575992584
18,724622,0,LSTM,6,30,0.025681518018245697
19,7449726,0,LSTM,6,30,0.06800811737775803
20,5918297,0,LSTM,6,30,0.4010443091392517
21,10779582,0,LSTM,6,30,0.007914034649729729
22,6537621,0,LSTM,6,30,0.2271757423877716
23,5495648,0,LSTM,6,30,0.008005473762750626
24,7391994,0,LSTM,6,30,0.14547638595104218
25,3110284,0,LSTM,6,30,0.5405301451683044
26,8677719,0,LSTM,6,30,0.10530536621809006
27,9504487,0,LSTM,6,30,0.06412068754434586
28,6158348,0,LSTM,6,30,0.39300888776779175
29,10690171,0,LSTM,6,30,0.7565160393714905
30,3131218,0,LSTM,6,30,0.7969353199005127
31,2285187,0,LSTM,6,30,0.6791883707046509
32,6452177,1,LSTM,6,30,0.5313206911087036
33,8427549,0,LSTM,6,30,0.01895487867295742
34,6759021,0,LSTM,6,30,0.08070220798254013
35,7880934,0,LSTM,6,30,0.2023974508047104
36,3429043,0,LSTM,6,30,0.7307504415512085
37,2115993,1,LSTM,6,30,0.46707579493522644
38,11019618,0,LSTM,6,30,0.029326919466257095
39,1893158,0,LSTM,6,30,0.4308268129825592
40,10146223,0,LSTM,6,30,0.5556971430778503
41,3441821,0,LSTM,6,30,0.11213774234056473
42,4391589,0,LSTM,6,30,0.02096545696258545
43,6504503,0,LSTM,6,30,0.00912417471408844
44,1462289,0,LSTM,6,30,0.13075919449329376
45,1301122,0,LSTM,6,30,0.09026648104190826
46,3618383,0,LSTM,6,30,0.5595064163208008
47,10378934,0,LSTM,6,30,0.6844996213912964
48,6939186,0,LSTM,6,30,0.43462827801704407
49,6808059,0,LSTM,6,30,0.10448160022497177
50,10313516,0,LSTM,6,30,0.3467976450920105
51,7379114,0,LSTM,6,30,0.3463798463344574
52,8311713,1,LSTM,6,30,0.26959124207496643
53,3243039,0,LSTM,6,30,0.01588551327586174
54,634821,0,LSTM,6,30,0.04898376017808914
55,9241417,0,LSTM,6,30,0.17385032773017883
56,8932838,0,LSTM,6,30,0.6008442640304565
57,10420144,0,LSTM,6,30,0.49150148034095764
58,6659608,0,LSTM,6,30,0.7255256772041321
59,2984944,0,LSTM,6,30,0.860795795917511
60,9719251,0,LSTM,6,30,0.7284903526306152
61,539682,0,LSTM,6,30,0.13393272459506989
62,3490662,0,LSTM,6,30,0.8921526074409485
63,642571,0,LSTM,6,30,0.027009863406419754
64,6085551,0,LSTM,6,30,0.05776634067296982
65,3450089,0,LSTM,6,30,0.28788965940475464
66,2050332,0,LSTM,6,30,0.10886867344379425
67,8097011,0,LSTM,6,30,0.013830387033522129
68,1095309,0,LSTM,6,30,0.890687108039856
69,5850717,0,LSTM,6,30,0.08629495650529861
70,520239,0,LSTM,6,30,0.652927041053772
71,11537607,0,LSTM,6,30,0.807137131690979
72,10362211,0,LSTM,6,30,0.9420710206031799
73,1853221,0,LSTM,6,30,0.4539114534854889
74,5743906,0,LSTM,6,30,0.2739035189151764
75,3655672,0,LSTM,6,30,0.20392650365829468
76,8018657,0,LSTM,6,30,0.04002164676785469
77,7965009,0,LSTM,6,30,0.07883325219154358
78,10876281,0,LSTM,6,30,0.011722528375685215
79,218606,0,LSTM,6,30,0.38726621866226196
80,4573881,0,LSTM,6,30,0.0968647450208664
81,1153294,0,LSTM,6,30,0.12520889937877655
82,2433847,0,LSTM,6,30,0.00498506985604763
83,5498504,0,LSTM,6,30,0.13700154423713684
84,4353957,1,LSTM,6,30,0.1690312772989273
85,810662,0,LSTM,6,30,0.009272124618291855
86,5288319,0,LSTM,6,30,0.08693596720695496
87,7022768,0,LSTM,6,30,0.592370331287384
88,5169273,0,LSTM,6,30,0.1612509936094284
89,2660248,0,LSTM,6,30,0.13982190191745758
90,4934523,1,LSTM,6,30,0.881216287612915
91,2144042,0,LSTM,6,30,0.6229214668273926
92,3934133,0,LSTM,6,30,0.56464684009552
93,9342374,0,LSTM,6,30,0.0018093108665198088
94,4469039,0,LSTM,6,30,0.8391521573066711
95,12844,0,LSTM,6,30,0.18661455810070038
96,5139816,0,LSTM,6,30,0.6934629678726196
97,7871211,0,LSTM,6,30,0.6713130474090576
98,8844818,0,LSTM,6,30,0.015860911458730698
99,1841057,0,LSTM,6,30,0.015984827652573586
100,1923039,0,LSTM,6,30,0.5382043719291687
1,5714601,0,GRU,6,30,0.11945638805627823
2,6499887,0,GRU,6,30,0.46364718675613403
3,4550493,0,GRU,6,30,0.3329273760318756
4,11466673,0,GRU,6,30,0.05239880830049515
5,2479601,0,GRU,6,30,0.692300021648407
6,8378544,0,GRU,6,30,0.7999123930931091
7,9201661,0,GRU,6,30,0.30284973978996277
8,330739,0,GRU,6,30,0.05503307282924652
9,901826,0,GRU,6,30,0.41073504090309143
10,1972573,0,GRU,6,30,0.442160427570343
11,7509166,0,GRU,6,30,0.22602319717407227
12,3752798,0,GRU,6,30,0.14066828787326813
13,7013909,0,GRU,6,30,0.7577590346336365
14,563996,0,GRU,6,30,0.34938547015190125
15,5171809,0,GRU,6,30,0.0681556910276413
16,3053337,0,GRU,6,30,0.01607641577720642
17,3675893,0,GRU,6,30,0.2983759343624115
18,724622,0,GRU,6,30,0.05532084032893181
19,7449726,0,GRU,6,30,0.12159034609794617
20,5918297,0,GRU,6,30,0.6141473054885864
21,10779582,0,GRU,6,30,0.050310540944337845
22,6537621,0,GRU,6,30,0.28455379605293274
23,5495648,0,GRU,6,30,0.022028056904673576
24,7391994,0,GRU,6,30,0.15484492480754852
25,3110284,0,GRU,6,30,0.46277034282684326
26,8677719,0,GRU,6,30,0.19313646852970123
27,9504487,0,GRU,6,30,0.09903629124164581
28,6158348,0,GRU,6,30,0.4510163366794586
29,10690171,0,GRU,6,30,0.568976640701294
30,3131218,0,GRU,6,30,0.6578792333602905
31,2285187,0,GRU,6,30,0.5722806453704834
32,6452177,1,GRU,6,30,0.44837164878845215
33,8427549,0,GRU,6,30,0.07969994843006134
34,6759021,0,GRU,6,30,0.19370777904987335
35,7880934,0,GRU,6,30,0.20421206951141357
36,3429043,0,GRU,6,30,0.5427619218826294
37,2115993,1,GRU,6,30,0.40567007660865784
38,11019618,0,GRU,6,30,0.08702626079320908
39,1893158,0,GRU,6,30,0.3051748275756836
40,10146223,0,GRU,6,30,0.4700174927711487
41,3441821,0,GRU,6,30,0.17751337587833405
42,4391589,0,GRU,6,30,0.09771907329559326
43,6504503,0,GRU,6,30,0.02772744745016098
44,1462289,0,GRU,6,30,0.24094873666763306
45,1301122,0,GRU,6,30,0.13523291051387787
46,3618383,0,GRU,6,30,0.4846961200237274
47,10378934,0,GRU,6,30,0.588556170463562
48,6939186,0,GRU,6,30,0.5421016216278076
49,6808059,0,GRU,6,30,0.19975025951862335
50,10313516,0,GRU,6,30,0.43033793568611145
51,7379114,0,GRU,6,30,0.41641685366630554
52,8311713,1,GRU,6,30,0.37209799885749817
53,3243039,0,GRU,6,30,0.06838293373584747
54,634821,0,GRU,6,30,0.09264157712459564
55,9241417,0,GRU,6,30,0.21828901767730713
56,8932838,0,GRU,6,30,0.5901625752449036
57,10420144,0,GRU,6,30,0.4519428014755249
58,6659608,0,GRU,6,30,0.5775721669197083
59,2984944,0,GRU,6,30,0.8662168979644775
60,9719251,0,GRU,6,30,0.5711942911148071
61,539682,0,GRU,6,30,0.20370370149612427
62,3490662,0,GRU,6,30,0.8227726221084595
63,642571,0,GRU,6,30,0.08081215620040894
64,6085551,0,GRU,6,30,0.2869579792022705
65,3450089,0,GRU,6,30,0.2382378876209259
66,2050332,0,GRU,6,30,0.15397164225578308
67,8097011,0,GRU,6,30,0.05652977153658867
68,1095309,0,GRU,6,30,0.732025146484375
69,5850717,0,GRU,6,30,0.16961397230625153
70,520239,0,GRU,6,30,0.5302339792251587
71,11537607,0,GRU,6,30,0.5998313426971436
72,10362211,0,GRU,6,30,0.8195494413375854
73,1853221,0,GRU,6,30,0.47194722294807434
74,5743906,0,GRU,6,30,0.35002440214157104
75,3655672,0,GRU,6,30,0.2495119869709015
76,8018657,0,GRU,6,30,0.09011615812778473
77,7965009,0,GRU,6,30,0.12175512313842773
78,10876281,0,GRU,6,30,0.05553693324327469
79,218606,0,GRU,6,30,0.39357468485832214
80,4573881,0,GRU,6,30,0.08929213136434555
81,1153294,0,GRU,6,30,0.17715506255626678
82,2433847,0,GRU,6,30,0.04303596913814545
83,5498504,0,GRU,6,30,0.16797107458114624
84,4353957,1,GRU,6,30,0.6162283420562744
85,810662,0,GRU,6,30,0.09170296788215637
86,5288319,0,GRU,6,30,0.13138146698474884
87,7022768,0,GRU,6,30,0.5501134395599365
88,5169273,0,GRU,6,30,0.20262734591960907
89,2660248,0,GRU,6,30,0.16818660497665405
90,4934523,1,GRU,6,30,0.8306026458740234
91,2144042,0,GRU,6,30,0.5052782297134399
92,3934133,0,GRU,6,30,0.45887523889541626
93,9342374,0,GRU,6,30,0.013477792963385582
94,4469039,0,GRU,6,30,0.8018891215324402
95,12844,0,GRU,6,30,0.28252190351486206
96,5139816,0,GRU,6,30,0.5891741514205933
97,7871211,0,GRU,6,30,0.6675941944122314
98,8844818,0,GRU,6,30,0.08410120010375977
99,1841057,0,GRU,6,30,0.05848520249128342
100,1923039,0,GRU,6,30,0.5562326908111572
1,5714601,0,GRU + Attention,6,30,0.15279699862003326
2,6499887,0,GRU + Attention,6,30,0.4405663311481476
3,4550493,0,GRU + Attention,6,30,0.21881166100502014
4,11466673,0,GRU + Attention,6,30,0.06899150460958481
5,2479601,0,GRU + Attention,6,30,0.7037945985794067
6,8378544,0,GRU + Attention,6,30,0.668537974357605
7,9201661,0,GRU + Attention,6,30,0.2462211400270462
8,330739,0,GRU + Attention,6,30,0.05503237247467041
9,901826,0,GRU + Attention,6,30,0.2560481131076813
10,1972573,0,GRU + Attention,6,30,0.43281665444374084
11,7509166,0,GRU + Attention,6,30,0.15357302129268646
12,3752798,0,GRU + Attention,6,30,0.10692659765481949
13,7013909,0,GRU + Attention,6,30,0.7937448620796204
14,563996,0,GRU + Attention,6,30,0.23524703085422516
15,5171809,0,GRU + Attention,6,30,0.02592359110713005
16,3053337,0,GRU + Attention,6,30,0.05758622661232948
17,3675893,0,GRU + Attention,6,30,0.27796971797943115
18,724622,0,GRU + Attention,6,30,0.05913478881120682
19,7449726,0,GRU + Attention,6,30,0.07420603185892105
20,5918297,0,GRU + Attention,6,30,0.27009066939353943
21,10779582,0,GRU + Attention,6,30,0.053169384598731995
22,6537621,0,GRU + Attention,6,30,0.44332975149154663
23,5495648,0,GRU + Attention,6,30,0.05045077204704285
24,7391994,0,GRU + Attention,6,30,0.2027672380208969
25,3110284,0,GRU + Attention,6,30,0.5037753582000732
26,8677719,0,GRU + Attention,6,30,0.30430060625076294
27,9504487,0,GRU + Attention,6,30,0.15823252499103546
28,6158348,0,GRU + Attention,6,30,0.2642577588558197
29,10690171,0,GRU + Attention,6,30,0.6967718005180359
30,3131218,0,GRU + Attention,6,30,0.7434216737747192
31,2285187,0,GRU + Attention,6,30,0.6134014129638672
32,6452177,1,GRU + Attention,6,30,0.5439571142196655
33,8427549,0,GRU + Attention,6,30,0.026876229792833328
34,6759021,0,GRU + Attention,6,30,0.06944780051708221
35,7880934,0,GRU + Attention,6,30,0.2679242193698883
36,3429043,0,GRU + Attention,6,30,0.6751645803451538
37,2115993,1,GRU + Attention,6,30,0.3040444552898407
38,11019618,0,GRU + Attention,6,30,0.2751768231391907
39,1893158,0,GRU + Attention,6,30,0.1852099895477295
40,10146223,0,GRU + Attention,6,30,0.48628243803977966
41,3441821,0,GRU + Attention,6,30,0.16411437094211578
42,4391589,0,GRU + Attention,6,30,0.07175213098526001
43,6504503,0,GRU + Attention,6,30,0.029736271128058434
44,1462289,0,GRU + Attention,6,30,0.07394343614578247
45,1301122,0,GRU + Attention,6,30,0.13526934385299683
46,3618383,0,GRU + Attention,6,30,0.5894755125045776
47,10378934,0,GRU + Attention,6,30,0.5625726580619812
48,6939186,0,GRU + Attention,6,30,0.46947115659713745
49,6808059,0,GRU + Attention,6,30,0.19185224175453186
50,10313516,0,GRU + Attention,6,30,0.47044360637664795
51,7379114,0,GRU + Attention,6,30,0.4188493490219116
52,8311713,1,GRU + Attention,6,30,0.34398889541625977
53,3243039,0,GRU + Attention,6,30,0.12191490083932877
54,634821,0,GRU + Attention,6,30,0.18698540329933167
55,9241417,0,GRU + Attention,6,30,0.16850200295448303
56,8932838,0,GRU + Attention,6,30,0.47241881489753723
57,10420144,0,GRU + Attention,6,30,0.4574991762638092
58,6659608,0,GRU + Attention,6,30,0.4187174439430237
59,2984944,0,GRU + Attention,6,30,0.770468533039093
60,9719251,0,GRU + Attention,6,30,0.4799768030643463
61,539682,0,GRU + Attention,6,30,0.15479981899261475
62,3490662,0,GRU + Attention,6,30,0.6450645327568054
63,642571,0,GRU + Attention,6,30,0.20953847467899323
64,6085551,0,GRU + Attention,6,30,0.2766658365726471
65,3450089,0,GRU + Attention,6,30,0.2795129716396332
66,2050332,0,GRU + Attention,6,30,0.2544005811214447
67,8097011,0,GRU + Attention,6,30,0.026298604905605316
68,1095309,0,GRU + Attention,6,30,0.6158959269523621
69,5850717,0,GRU + Attention,6,30,0.22222161293029785
70,520239,0,GRU + Attention,6,30,0.6564062833786011
71,11537607,0,GRU + Attention,6,30,0.6425619125366211
72,10362211,0,GRU + Attention,6,30,0.6120079755783081
73,1853221,0,GRU + Attention,6,30,0.4710800051689148
74,5743906,0,GRU + Attention,6,30,0.2454993575811386
75,3655672,0,GRU + Attention,6,30,0.10644792765378952
76,8018657,0,GRU + Attention,6,30,0.0536329448223114
77,7965009,0,GRU + Attention,6,30,0.039907265454530716
78,10876281,0,GRU + Attention,6,30,0.020739534869790077
79,218606,0,GRU + Attention,6,30,0.4358731210231781
80,4573881,0,GRU + Attention,6,30,0.060949455946683884
81,1153294,0,GRU + Attention,6,30,0.3873513340950012
82,2433847,0,GRU + Attention,6,30,0.21199166774749756
83,5498504,0,GRU + Attention,6,30,0.16470429301261902
84,4353957,1,GRU + Attention,6,30,0.4454926550388336
85,810662,0,GRU + Attention,6,30,0.0659417137503624
86,5288319,0,GRU + Attention,6,30,0.12126506865024567
87,7022768,0,GRU + Attention,6,30,0.5043150186538696
88,5169273,0,GRU + Attention,6,30,0.1426401138305664
89,2660248,0,GRU + Attention,6,30,0.2249070107936859
90,4934523,1,GRU + Attention,6,30,0.734606146812439
91,2144042,0,GRU + Attention,6,30,0.5837067365646362
92,3934133,0,GRU + Attention,6,30,0.4388374984264374
93,9342374,0,GRU + Attention,6,30,0.04236501455307007
94,4469039,0,GRU + Attention,6,30,0.6790028810501099
95,12844,0,GRU + Attention,6,30,0.22795087099075317
96,5139816,0,GRU + Attention,6,30,0.5745182037353516
97,7871211,0,GRU + Attention,6,30,0.5134992599487305
98,8844818,0,GRU + Attention,6,30,0.07093531638383865
99,1841057,0,GRU + Attention,6,30,0.053150590509176254
100,1923039,0,GRU + Attention,6,30,0.6262226104736328
1,5714601,0,XGBoost,6,30,0.35705167055130005
2,6499887,0,XGBoost,6,30,0.3221989870071411
3,4550493,0,XGBoost,6,30,0.21135054528713226
4,11466673,0,XGBoost,6,30,0.6626734137535095
5,2479601,0,XGBoost,6,30,0.3610534071922302
6,8378544,0,XGBoost,6,30,0.5193779468536377
7,9201661,0,XGBoost,6,30,0.38976189494132996
8,330739,0,XGBoost,6,30,0.25060349702835083
9,901826,0,XGBoost,6,30,0.28869107365608215
10,1972573,0,XGBoost,6,30,0.3179788291454315
11,7509166,0,XGBoost,6,30,0.12972921133041382
12,3752798,0,XGBoost,6,30,0.2390517294406891
13,7013909,0,XGBoost,6,30,0.6809470057487488
14,563996,0,XGBoost,6,30,0.053786538541316986
15,5171809,0,XGBoost,6,30,0.21463528275489807
16,3053337,0,XGBoost,6,30,0.28190720081329346
17,3675893,0,XGBoost,6,30,0.2087317407131195
18,724622,0,XGBoost,6,30,0.21702797710895538
19,7449726,0,XGBoost,6,30,0.35620149970054626
20,5918297,0,XGBoost,6,30,0.5680117607116699
21,10779582,0,XGBoost,6,30,0.17885178327560425
22,6537621,0,XGBoost,6,30,0.34208211302757263
23,5495648,0,XGBoost,6,30,0.19335174560546875
24,7391994,0,XGBoost,6,30,0.13235601782798767
25,3110284,0,XGBoost,6,30,0.06947813183069229
26,8677719,0,XGBoost,6,30,0.10776559263467789
27,9504487,0,XGBoost,6,30,0.17444215714931488
28,6158348,0,XGBoost,6,30,0.11429335922002792
29,10690171,0,XGBoost,6,30,0.32910358905792236
30,3131218,0,XGBoost,6,30,0.19581452012062073
31,2285187,0,XGBoost,6,30,0.5143174529075623
32,6452177,1,XGBoost,6,30,0.4925038814544678
33,8427549,0,XGBoost,6,30,0.15695072710514069
34,6759021,0,XGBoost,6,30,0.253925621509552
35,7880934,0,XGBoost,6,30,0.2633146345615387
36,3429043,0,XGBoost,6,30,0.5496848821640015
37,2115993,1,XGBoost,6,30,0.5974657535552979
38,11019618,0,XGBoost,6,30,0.5927088856697083
39,1893158,0,XGBoost,6,30,0.22251445055007935
40,10146223,0,XGBoost,6,30,0.263531357049942
41,3441821,0,XGBoost,6,30,0.2373708188533783
42,4391589,0,XGBoost,6,30,0.1767314076423645
43,6504503,0,XGBoost,6,30,0.14818882942199707
44,1462289,0,XGBoost,6,30,0.3048743009567261
45,1301122,0,XGBoost,6,30,0.26257431507110596
46,3618383,0,XGBoost,6,30,0.4089774787425995
47,10378934,0,XGBoost,6,30,0.36281538009643555
48,6939186,0,XGBoost,6,30,0.21220745146274567
49,6808059,0,XGBoost,6,30,0.31204694509506226
50,10313516,0,XGBoost,6,30,0.6490473747253418
51,7379114,0,XGBoost,6,30,0.27200624346733093
52,8311713,1,XGBoost,6,30,0.180783212184906
53,3243039,0,XGBoost,6,30,0.20990507304668427
54,634821,0,XGBoost,6,30,0.2509421110153198
55,9241417,0,XGBoost,6,30,0.10804428160190582
56,8932838,0,XGBoost,6,30,0.35896703600883484
57,10420144,0,XGBoost,6,30,0.35261788964271545
58,6659608,0,XGBoost,6,30,0.1376405507326126
59,2984944,0,XGBoost,6,30,0.2541225850582123
60,9719251,0,XGBoost,6,30,0.555887758731842
61,539682,0,XGBoost,6,30,0.1097053587436676
62,3490662,0,XGBoost,6,30,0.815837562084198
63,642571,0,XGBoost,6,30,0.6122390627861023
64,6085551,0,XGBoost,6,30,0.3621041178703308
65,3450089,0,XGBoost,6,30,0.1951894611120224
66,2050332,0,XGBoost,6,30,0.2760881185531616
67,8097011,0,XGBoost,6,30,0.18767717480659485
68,1095309,0,XGBoost,6,30,0.7467628121376038
69,5850717,0,XGBoost,6,30,0.23260639607906342
70,520239,0,XGBoost,6,30,0.5415322184562683
71,11537607,0,XGBoost,6,30,0.6981188058853149
72,10362211,0,XGBoost,6,30,0.431027352809906
73,1853221,0,XGBoost,6,30,0.24216334521770477
74,5743906,0,XGBoost,6,30,0.2865513861179352
75,3655672,0,XGBoost,6,30,0.1385006606578827
76,8018657,0,XGBoost,6,30,0.18581220507621765
77,7965009,0,XGBoost,6,30,0.08078313618898392
78,10876281,0,XGBoost,6,30,0.1269720047712326
79,218606,0,XGBoost,6,30,0.288532555103302
80,4573881,0,XGBoost,6,30,0.5602272748947144
81,1153294,0,XGBoost,6,30,0.35116204619407654
82,2433847,0,XGBoost,6,30,0.37694817781448364
83,5498504,0,XGBoost,6,30,0.26789841055870056
84,4353957,1,XGBoost,6,30,0.44062766432762146
85,810662,0,XGBoost,6,30,0.3204304277896881
86,5288319,0,XGBoost,6,30,0.19696806371212006
87,7022768,0,XGBoost,6,30,0.4279342293739319
88,5169273,0,XGBoost,6,30,0.16963571310043335
89,2660248,0,XGBoost,6,30,0.22413933277130127
90,4934523,1,XGBoost,6,30,0.5027396082878113
91,2144042,0,XGBoost,6,30,0.320136696100235
92,3934133,0,XGBoost,6,30,0.3339240550994873
93,9342374,0,XGBoost,6,30,0.22784703969955444
94,4469039,0,XGBoost,6,30,0.2730419635772705
95,12844,0,XGBoost,6,30,0.14351074397563934
96,5139816,0,XGBoost,6,30,0.19713222980499268
97,7871211,0,XGBoost,6,30,0.2762589752674103
98,8844818,0,XGBoost,6,30,0.3678364157676697
99,1841057,0,XGBoost,6,30,0.15729950368404388
100,1923039,0,XGBoost,6,30,0.4945344626903534
1,5714601,0,LightGBM,6,30,0.4376713283818007
2,6499887,0,LightGBM,6,30,0.35275194954777367
3,4550493,0,LightGBM,6,30,0.18363048880308006
4,11466673,0,LightGBM,6,30,0.7668871764620019
5,2479601,0,LightGBM,6,30,0.3698912010738117
6,8378544,0,LightGBM,6,30,0.5225674659075492
7,9201661,0,LightGBM,6,30,0.34378856383594014
8,330739,0,LightGBM,6,30,0.2843877999954899
9,901826,0,LightGBM,6,30,0.24060248729071315
10,1972573,0,LightGBM,6,30,0.2735944470381312
11,7509166,0,LightGBM,6,30,0.15974833764330074
12,3752798,0,LightGBM,6,30,0.335536298897958
13,7013909,0,LightGBM,6,30,0.6233413035563523
14,563996,0,LightGBM,6,30,0.05630760711469738
15,5171809,0,LightGBM,6,30,0.1841715623412984
16,3053337,0,LightGBM,6,30,0.17575151796932192
17,3675893,0,LightGBM,6,30,0.20208429303524955
18,724622,0,LightGBM,6,30,0.23549592128583946
19,7449726,0,LightGBM,6,30,0.4618646144037875
20,5918297,0,LightGBM,6,30,0.5455188335013208
21,10779582,0,LightGBM,6,30,0.2520038825706185
22,6537621,0,LightGBM,6,30,0.299983182594607
23,5495648,0,LightGBM,6,30,0.23603718895669218
24,7391994,0,LightGBM,6,30,0.22523218803994718
25,3110284,0,LightGBM,6,30,0.37664625204032093
26,8677719,0,LightGBM,6,30,0.16917009620516654
27,9504487,0,LightGBM,6,30,0.1950661631116867
28,6158348,0,LightGBM,6,30,0.16801474090090449
29,10690171,0,LightGBM,6,30,0.30058461475145615
30,3131218,0,LightGBM,6,30,0.23319252123911388
31,2285187,0,LightGBM,6,30,0.4952489955728366
32,6452177,1,LightGBM,6,30,0.5141987384227119
33,8427549,0,LightGBM,6,30,0.15932039548145632
34,6759021,0,LightGBM,6,30,0.2128594491278186
35,7880934,0,LightGBM,6,30,0.24664426634339948
36,3429043,0,LightGBM,6,30,0.6709249434264951
37,2115993,1,LightGBM,6,30,0.5533708501936493
38,11019618,0,LightGBM,6,30,0.6195969221391122
39,1893158,0,LightGBM,6,30,0.22845083812681996
40,10146223,0,LightGBM,6,30,0.2883065568891745
41,3441821,0,LightGBM,6,30,0.3253090200836091
42,4391589,0,LightGBM,6,30,0.2574876485708592
43,6504503,0,LightGBM,6,30,0.14575715556493443
44,1462289,0,LightGBM,6,30,0.26990900768551374
45,1301122,0,LightGBM,6,30,0.25217307517737036
46,3618383,0,LightGBM,6,30,0.42074563182418084
47,10378934,0,LightGBM,6,30,0.37761960033561487
48,6939186,0,LightGBM,6,30,0.16101183079436526
49,6808059,0,LightGBM,6,30,0.2393512913309713
50,10313516,0,LightGBM,6,30,0.39290505950109783
51,7379114,0,LightGBM,6,30,0.14022505935857615
52,8311713,1,LightGBM,6,30,0.21957454196569143
53,3243039,0,LightGBM,6,30,0.2141387321258541
54,634821,0,LightGBM,6,30,0.28935637590719004
55,9241417,0,LightGBM,6,30,0.12560953067348138
56,8932838,0,LightGBM,6,30,0.2747043023560826
57,10420144,0,LightGBM,6,30,0.29691987600056835
58,6659608,0,LightGBM,6,30,0.1801937140222199
59,2984944,0,LightGBM,6,30,0.19974818927046378
60,9719251,0,LightGBM,6,30,0.594898976028137
61,539682,0,LightGBM,6,30,0.14211951322564123
62,3490662,0,LightGBM,6,30,0.7964851021573407
63,642571,0,LightGBM,6,30,0.637394614097837
64,6085551,0,LightGBM,6,30,0.3010554276570269
65,3450089,0,LightGBM,6,30,0.26119304191206005
66,2050332,0,LightGBM,6,30,0.28911227857210114
67,8097011,0,LightGBM,6,30,0.3479905419556257
68,1095309,0,LightGBM,6,30,0.7200164117042996
69,5850717,0,LightGBM,6,30,0.27344341878292955
70,520239,0,LightGBM,6,30,0.44704706894650403
71,11537607,0,LightGBM,6,30,0.6976214118999005
72,10362211,0,LightGBM,6,30,0.5284533551119841
73,1853221,0,LightGBM,6,30,0.220730848625582
74,5743906,0,LightGBM,6,30,0.25117901683556043
75,3655672,0,LightGBM,6,30,0.16425938985000313
76,8018657,0,LightGBM,6,30,0.1887433124852138
77,7965009,0,LightGBM,6,30,0.10097653624724534
78,10876281,0,LightGBM,6,30,0.19307431100283162
79,218606,0,LightGBM,6,30,0.300283522619926
80,4573881,0,LightGBM,6,30,0.5491773507945206
81,1153294,0,LightGBM,6,30,0.3403696747110675
82,2433847,0,LightGBM,6,30,0.5404927640263075
83,5498504,0,LightGBM,6,30,0.3103780929408186
84,4353957,1,LightGBM,6,30,0.5818323969941915
85,810662,0,LightGBM,6,30,0.29935413807883726
86,5288319,0,LightGBM,6,30,0.21842031520869956
87,7022768,0,LightGBM,6,30,0.38381386683472135
88,5169273,0,LightGBM,6,30,0.1763134660898513
89,2660248,0,LightGBM,6,30,0.21345935805525473
90,4934523,1,LightGBM,6,30,0.4712293240738711
91,2144042,0,LightGBM,6,30,0.2886275993843235
92,3934133,0,LightGBM,6,30,0.31909942901468047
93,9342374,0,LightGBM,6,30,0.30949900474901604
94,4469039,0,LightGBM,6,30,0.29916078356764053
95,12844,0,LightGBM,6,30,0.17656965599702165
96,5139816,0,LightGBM,6,30,0.20322771817917124
97,7871211,0,LightGBM,6,30,0.2756367419198893
98,8844818,0,LightGBM,6,30,0.5357257435014604
99,1841057,0,LightGBM,6,30,0.2246060755714671
100,1923039,0,LightGBM,6,30,0.5707590419390585
1,5714601,0,LSTM,7,35,0.016416577622294426
2,6499887,0,LSTM,7,35,0.7092006802558899
3,4550493,0,LSTM,7,35,0.135425865650177
4,11466673,0,LSTM,7,35,0.008046520873904228
5,2479601,0,LSTM,7,35,0.7691100835800171
6,8378544,0,LSTM,7,35,0.8821932077407837
7,9201661,0,LSTM,7,35,0.051011208444833755
8,330739,0,LSTM,7,35,0.015048692934215069
9,901826,0,LSTM,7,35,0.693037748336792
10,1972573,0,LSTM,7,35,0.6342996954917908
11,7509166,0,LSTM,7,35,0.18927879631519318
12,3752798,0,LSTM,7,35,0.11447857320308685
13,7013909,0,LSTM,7,35,0.9128772020339966
14,563996,0,LSTM,7,35,0.28883516788482666
15,5171809,0,LSTM,7,35,0.02830030396580696
16,3053337,0,LSTM,7,35,0.06921771913766861
17,3675893,0,LSTM,7,35,0.24068428575992584
18,724622,0,LSTM,7,35,0.025681518018245697
19,7449726,0,LSTM,7,35,0.06800811737775803
20,5918297,0,LSTM,7,35,0.8033161163330078
21,10779582,0,LSTM,7,35,0.007914034649729729
22,6537621,0,LSTM,7,35,0.2271757423877716
23,5495648,0,LSTM,7,35,0.008005473762750626
24,7391994,0,LSTM,7,35,0.14547638595104218
25,3110284,0,LSTM,7,35,0.5405301451683044
26,8677719,0,LSTM,7,35,0.10530536621809006
27,9504487,0,LSTM,7,35,0.06412068754434586
28,6158348,0,LSTM,7,35,0.39300888776779175
29,10690171,0,LSTM,7,35,0.7565160393714905
30,3131218,0,LSTM,7,35,0.7969353199005127
31,2285187,0,LSTM,7,35,0.6791883707046509
32,6452177,1,LSTM,7,35,0.5313206911087036
33,8427549,0,LSTM,7,35,0.01895487867295742
34,6759021,0,LSTM,7,35,0.08070220798254013
35,7880934,0,LSTM,7,35,0.2023974508047104
36,3429043,0,LSTM,7,35,0.7763890027999878
37,2115993,1,LSTM,7,35,0.46707579493522644
38,11019618,0,LSTM,7,35,0.40450751781463623
39,1893158,0,LSTM,7,35,0.4308268129825592
40,10146223,0,LSTM,7,35,0.5556971430778503
41,3441821,0,LSTM,7,35,0.11213774234056473
42,4391589,0,LSTM,7,35,0.02096545696258545
43,6504503,0,LSTM,7,35,0.00912417471408844
44,1462289,0,LSTM,7,35,0.13075919449329376
45,1301122,0,LSTM,7,35,0.09026648104190826
46,3618383,0,LSTM,7,35,0.5595064163208008
47,10378934,0,LSTM,7,35,0.6844996213912964
48,6939186,0,LSTM,7,35,0.43462827801704407
49,6808059,0,LSTM,7,35,0.10448160022497177
50,10313516,0,LSTM,7,35,0.3467976450920105
51,7379114,0,LSTM,7,35,0.3463798463344574
52,8311713,1,LSTM,7,35,0.26959124207496643
53,3243039,0,LSTM,7,35,0.01588551327586174
54,634821,0,LSTM,7,35,0.017182769253849983
55,9241417,0,LSTM,7,35,0.17385032773017883
56,8932838,0,LSTM,7,35,0.6008442640304565
57,10420144,0,LSTM,7,35,0.49150148034095764
58,6659608,0,LSTM,7,35,0.7255256772041321
59,2984944,0,LSTM,7,35,0.860795795917511
60,9719251,0,LSTM,7,35,0.7284903526306152
61,539682,0,LSTM,7,35,0.13393272459506989
62,3490662,0,LSTM,7,35,0.8921526074409485
63,642571,0,LSTM,7,35,0.027009863406419754
64,6085551,0,LSTM,7,35,0.05776634067296982
65,3450089,0,LSTM,7,35,0.28788965940475464
66,2050332,0,LSTM,7,35,0.10886867344379425
67,8097011,0,LSTM,7,35,0.013830387033522129
68,1095309,0,LSTM,7,35,0.890687108039856
69,5850717,0,LSTM,7,35,0.08629495650529861
70,520239,0,LSTM,7,35,0.652927041053772
71,11537607,0,LSTM,7,35,0.807137131690979
72,10362211,0,LSTM,7,35,0.610133171081543
73,1853221,0,LSTM,7,35,0.4539114534854889
74,5743906,0,LSTM,7,35,0.2739035189151764
75,3655672,0,LSTM,7,35,0.20392650365829468
76,8018657,0,LSTM,7,35,0.04002164676785469
77,7965009,0,LSTM,7,35,0.07883325219154358
78,10876281,0,LSTM,7,35,0.011722528375685215
79,218606,0,LSTM,7,35,0.38726621866226196
80,4573881,0,LSTM,7,35,0.0968647450208664
81,1153294,0,LSTM,7,35,0.12520889937877655
82,2433847,0,LSTM,7,35,0.00498506985604763
83,5498504,0,LSTM,7,35,0.13700154423713684
84,4353957,1,LSTM,7,35,0.1690312772989273
85,810662,0,LSTM,7,35,0.009272124618291855
86,5288319,0,LSTM,7,35,0.08693596720695496
87,7022768,0,LSTM,7,35,0.592370331287384
88,5169273,0,LSTM,7,35,0.1612509936094284
89,2660248,0,LSTM,7,35,0.13982190191745758
90,4934523,1,LSTM,7,35,0.8940950036048889
91,2144042,0,LSTM,7,35,0.6229214668273926
92,3934133,0,LSTM,7,35,0.56464684009552
93,9342374,0,LSTM,7,35,0.0018093108665198088
94,4469039,0,LSTM,7,35,0.9026880264282227
95,12844,0,LSTM,7,35,0.18661455810070038
96,5139816,0,LSTM,7,35,0.6934629678726196
97,7871211,0,LSTM,7,35,0.6713130474090576
98,8844818,0,LSTM,7,35,0.015860911458730698
99,1841057,0,LSTM,7,35,0.015984827652573586
100,1923039,0,LSTM,7,35,0.6987248659133911
1,5714601,0,GRU,7,35,0.11945638805627823
2,6499887,0,GRU,7,35,0.46364718675613403
3,4550493,0,GRU,7,35,0.24436256289482117
4,11466673,0,GRU,7,35,0.05239880830049515
5,2479601,0,GRU,7,35,0.692300021648407
6,8378544,0,GRU,7,35,0.7999123930931091
7,9201661,0,GRU,7,35,0.30284973978996277
8,330739,0,GRU,7,35,0.05503307282924652
9,901826,0,GRU,7,35,0.41073504090309143
10,1972573,0,GRU,7,35,0.442160427570343
11,7509166,0,GRU,7,35,0.22602319717407227
12,3752798,0,GRU,7,35,0.14066828787326813
13,7013909,0,GRU,7,35,0.7577590346336365
14,563996,0,GRU,7,35,0.34938547015190125
15,5171809,0,GRU,7,35,0.0681556910276413
16,3053337,0,GRU,7,35,0.024462640285491943
17,3675893,0,GRU,7,35,0.2983759343624115
18,724622,0,GRU,7,35,0.05532084032893181
19,7449726,0,GRU,7,35,0.12159034609794617
20,5918297,0,GRU,7,35,0.791373074054718
21,10779582,0,GRU,7,35,0.050310540944337845
22,6537621,0,GRU,7,35,0.28455379605293274
23,5495648,0,GRU,7,35,0.022028056904673576
24,7391994,0,GRU,7,35,0.15484492480754852
25,3110284,0,GRU,7,35,0.46277034282684326
26,8677719,0,GRU,7,35,0.19313646852970123
27,9504487,0,GRU,7,35,0.09903629124164581
28,6158348,0,GRU,7,35,0.4510163366794586
29,10690171,0,GRU,7,35,0.568976640701294
30,3131218,0,GRU,7,35,0.6578792333602905
31,2285187,0,GRU,7,35,0.5722806453704834
32,6452177,1,GRU,7,35,0.44837164878845215
33,8427549,0,GRU,7,35,0.07969994843006134
34,6759021,0,GRU,7,35,0.19370777904987335
35,7880934,0,GRU,7,35,0.20421206951141357
36,3429043,0,GRU,7,35,0.6349547505378723
37,2115993,1,GRU,7,35,0.40567007660865784
38,11019618,0,GRU,7,35,0.20963650941848755
39,1893158,0,GRU,7,35,0.3051748275756836
40,10146223,0,GRU,7,35,0.4700174927711487
41,3441821,0,GRU,7,35,0.17751337587833405
42,4391589,0,GRU,7,35,0.09771907329559326
43,6504503,0,GRU,7,35,0.02772744745016098
44,1462289,0,GRU,7,35,0.24094873666763306
45,1301122,0,GRU,7,35,0.13523291051387787
46,3618383,0,GRU,7,35,0.4846961200237274
47,10378934,0,GRU,7,35,0.588556170463562
48,6939186,0,GRU,7,35,0.5421016216278076
49,6808059,0,GRU,7,35,0.19975025951862335
50,10313516,0,GRU,7,35,0.43033793568611145
51,7379114,0,GRU,7,35,0.41641685366630554
52,8311713,1,GRU,7,35,0.37209799885749817
53,3243039,0,GRU,7,35,0.06838293373584747
54,634821,0,GRU,7,35,0.06065186485648155
55,9241417,0,GRU,7,35,0.21828901767730713
56,8932838,0,GRU,7,35,0.5901625752449036
57,10420144,0,GRU,7,35,0.4519428014755249
58,6659608,0,GRU,7,35,0.5775721669197083
59,2984944,0,GRU,7,35,0.8662168979644775
60,9719251,0,GRU,7,35,0.5711942911148071
61,539682,0,GRU,7,35,0.20370370149612427
62,3490662,0,GRU,7,35,0.8227726221084595
63,642571,0,GRU,7,35,0.08081215620040894
64,6085551,0,GRU,7,35,0.2869579792022705
65,3450089,0,GRU,7,35,0.2382378876209259
66,2050332,0,GRU,7,35,0.15397164225578308
67,8097011,0,GRU,7,35,0.05652977153658867
68,1095309,0,GRU,7,35,0.732025146484375
69,5850717,0,GRU,7,35,0.16961397230625153
70,520239,0,GRU,7,35,0.5302339792251587
71,11537607,0,GRU,7,35,0.5998313426971436
72,10362211,0,GRU,7,35,0.5585435032844543
73,1853221,0,GRU,7,35,0.47194722294807434
74,5743906,0,GRU,7,35,0.35002440214157104
75,3655672,0,GRU,7,35,0.2495119869709015
76,8018657,0,GRU,7,35,0.09011615812778473
77,7965009,0,GRU,7,35,0.12175512313842773
78,10876281,0,GRU,7,35,0.05553693324327469
79,218606,0,GRU,7,35,0.39357468485832214
80,4573881,0,GRU,7,35,0.08929213136434555
81,1153294,0,GRU,7,35,0.17715506255626678
82,2433847,0,GRU,7,35,0.04303596913814545
83,5498504,0,GRU,7,35,0.16797107458114624
84,4353957,1,GRU,7,35,0.6162283420562744
85,810662,0,GRU,7,35,0.09170296788215637
86,5288319,0,GRU,7,35,0.13138146698474884
87,7022768,0,GRU,7,35,0.5501134395599365
88,5169273,0,GRU,7,35,0.20262734591960907
89,2660248,0,GRU,7,35,0.16818660497665405
90,4934523,1,GRU,7,35,0.8767462968826294
91,2144042,0,GRU,7,35,0.5052782297134399
92,3934133,0,GRU,7,35,0.45887523889541626
93,9342374,0,GRU,7,35,0.013477792963385582
94,4469039,0,GRU,7,35,0.8741047382354736
95,12844,0,GRU,7,35,0.28252190351486206
96,5139816,0,GRU,7,35,0.5891741514205933
97,7871211,0,GRU,7,35,0.6675941944122314
98,8844818,0,GRU,7,35,0.08410120010375977
99,1841057,0,GRU,7,35,0.05848520249128342
100,1923039,0,GRU,7,35,0.5248689651489258
1,5714601,0,GRU + Attention,7,35,0.15279699862003326
2,6499887,0,GRU + Attention,7,35,0.4405663311481476
3,4550493,0,GRU + Attention,7,35,0.2342989295721054
4,11466673,0,GRU + Attention,7,35,0.06899150460958481
5,2479601,0,GRU + Attention,7,35,0.7037945985794067
6,8378544,0,GRU + Attention,7,35,0.668537974357605
7,9201661,0,GRU + Attention,7,35,0.2462211400270462
8,330739,0,GRU + Attention,7,35,0.05503237247467041
9,901826,0,GRU + Attention,7,35,0.2560481131076813
10,1972573,0,GRU + Attention,7,35,0.43281665444374084
11,7509166,0,GRU + Attention,7,35,0.15357302129268646
12,3752798,0,GRU + Attention,7,35,0.10692659765481949
13,7013909,0,GRU + Attention,7,35,0.7937448620796204
14,563996,0,GRU + Attention,7,35,0.23524703085422516
15,5171809,0,GRU + Attention,7,35,0.02592359110713005
16,3053337,0,GRU + Attention,7,35,0.08074164390563965
17,3675893,0,GRU + Attention,7,35,0.27796971797943115
18,724622,0,GRU + Attention,7,35,0.05913478881120682
19,7449726,0,GRU + Attention,7,35,0.07420603185892105
20,5918297,0,GRU + Attention,7,35,0.4040193557739258
21,10779582,0,GRU + Attention,7,35,0.053169384598731995
22,6537621,0,GRU + Attention,7,35,0.44332975149154663
23,5495648,0,GRU + Attention,7,35,0.05045077204704285
24,7391994,0,GRU + Attention,7,35,0.2027672380208969
25,3110284,0,GRU + Attention,7,35,0.5037753582000732
26,8677719,0,GRU + Attention,7,35,0.30430060625076294
27,9504487,0,GRU + Attention,7,35,0.15823252499103546
28,6158348,0,GRU + Attention,7,35,0.2642577588558197
29,10690171,0,GRU + Attention,7,35,0.6967718005180359
30,3131218,0,GRU + Attention,7,35,0.7434216737747192
31,2285187,0,GRU + Attention,7,35,0.6134014129638672
32,6452177,1,GRU + Attention,7,35,0.5439571142196655
33,8427549,0,GRU + Attention,7,35,0.026876229792833328
34,6759021,0,GRU + Attention,7,35,0.06944780051708221
35,7880934,0,GRU + Attention,7,35,0.2679242193698883
36,3429043,0,GRU + Attention,7,35,0.6631281971931458
37,2115993,1,GRU + Attention,7,35,0.3040444552898407
38,11019618,0,GRU + Attention,7,35,0.3527509868144989
39,1893158,0,GRU + Attention,7,35,0.1852099895477295
40,10146223,0,GRU + Attention,7,35,0.48628243803977966
41,3441821,0,GRU + Attention,7,35,0.16411437094211578
42,4391589,0,GRU + Attention,7,35,0.07175213098526001
43,6504503,0,GRU + Attention,7,35,0.029736271128058434
44,1462289,0,GRU + Attention,7,35,0.07394343614578247
45,1301122,0,GRU + Attention,7,35,0.13526934385299683
46,3618383,0,GRU + Attention,7,35,0.5894755125045776
47,10378934,0,GRU + Attention,7,35,0.5625726580619812
48,6939186,0,GRU + Attention,7,35,0.46947115659713745
49,6808059,0,GRU + Attention,7,35,0.19185224175453186
50,10313516,0,GRU + Attention,7,35,0.47044360637664795
51,7379114,0,GRU + Attention,7,35,0.4188493490219116
52,8311713,1,GRU + Attention,7,35,0.34398889541625977
53,3243039,0,GRU + Attention,7,35,0.12191490083932877
54,634821,0,GRU + Attention,7,35,0.20204143226146698
55,9241417,0,GRU + Attention,7,35,0.16850200295448303
56,8932838,0,GRU + Attention,7,35,0.47241881489753723
57,10420144,0,GRU + Attention,7,35,0.4574991762638092
58,6659608,0,GRU + Attention,7,35,0.4187174439430237
59,2984944,0,GRU + Attention,7,35,0.770468533039093
60,9719251,0,GRU + Attention,7,35,0.4799768030643463
61,539682,0,GRU + Attention,7,35,0.15479981899261475
62,3490662,0,GRU + Attention,7,35,0.6450645327568054
63,642571,0,GRU + Attention,7,35,0.20953847467899323
64,6085551,0,GRU + Attention,7,35,0.2766658365726471
65,3450089,0,GRU + Attention,7,35,0.2795129716396332
66,2050332,0,GRU + Attention,7,35,0.2544005811214447
67,8097011,0,GRU + Attention,7,35,0.026298604905605316
68,1095309,0,GRU + Attention,7,35,0.6158959269523621
69,5850717,0,GRU + Attention,7,35,0.22222161293029785
70,520239,0,GRU + Attention,7,35,0.6564062833786011
71,11537607,0,GRU + Attention,7,35,0.6425619125366211
72,10362211,0,GRU + Attention,7,35,0.6445716619491577
73,1853221,0,GRU + Attention,7,35,0.4710800051689148
74,5743906,0,GRU + Attention,7,35,0.2454993575811386
75,3655672,0,GRU + Attention,7,35,0.10644792765378952
76,8018657,0,GRU + Attention,7,35,0.0536329448223114
77,7965009,0,GRU + Attention,7,35,0.039907265454530716
78,10876281,0,GRU + Attention,7,35,0.020739534869790077
79,218606,0,GRU + Attention,7,35,0.4358731210231781
80,4573881,0,GRU + Attention,7,35,0.060949455946683884
81,1153294,0,GRU + Attention,7,35,0.3873513340950012
82,2433847,0,GRU + Attention,7,35,0.21199166774749756
83,5498504,0,GRU + Attention,7,35,0.16470429301261902
84,4353957,1,GRU + Attention,7,35,0.4454926550388336
85,810662,0,GRU + Attention,7,35,0.0659417137503624
86,5288319,0,GRU + Attention,7,35,0.12126506865024567
87,7022768,0,GRU + Attention,7,35,0.5043150186538696
88,5169273,0,GRU + Attention,7,35,0.1426401138305664
89,2660248,0,GRU + Attention,7,35,0.2249070107936859
90,4934523,1,GRU + Attention,7,35,0.8029828071594238
91,2144042,0,GRU + Attention,7,35,0.5837067365646362
92,3934133,0,GRU + Attention,7,35,0.4388374984264374
93,9342374,0,GRU + Attention,7,35,0.04236501455307007
94,4469039,0,GRU + Attention,7,35,0.7417140007019043
95,12844,0,GRU + Attention,7,35,0.22795087099075317
96,5139816,0,GRU + Attention,7,35,0.5745182037353516
97,7871211,0,GRU + Attention,7,35,0.5134992599487305
98,8844818,0,GRU + Attention,7,35,0.07093531638383865
99,1841057,0,GRU + Attention,7,35,0.053150590509176254
100,1923039,0,GRU + Attention,7,35,0.5648910999298096
1,5714601,0,XGBoost,7,35,0.35705167055130005
2,6499887,0,XGBoost,7,35,0.3221989870071411
3,4550493,0,XGBoost,7,35,0.4410078525543213
4,11466673,0,XGBoost,7,35,0.6626734137535095
5,2479601,0,XGBoost,7,35,0.3610534071922302
6,8378544,0,XGBoost,7,35,0.5193779468536377
7,9201661,0,XGBoost,7,35,0.38976189494132996
8,330739,0,XGBoost,7,35,0.25060349702835083
9,901826,0,XGBoost,7,35,0.28869107365608215
10,1972573,0,XGBoost,7,35,0.3179788291454315
11,7509166,0,XGBoost,7,35,0.12972921133041382
12,3752798,0,XGBoost,7,35,0.2390517294406891
13,7013909,0,XGBoost,7,35,0.6809470057487488
14,563996,0,XGBoost,7,35,0.053786538541316986
15,5171809,0,XGBoost,7,35,0.21463528275489807
16,3053337,0,XGBoost,7,35,0.4281827211380005
17,3675893,0,XGBoost,7,35,0.2087317407131195
18,724622,0,XGBoost,7,35,0.21702797710895538
19,7449726,0,XGBoost,7,35,0.35620149970054626
20,5918297,0,XGBoost,7,35,0.7633019089698792
21,10779582,0,XGBoost,7,35,0.17885178327560425
22,6537621,0,XGBoost,7,35,0.34208211302757263
23,5495648,0,XGBoost,7,35,0.19335174560546875
24,7391994,0,XGBoost,7,35,0.13235601782798767
25,3110284,0,XGBoost,7,35,0.06947813183069229
26,8677719,0,XGBoost,7,35,0.10776559263467789
27,9504487,0,XGBoost,7,35,0.17444215714931488
28,6158348,0,XGBoost,7,35,0.11429335922002792
29,10690171,0,XGBoost,7,35,0.32910358905792236
30,3131218,0,XGBoost,7,35,0.19581452012062073
31,2285187,0,XGBoost,7,35,0.5143174529075623
32,6452177,1,XGBoost,7,35,0.4925038814544678
33,8427549,0,XGBoost,7,35,0.15695072710514069
34,6759021,0,XGBoost,7,35,0.253925621509552
35,7880934,0,XGBoost,7,35,0.2633146345615387
36,3429043,0,XGBoost,7,35,0.5914331674575806
37,2115993,1,XGBoost,7,35,0.5974657535552979
38,11019618,0,XGBoost,7,35,0.6506784558296204
39,1893158,0,XGBoost,7,35,0.22251445055007935
40,10146223,0,XGBoost,7,35,0.263531357049942
41,3441821,0,XGBoost,7,35,0.2373708188533783
42,4391589,0,XGBoost,7,35,0.1767314076423645
43,6504503,0,XGBoost,7,35,0.14818882942199707
44,1462289,0,XGBoost,7,35,0.3048743009567261
45,1301122,0,XGBoost,7,35,0.26257431507110596
46,3618383,0,XGBoost,7,35,0.4089774787425995
47,10378934,0,XGBoost,7,35,0.36281538009643555
48,6939186,0,XGBoost,7,35,0.21220745146274567
49,6808059,0,XGBoost,7,35,0.31204694509506226
50,10313516,0,XGBoost,7,35,0.6490473747253418
51,7379114,0,XGBoost,7,35,0.27200624346733093
52,8311713,1,XGBoost,7,35,0.180783212184906
53,3243039,0,XGBoost,7,35,0.20990507304668427
54,634821,0,XGBoost,7,35,0.2619345486164093
55,9241417,0,XGBoost,7,35,0.10804428160190582
56,8932838,0,XGBoost,7,35,0.35896703600883484
57,10420144,0,XGBoost,7,35,0.35261788964271545
58,6659608,0,XGBoost,7,35,0.1376405507326126
59,2984944,0,XGBoost,7,35,0.2541225850582123
60,9719251,0,XGBoost,7,35,0.555887758731842
61,539682,0,XGBoost,7,35,0.1097053587436676
62,3490662,0,XGBoost,7,35,0.815837562084198
63,642571,0,XGBoost,7,35,0.6122390627861023
64,6085551,0,XGBoost,7,35,0.3621041178703308
65,3450089,0,XGBoost,7,35,0.1951894611120224
66,2050332,0,XGBoost,7,35,0.2760881185531616
67,8097011,0,XGBoost,7,35,0.18767717480659485
68,1095309,0,XGBoost,7,35,0.7467628121376038
69,5850717,0,XGBoost,7,35,0.23260639607906342
70,520239,0,XGBoost,7,35,0.5415322184562683
71,11537607,0,XGBoost,7,35,0.6981188058853149
72,10362211,0,XGBoost,7,35,0.6897602677345276
73,1853221,0,XGBoost,7,35,0.24216334521770477
74,5743906,0,XGBoost,7,35,0.2865513861179352
75,3655672,0,XGBoost,7,35,0.1385006606578827
76,8018657,0,XGBoost,7,35,0.18581220507621765
77,7965009,0,XGBoost,7,35,0.08078313618898392
78,10876281,0,XGBoost,7,35,0.1269720047712326
79,218606,0,XGBoost,7,35,0.288532555103302
80,4573881,0,XGBoost,7,35,0.5602272748947144
81,1153294,0,XGBoost,7,35,0.35116204619407654
82,2433847,0,XGBoost,7,35,0.37694817781448364
83,5498504,0,XGBoost,7,35,0.26789841055870056
84,4353957,1,XGBoost,7,35,0.44062766432762146
85,810662,0,XGBoost,7,35,0.3204304277896881
86,5288319,0,XGBoost,7,35,0.19696806371212006
87,7022768,0,XGBoost,7,35,0.4279342293739319
88,5169273,0,XGBoost,7,35,0.16963571310043335
89,2660248,0,XGBoost,7,35,0.22413933277130127
90,4934523,1,XGBoost,7,35,0.6029711961746216
91,2144042,0,XGBoost,7,35,0.320136696100235
92,3934133,0,XGBoost,7,35,0.3339240550994873
93,9342374,0,XGBoost,7,35,0.22784703969955444
94,4469039,0,XGBoost,7,35,0.3076510727405548
95,12844,0,XGBoost,7,35,0.14351074397563934
96,5139816,0,XGBoost,7,35,0.19713222980499268
97,7871211,0,XGBoost,7,35,0.2762589752674103
98,8844818,0,XGBoost,7,35,0.3678364157676697
99,1841057,0,XGBoost,7,35,0.15729950368404388
100,1923039,0,XGBoost,7,35,0.656796932220459
1,5714601,0,LightGBM,7,35,0.4376713283818007
2,6499887,0,LightGBM,7,35,0.35275194954777367
3,4550493,0,LightGBM,7,35,0.4686840395364136
4,11466673,0,LightGBM,7,35,0.7668871764620019
5,2479601,0,LightGBM,7,35,0.3698912010738117
6,8378544,0,LightGBM,7,35,0.5225674659075492
7,9201661,0,LightGBM,7,35,0.34378856383594014
8,330739,0,LightGBM,7,35,0.2843877999954899
9,901826,0,LightGBM,7,35,0.24060248729071315
10,1972573,0,LightGBM,7,35,0.2735944470381312
11,7509166,0,LightGBM,7,35,0.15974833764330074
12,3752798,0,LightGBM,7,35,0.335536298897958
13,7013909,0,LightGBM,7,35,0.6233413035563523
14,563996,0,LightGBM,7,35,0.05630760711469738
15,5171809,0,LightGBM,7,35,0.1841715623412984
16,3053337,0,LightGBM,7,35,0.3586166592441869
17,3675893,0,LightGBM,7,35,0.20208429303524955
18,724622,0,LightGBM,7,35,0.23549592128583946
19,7449726,0,LightGBM,7,35,0.4618646144037875
20,5918297,0,LightGBM,7,35,0.7013117130832212
21,10779582,0,LightGBM,7,35,0.2520038825706185
22,6537621,0,LightGBM,7,35,0.299983182594607
23,5495648,0,LightGBM,7,35,0.23603718895669218
24,7391994,0,LightGBM,7,35,0.22523218803994718
25,3110284,0,LightGBM,7,35,0.37664625204032093
26,8677719,0,LightGBM,7,35,0.16917009620516654
27,9504487,0,LightGBM,7,35,0.1950661631116867
28,6158348,0,LightGBM,7,35,0.16801474090090449
29,10690171,0,LightGBM,7,35,0.30058461475145615
30,3131218,0,LightGBM,7,35,0.23319252123911388
31,2285187,0,LightGBM,7,35,0.4952489955728366
32,6452177,1,LightGBM,7,35,0.5141987384227119
33,8427549,0,LightGBM,7,35,0.15932039548145632
34,6759021,0,LightGBM,7,35,0.2128594491278186
35,7880934,0,LightGBM,7,35,0.24664426634339948
36,3429043,0,LightGBM,7,35,0.6561554994091471
37,2115993,1,LightGBM,7,35,0.5533708501936493
38,11019618,0,LightGBM,7,35,0.6764473219738523
39,1893158,0,LightGBM,7,35,0.22845083812681996
40,10146223,0,LightGBM,7,35,0.2883065568891745
41,3441821,0,LightGBM,7,35,0.3253090200836091
42,4391589,0,LightGBM,7,35,0.2574876485708592
43,6504503,0,LightGBM,7,35,0.14575715556493443
44,1462289,0,LightGBM,7,35,0.26990900768551374
45,1301122,0,LightGBM,7,35,0.25217307517737036
46,3618383,0,LightGBM,7,35,0.42074563182418084
47,10378934,0,LightGBM,7,35,0.37761960033561487
48,6939186,0,LightGBM,7,35,0.16101183079436526
49,6808059,0,LightGBM,7,35,0.2393512913309713
50,10313516,0,LightGBM,7,35,0.39290505950109783
51,7379114,0,LightGBM,7,35,0.14022505935857615
52,8311713,1,LightGBM,7,35,0.21957454196569143
53,3243039,0,LightGBM,7,35,0.2141387321258541
54,634821,0,LightGBM,7,35,0.32264392227315636
55,9241417,0,LightGBM,7,35,0.12560953067348138
56,8932838,0,LightGBM,7,35,0.2747043023560826
57,10420144,0,LightGBM,7,35,0.29691987600056835
58,6659608,0,LightGBM,7,35,0.1801937140222199
59,2984944,0,LightGBM,7,35,0.19974818927046378
60,9719251,0,LightGBM,7,35,0.594898976028137
61,539682,0,LightGBM,7,35,0.14211951322564123
62,3490662,0,LightGBM,7,35,0.7964851021573407
63,642571,0,LightGBM,7,35,0.637394614097837
64,6085551,0,LightGBM,7,35,0.3010554276570269
65,3450089,0,LightGBM,7,35,0.26119304191206005
66,2050332,0,LightGBM,7,35,0.28911227857210114
67,8097011,0,LightGBM,7,35,0.3479905419556257
68,1095309,0,LightGBM,7,35,0.7200164117042996
69,5850717,0,LightGBM,7,35,0.27344341878292955
70,520239,0,LightGBM,7,35,0.44704706894650403
71,11537607,0,LightGBM,7,35,0.6976214118999005
72,10362211,0,LightGBM,7,35,0.6076672725231332
73,1853221,0,LightGBM,7,35,0.220730848625582
74,5743906,0,LightGBM,7,35,0.25117901683556043
75,3655672,0,LightGBM,7,35,0.16425938985000313
76,8018657,0,LightGBM,7,35,0.1887433124852138
77,7965009,0,LightGBM,7,35,0.10097653624724534
78,10876281,0,LightGBM,7,35,0.19307431100283162
79,218606,0,LightGBM,7,35,0.300283522619926
80,4573881,0,LightGBM,7,35,0.5491773507945206
81,1153294,0,LightGBM,7,35,0.3403696747110675
82,2433847,0,LightGBM,7,35,0.5404927640263075
83,5498504,0,LightGBM,7,35,0.3103780929408186
84,4353957,1,LightGBM,7,35,0.5818323969941915
85,810662,0,LightGBM,7,35,0.29935413807883726
86,5288319,0,LightGBM,7,35,0.21842031520869956
87,7022768,0,LightGBM,7,35,0.38381386683472135
88,5169273,0,LightGBM,7,35,0.1763134660898513
89,2660248,0,LightGBM,7,35,0.21345935805525473
90,4934523,1,LightGBM,7,35,0.7574641959587948
91,2144042,0,LightGBM,7,35,0.2886275993843235
92,3934133,0,LightGBM,7,35,0.31909942901468047
93,9342374,0,LightGBM,7,35,0.30949900474901604
94,4469039,0,LightGBM,7,35,0.3174294520751959
95,12844,0,LightGBM,7,35,0.17656965599702165
96,5139816,0,LightGBM,7,35,0.20322771817917124
97,7871211,0,LightGBM,7,35,0.2756367419198893
98,8844818,0,LightGBM,7,35,0.5357257435014604
99,1841057,0,LightGBM,7,35,0.2246060755714671
100,1923039,0,LightGBM,7,35,0.6938278159449417
1,5714601,0,LSTM,8,40,0.016416577622294426
2,6499887,0,LSTM,8,40,0.7092006802558899
3,4550493,0,LSTM,8,40,0.21946734189987183
4,11466673,0,LSTM,8,40,0.008046520873904228
5,2479601,0,LSTM,8,40,0.7691100835800171
6,8378544,0,LSTM,8,40,0.8821932077407837
7,9201661,0,LSTM,8,40,0.051011208444833755
8,330739,0,LSTM,8,40,0.015048692934215069
9,901826,0,LSTM,8,40,0.693037748336792
10,1972573,0,LSTM,8,40,0.6342996954917908
11,7509166,0,LSTM,8,40,0.18927879631519318
12,3752798,0,LSTM,8,40,0.11447857320308685
13,7013909,0,LSTM,8,40,0.9128772020339966
14,563996,0,LSTM,8,40,0.28883516788482666
15,5171809,0,LSTM,8,40,0.02830030396580696
16,3053337,0,LSTM,8,40,0.06921771913766861
17,3675893,0,LSTM,8,40,0.24068428575992584
18,724622,0,LSTM,8,40,0.025681518018245697
19,7449726,0,LSTM,8,40,0.06800811737775803
20,5918297,0,LSTM,8,40,0.19270607829093933
21,10779582,0,LSTM,8,40,0.007914034649729729
22,6537621,0,LSTM,8,40,0.2271757423877716
23,5495648,0,LSTM,8,40,0.008005473762750626
24,7391994,0,LSTM,8,40,0.14547638595104218
25,3110284,0,LSTM,8,40,0.5405301451683044
26,8677719,0,LSTM,8,40,0.10530536621809006
27,9504487,0,LSTM,8,40,0.06412068754434586
28,6158348,0,LSTM,8,40,0.39300888776779175
29,10690171,0,LSTM,8,40,0.7565160393714905
30,3131218,0,LSTM,8,40,0.7969353199005127
31,2285187,0,LSTM,8,40,0.6791883707046509
32,6452177,1,LSTM,8,40,0.5313206911087036
33,8427549,0,LSTM,8,40,0.01895487867295742
34,6759021,0,LSTM,8,40,0.08070220798254013
35,7880934,0,LSTM,8,40,0.2023974508047104
36,3429043,0,LSTM,8,40,0.901969313621521
37,2115993,1,LSTM,8,40,0.46707579493522644
38,11019618,0,LSTM,8,40,0.6246352195739746
39,1893158,0,LSTM,8,40,0.4308268129825592
40,10146223,0,LSTM,8,40,0.5556971430778503
41,3441821,0,LSTM,8,40,0.11213774234056473
42,4391589,0,LSTM,8,40,0.02096545696258545
43,6504503,0,LSTM,8,40,0.00912417471408844
44,1462289,0,LSTM,8,40,0.13075919449329376
45,1301122,0,LSTM,8,40,0.09026648104190826
46,3618383,0,LSTM,8,40,0.5595064163208008
47,10378934,0,LSTM,8,40,0.6844996213912964
48,6939186,0,LSTM,8,40,0.43462827801704407
49,6808059,0,LSTM,8,40,0.10448160022497177
50,10313516,0,LSTM,8,40,0.3467976450920105
51,7379114,0,LSTM,8,40,0.3463798463344574
52,8311713,1,LSTM,8,40,0.26959124207496643
53,3243039,0,LSTM,8,40,0.01588551327586174
54,634821,0,LSTM,8,40,0.25362759828567505
55,9241417,0,LSTM,8,40,0.17385032773017883
56,8932838,0,LSTM,8,40,0.6008442640304565
57,10420144,0,LSTM,8,40,0.49150148034095764
58,6659608,0,LSTM,8,40,0.7255256772041321
59,2984944,0,LSTM,8,40,0.860795795917511
60,9719251,0,LSTM,8,40,0.7284903526306152
61,539682,0,LSTM,8,40,0.13393272459506989
62,3490662,0,LSTM,8,40,0.8921526074409485
63,642571,0,LSTM,8,40,0.027009863406419754
64,6085551,0,LSTM,8,40,0.05776634067296982
65,3450089,0,LSTM,8,40,0.28788965940475464
66,2050332,0,LSTM,8,40,0.10886867344379425
67,8097011,0,LSTM,8,40,0.013830387033522129
68,1095309,0,LSTM,8,40,0.890687108039856
69,5850717,0,LSTM,8,40,0.08629495650529861
70,520239,0,LSTM,8,40,0.652927041053772
71,11537607,0,LSTM,8,40,0.807137131690979
72,10362211,0,LSTM,8,40,0.882709264755249
73,1853221,0,LSTM,8,40,0.4539114534854889
74,5743906,0,LSTM,8,40,0.2739035189151764
75,3655672,0,LSTM,8,40,0.20392650365829468
76,8018657,0,LSTM,8,40,0.04002164676785469
77,7965009,0,LSTM,8,40,0.07883325219154358
78,10876281,0,LSTM,8,40,0.011722528375685215
79,218606,0,LSTM,8,40,0.38726621866226196
80,4573881,0,LSTM,8,40,0.0968647450208664
81,1153294,0,LSTM,8,40,0.12520889937877655
82,2433847,0,LSTM,8,40,0.00498506985604763
83,5498504,0,LSTM,8,40,0.13700154423713684
84,4353957,1,LSTM,8,40,0.1690312772989273
85,810662,0,LSTM,8,40,0.009272124618291855
86,5288319,0,LSTM,8,40,0.08693596720695496
87,7022768,0,LSTM,8,40,0.592370331287384
88,5169273,0,LSTM,8,40,0.1612509936094284
89,2660248,0,LSTM,8,40,0.13982190191745758
90,4934523,1,LSTM,8,40,0.8940950036048889
91,2144042,0,LSTM,8,40,0.6229214668273926
92,3934133,0,LSTM,8,40,0.56464684009552
93,9342374,0,LSTM,8,40,0.0018093108665198088
94,4469039,0,LSTM,8,40,0.9026880264282227
95,12844,0,LSTM,8,40,0.18661455810070038
96,5139816,0,LSTM,8,40,0.6934629678726196
97,7871211,0,LSTM,8,40,0.6713130474090576
98,8844818,0,LSTM,8,40,0.015860911458730698
99,1841057,0,LSTM,8,40,0.015984827652573586
100,1923039,0,LSTM,8,40,0.803185224533081
1,5714601,0,GRU,8,40,0.11945638805627823
2,6499887,0,GRU,8,40,0.46364718675613403
3,4550493,0,GRU,8,40,0.440192312002182
4,11466673,0,GRU,8,40,0.05239880830049515
5,2479601,0,GRU,8,40,0.692300021648407
6,8378544,0,GRU,8,40,0.7999123930931091
7,9201661,0,GRU,8,40,0.30284973978996277
8,330739,0,GRU,8,40,0.05503307282924652
9,901826,0,GRU,8,40,0.41073504090309143
10,1972573,0,GRU,8,40,0.442160427570343
11,7509166,0,GRU,8,40,0.22602319717407227
12,3752798,0,GRU,8,40,0.14066828787326813
13,7013909,0,GRU,8,40,0.7577590346336365
14,563996,0,GRU,8,40,0.34938547015190125
15,5171809,0,GRU,8,40,0.0681556910276413
16,3053337,0,GRU,8,40,0.024462640285491943
17,3675893,0,GRU,8,40,0.2983759343624115
18,724622,0,GRU,8,40,0.05532084032893181
19,7449726,0,GRU,8,40,0.12159034609794617
20,5918297,0,GRU,8,40,0.33120158314704895
21,10779582,0,GRU,8,40,0.050310540944337845
22,6537621,0,GRU,8,40,0.28455379605293274
23,5495648,0,GRU,8,40,0.022028056904673576
24,7391994,0,GRU,8,40,0.15484492480754852
25,3110284,0,GRU,8,40,0.46277034282684326
26,8677719,0,GRU,8,40,0.19313646852970123
27,9504487,0,GRU,8,40,0.09903629124164581
28,6158348,0,GRU,8,40,0.4510163366794586
29,10690171,0,GRU,8,40,0.568976640701294
30,3131218,0,GRU,8,40,0.6578792333602905
31,2285187,0,GRU,8,40,0.5722806453704834
32,6452177,1,GRU,8,40,0.44837164878845215
33,8427549,0,GRU,8,40,0.07969994843006134
34,6759021,0,GRU,8,40,0.19370777904987335
35,7880934,0,GRU,8,40,0.20421206951141357
36,3429043,0,GRU,8,40,0.7628648281097412
37,2115993,1,GRU,8,40,0.40567007660865784
38,11019618,0,GRU,8,40,0.47857820987701416
39,1893158,0,GRU,8,40,0.3051748275756836
40,10146223,0,GRU,8,40,0.4700174927711487
41,3441821,0,GRU,8,40,0.17751337587833405
42,4391589,0,GRU,8,40,0.09771907329559326
43,6504503,0,GRU,8,40,0.02772744745016098
44,1462289,0,GRU,8,40,0.24094873666763306
45,1301122,0,GRU,8,40,0.13523291051387787
46,3618383,0,GRU,8,40,0.4846961200237274
47,10378934,0,GRU,8,40,0.588556170463562
48,6939186,0,GRU,8,40,0.5421016216278076
49,6808059,0,GRU,8,40,0.19975025951862335
50,10313516,0,GRU,8,40,0.43033793568611145
51,7379114,0,GRU,8,40,0.41641685366630554
52,8311713,1,GRU,8,40,0.37209799885749817
53,3243039,0,GRU,8,40,0.06838293373584747
54,634821,0,GRU,8,40,0.3559339642524719
55,9241417,0,GRU,8,40,0.21828901767730713
56,8932838,0,GRU,8,40,0.5901625752449036
57,10420144,0,GRU,8,40,0.4519428014755249
58,6659608,0,GRU,8,40,0.5775721669197083
59,2984944,0,GRU,8,40,0.8662168979644775
60,9719251,0,GRU,8,40,0.5711942911148071
61,539682,0,GRU,8,40,0.20370370149612427
62,3490662,0,GRU,8,40,0.8227726221084595
63,642571,0,GRU,8,40,0.08081215620040894
64,6085551,0,GRU,8,40,0.2869579792022705
65,3450089,0,GRU,8,40,0.2382378876209259
66,2050332,0,GRU,8,40,0.15397164225578308
67,8097011,0,GRU,8,40,0.05652977153658867
68,1095309,0,GRU,8,40,0.732025146484375
69,5850717,0,GRU,8,40,0.16961397230625153
70,520239,0,GRU,8,40,0.5302339792251587
71,11537607,0,GRU,8,40,0.5998313426971436
72,10362211,0,GRU,8,40,0.78874671459198
73,1853221,0,GRU,8,40,0.47194722294807434
74,5743906,0,GRU,8,40,0.35002440214157104
75,3655672,0,GRU,8,40,0.2495119869709015
76,8018657,0,GRU,8,40,0.09011615812778473
77,7965009,0,GRU,8,40,0.12175512313842773
78,10876281,0,GRU,8,40,0.05553693324327469
79,218606,0,GRU,8,40,0.39357468485832214
80,4573881,0,GRU,8,40,0.08929213136434555
81,1153294,0,GRU,8,40,0.17715506255626678
82,2433847,0,GRU,8,40,0.04303596913814545
83,5498504,0,GRU,8,40,0.16797107458114624
84,4353957,1,GRU,8,40,0.6162283420562744
85,810662,0,GRU,8,40,0.09170296788215637
86,5288319,0,GRU,8,40,0.13138146698474884
87,7022768,0,GRU,8,40,0.5501134395599365
88,5169273,0,GRU,8,40,0.20262734591960907
89,2660248,0,GRU,8,40,0.16818660497665405
90,4934523,1,GRU,8,40,0.8767462968826294
91,2144042,0,GRU,8,40,0.5052782297134399
92,3934133,0,GRU,8,40,0.45887523889541626
93,9342374,0,GRU,8,40,0.013477792963385582
94,4469039,0,GRU,8,40,0.8741047382354736
95,12844,0,GRU,8,40,0.28252190351486206
96,5139816,0,GRU,8,40,0.5891741514205933
97,7871211,0,GRU,8,40,0.6675941944122314
98,8844818,0,GRU,8,40,0.08410120010375977
99,1841057,0,GRU,8,40,0.05848520249128342
100,1923039,0,GRU,8,40,0.7576140761375427
1,5714601,0,GRU + Attention,8,40,0.15279699862003326
2,6499887,0,GRU + Attention,8,40,0.4405663311481476
3,4550493,0,GRU + Attention,8,40,0.266697496175766
4,11466673,0,GRU + Attention,8,40,0.06899150460958481
5,2479601,0,GRU + Attention,8,40,0.7037945985794067
6,8378544,0,GRU + Attention,8,40,0.668537974357605
7,9201661,0,GRU + Attention,8,40,0.2462211400270462
8,330739,0,GRU + Attention,8,40,0.05503237247467041
9,901826,0,GRU + Attention,8,40,0.2560481131076813
10,1972573,0,GRU + Attention,8,40,0.43281665444374084
11,7509166,0,GRU + Attention,8,40,0.15357302129268646
12,3752798,0,GRU + Attention,8,40,0.10692659765481949
13,7013909,0,GRU + Attention,8,40,0.7937448620796204
14,563996,0,GRU + Attention,8,40,0.23524703085422516
15,5171809,0,GRU + Attention,8,40,0.02592359110713005
16,3053337,0,GRU + Attention,8,40,0.08074164390563965
17,3675893,0,GRU + Attention,8,40,0.27796971797943115
18,724622,0,GRU + Attention,8,40,0.05913478881120682
19,7449726,0,GRU + Attention,8,40,0.07420603185892105
20,5918297,0,GRU + Attention,8,40,0.3754321336746216
21,10779582,0,GRU + Attention,8,40,0.053169384598731995
22,6537621,0,GRU + Attention,8,40,0.44332975149154663
23,5495648,0,GRU + Attention,8,40,0.05045077204704285
24,7391994,0,GRU + Attention,8,40,0.2027672380208969
25,3110284,0,GRU + Attention,8,40,0.5037753582000732
26,8677719,0,GRU + Attention,8,40,0.30430060625076294
27,9504487,0,GRU + Attention,8,40,0.15823252499103546
28,6158348,0,GRU + Attention,8,40,0.2642577588558197
29,10690171,0,GRU + Attention,8,40,0.6967718005180359
30,3131218,0,GRU + Attention,8,40,0.7434216737747192
31,2285187,0,GRU + Attention,8,40,0.6134014129638672
32,6452177,1,GRU + Attention,8,40,0.5439571142196655
33,8427549,0,GRU + Attention,8,40,0.026876229792833328
34,6759021,0,GRU + Attention,8,40,0.06944780051708221
35,7880934,0,GRU + Attention,8,40,0.2679242193698883
36,3429043,0,GRU + Attention,8,40,0.7358059883117676
37,2115993,1,GRU + Attention,8,40,0.3040444552898407
38,11019618,0,GRU + Attention,8,40,0.4526679813861847
39,1893158,0,GRU + Attention,8,40,0.1852099895477295
40,10146223,0,GRU + Attention,8,40,0.48628243803977966
41,3441821,0,GRU + Attention,8,40,0.16411437094211578
42,4391589,0,GRU + Attention,8,40,0.07175213098526001
43,6504503,0,GRU + Attention,8,40,0.029736271128058434
44,1462289,0,GRU + Attention,8,40,0.07394343614578247
45,1301122,0,GRU + Attention,8,40,0.13526934385299683
46,3618383,0,GRU + Attention,8,40,0.5894755125045776
47,10378934,0,GRU + Attention,8,40,0.5625726580619812
48,6939186,0,GRU + Attention,8,40,0.46947115659713745
49,6808059,0,GRU + Attention,8,40,0.19185224175453186
50,10313516,0,GRU + Attention,8,40,0.47044360637664795
51,7379114,0,GRU + Attention,8,40,0.4188493490219116
52,8311713,1,GRU + Attention,8,40,0.34398889541625977
53,3243039,0,GRU + Attention,8,40,0.12191490083932877
54,634821,0,GRU + Attention,8,40,0.3055143356323242
55,9241417,0,GRU + Attention,8,40,0.16850200295448303
56,8932838,0,GRU + Attention,8,40,0.47241881489753723
57,10420144,0,GRU + Attention,8,40,0.4574991762638092
58,6659608,0,GRU + Attention,8,40,0.4187174439430237
59,2984944,0,GRU + Attention,8,40,0.770468533039093
60,9719251,0,GRU + Attention,8,40,0.4799768030643463
61,539682,0,GRU + Attention,8,40,0.15479981899261475
62,3490662,0,GRU + Attention,8,40,0.6450645327568054
63,642571,0,GRU + Attention,8,40,0.20953847467899323
64,6085551,0,GRU + Attention,8,40,0.2766658365726471
65,3450089,0,GRU + Attention,8,40,0.2795129716396332
66,2050332,0,GRU + Attention,8,40,0.2544005811214447
67,8097011,0,GRU + Attention,8,40,0.026298604905605316
68,1095309,0,GRU + Attention,8,40,0.6158959269523621
69,5850717,0,GRU + Attention,8,40,0.22222161293029785
70,520239,0,GRU + Attention,8,40,0.6564062833786011
71,11537607,0,GRU + Attention,8,40,0.6425619125366211
72,10362211,0,GRU + Attention,8,40,0.704913854598999
73,1853221,0,GRU + Attention,8,40,0.4710800051689148
74,5743906,0,GRU + Attention,8,40,0.2454993575811386
75,3655672,0,GRU + Attention,8,40,0.10644792765378952
76,8018657,0,GRU + Attention,8,40,0.0536329448223114
77,7965009,0,GRU + Attention,8,40,0.039907265454530716
78,10876281,0,GRU + Attention,8,40,0.020739534869790077
79,218606,0,GRU + Attention,8,40,0.4358731210231781
80,4573881,0,GRU + Attention,8,40,0.060949455946683884
81,1153294,0,GRU + Attention,8,40,0.3873513340950012
82,2433847,0,GRU + Attention,8,40,0.21199166774749756
83,5498504,0,GRU + Attention,8,40,0.16470429301261902
84,4353957,1,GRU + Attention,8,40,0.4454926550388336
85,810662,0,GRU + Attention,8,40,0.0659417137503624
86,5288319,0,GRU + Attention,8,40,0.12126506865024567
87,7022768,0,GRU + Attention,8,40,0.5043150186538696
88,5169273,0,GRU + Attention,8,40,0.1426401138305664
89,2660248,0,GRU + Attention,8,40,0.2249070107936859
90,4934523,1,GRU + Attention,8,40,0.8029828071594238
91,2144042,0,GRU + Attention,8,40,0.5837067365646362
92,3934133,0,GRU + Attention,8,40,0.4388374984264374
93,9342374,0,GRU + Attention,8,40,0.04236501455307007
94,4469039,0,GRU + Attention,8,40,0.7417140007019043
95,12844,0,GRU + Attention,8,40,0.22795087099075317
96,5139816,0,GRU + Attention,8,40,0.5745182037353516
97,7871211,0,GRU + Attention,8,40,0.5134992599487305
98,8844818,0,GRU + Attention,8,40,0.07093531638383865
99,1841057,0,GRU + Attention,8,40,0.053150590509176254
100,1923039,0,GRU + Attention,8,40,0.5413816571235657
1,5714601,0,XGBoost,8,40,0.35705167055130005
2,6499887,0,XGBoost,8,40,0.3221989870071411
3,4550493,0,XGBoost,8,40,0.3884873688220978
4,11466673,0,XGBoost,8,40,0.6626734137535095
5,2479601,0,XGBoost,8,40,0.3610534071922302
6,8378544,0,XGBoost,8,40,0.5193779468536377
7,9201661,0,XGBoost,8,40,0.38976189494132996
8,330739,0,XGBoost,8,40,0.25060349702835083
9,901826,0,XGBoost,8,40,0.28869107365608215
10,1972573,0,XGBoost,8,40,0.3179788291454315
11,7509166,0,XGBoost,8,40,0.12972921133041382
12,3752798,0,XGBoost,8,40,0.2390517294406891
13,7013909,0,XGBoost,8,40,0.6809470057487488
14,563996,0,XGBoost,8,40,0.053786538541316986
15,5171809,0,XGBoost,8,40,0.21463528275489807
16,3053337,0,XGBoost,8,40,0.4281827211380005
17,3675893,0,XGBoost,8,40,0.2087317407131195
18,724622,0,XGBoost,8,40,0.21702797710895538
19,7449726,0,XGBoost,8,40,0.35620149970054626
20,5918297,0,XGBoost,8,40,0.5719596743583679
21,10779582,0,XGBoost,8,40,0.17885178327560425
22,6537621,0,XGBoost,8,40,0.34208211302757263
23,5495648,0,XGBoost,8,40,0.19335174560546875
24,7391994,0,XGBoost,8,40,0.13235601782798767
25,3110284,0,XGBoost,8,40,0.06947813183069229
26,8677719,0,XGBoost,8,40,0.10776559263467789
27,9504487,0,XGBoost,8,40,0.17444215714931488
28,6158348,0,XGBoost,8,40,0.11429335922002792
29,10690171,0,XGBoost,8,40,0.32910358905792236
30,3131218,0,XGBoost,8,40,0.19581452012062073
31,2285187,0,XGBoost,8,40,0.5143174529075623
32,6452177,1,XGBoost,8,40,0.4925038814544678
33,8427549,0,XGBoost,8,40,0.15695072710514069
34,6759021,0,XGBoost,8,40,0.253925621509552
35,7880934,0,XGBoost,8,40,0.2633146345615387
36,3429043,0,XGBoost,8,40,0.6340184211730957
37,2115993,1,XGBoost,8,40,0.5974657535552979
38,11019618,0,XGBoost,8,40,0.7295206189155579
39,1893158,0,XGBoost,8,40,0.22251445055007935
40,10146223,0,XGBoost,8,40,0.263531357049942
41,3441821,0,XGBoost,8,40,0.2373708188533783
42,4391589,0,XGBoost,8,40,0.1767314076423645
43,6504503,0,XGBoost,8,40,0.14818882942199707
44,1462289,0,XGBoost,8,40,0.3048743009567261
45,1301122,0,XGBoost,8,40,0.26257431507110596
46,3618383,0,XGBoost,8,40,0.4089774787425995
47,10378934,0,XGBoost,8,40,0.36281538009643555
48,6939186,0,XGBoost,8,40,0.21220745146274567
49,6808059,0,XGBoost,8,40,0.31204694509506226
50,10313516,0,XGBoost,8,40,0.6490473747253418
51,7379114,0,XGBoost,8,40,0.27200624346733093
52,8311713,1,XGBoost,8,40,0.180783212184906
53,3243039,0,XGBoost,8,40,0.20990507304668427
54,634821,0,XGBoost,8,40,0.2590198516845703
55,9241417,0,XGBoost,8,40,0.10804428160190582
56,8932838,0,XGBoost,8,40,0.35896703600883484
57,10420144,0,XGBoost,8,40,0.35261788964271545
58,6659608,0,XGBoost,8,40,0.1376405507326126
59,2984944,0,XGBoost,8,40,0.2541225850582123
60,9719251,0,XGBoost,8,40,0.555887758731842
61,539682,0,XGBoost,8,40,0.1097053587436676
62,3490662,0,XGBoost,8,40,0.815837562084198
63,642571,0,XGBoost,8,40,0.6122390627861023
64,6085551,0,XGBoost,8,40,0.3621041178703308
65,3450089,0,XGBoost,8,40,0.1951894611120224
66,2050332,0,XGBoost,8,40,0.2760881185531616
67,8097011,0,XGBoost,8,40,0.18767717480659485
68,1095309,0,XGBoost,8,40,0.7467628121376038
69,5850717,0,XGBoost,8,40,0.23260639607906342
70,520239,0,XGBoost,8,40,0.5415322184562683
71,11537607,0,XGBoost,8,40,0.6981188058853149
72,10362211,0,XGBoost,8,40,0.7420044541358948
73,1853221,0,XGBoost,8,40,0.24216334521770477
74,5743906,0,XGBoost,8,40,0.2865513861179352
75,3655672,0,XGBoost,8,40,0.1385006606578827
76,8018657,0,XGBoost,8,40,0.18581220507621765
77,7965009,0,XGBoost,8,40,0.08078313618898392
78,10876281,0,XGBoost,8,40,0.1269720047712326
79,218606,0,XGBoost,8,40,0.288532555103302
80,4573881,0,XGBoost,8,40,0.5602272748947144
81,1153294,0,XGBoost,8,40,0.35116204619407654
82,2433847,0,XGBoost,8,40,0.37694817781448364
83,5498504,0,XGBoost,8,40,0.26789841055870056
84,4353957,1,XGBoost,8,40,0.44062766432762146
85,810662,0,XGBoost,8,40,0.3204304277896881
86,5288319,0,XGBoost,8,40,0.19696806371212006
87,7022768,0,XGBoost,8,40,0.4279342293739319
88,5169273,0,XGBoost,8,40,0.16963571310043335
89,2660248,0,XGBoost,8,40,0.22413933277130127
90,4934523,1,XGBoost,8,40,0.6029711961746216
91,2144042,0,XGBoost,8,40,0.320136696100235
92,3934133,0,XGBoost,8,40,0.3339240550994873
93,9342374,0,XGBoost,8,40,0.22784703969955444
94,4469039,0,XGBoost,8,40,0.3076510727405548
95,12844,0,XGBoost,8,40,0.14351074397563934
96,5139816,0,XGBoost,8,40,0.19713222980499268
97,7871211,0,XGBoost,8,40,0.2762589752674103
98,8844818,0,XGBoost,8,40,0.3678364157676697
99,1841057,0,XGBoost,8,40,0.15729950368404388
100,1923039,0,XGBoost,8,40,0.5929261445999146
1,5714601,0,LightGBM,8,40,0.4376713283818007
2,6499887,0,LightGBM,8,40,0.35275194954777367
3,4550493,0,LightGBM,8,40,0.3163583847175021
4,11466673,0,LightGBM,8,40,0.7668871764620019
5,2479601,0,LightGBM,8,40,0.3698912010738117
6,8378544,0,LightGBM,8,40,0.5225674659075492
7,9201661,0,LightGBM,8,40,0.34378856383594014
8,330739,0,LightGBM,8,40,0.2843877999954899
9,901826,0,LightGBM,8,40,0.24060248729071315
10,1972573,0,LightGBM,8,40,0.2735944470381312
11,7509166,0,LightGBM,8,40,0.15974833764330074
12,3752798,0,LightGBM,8,40,0.335536298897958
13,7013909,0,LightGBM,8,40,0.6233413035563523
14,563996,0,LightGBM,8,40,0.05630760711469738
15,5171809,0,LightGBM,8,40,0.1841715623412984
16,3053337,0,LightGBM,8,40,0.3586166592441869
17,3675893,0,LightGBM,8,40,0.20208429303524955
18,724622,0,LightGBM,8,40,0.23549592128583946
19,7449726,0,LightGBM,8,40,0.4618646144037875
20,5918297,0,LightGBM,8,40,0.6795285106439881
21,10779582,0,LightGBM,8,40,0.2520038825706185
22,6537621,0,LightGBM,8,40,0.299983182594607
23,5495648,0,LightGBM,8,40,0.23603718895669218
24,7391994,0,LightGBM,8,40,0.22523218803994718
25,3110284,0,LightGBM,8,40,0.37664625204032093
26,8677719,0,LightGBM,8,40,0.16917009620516654
27,9504487,0,LightGBM,8,40,0.1950661631116867
28,6158348,0,LightGBM,8,40,0.16801474090090449
29,10690171,0,LightGBM,8,40,0.30058461475145615
30,3131218,0,LightGBM,8,40,0.23319252123911388
31,2285187,0,LightGBM,8,40,0.4952489955728366
32,6452177,1,LightGBM,8,40,0.5141987384227119
33,8427549,0,LightGBM,8,40,0.15932039548145632
34,6759021,0,LightGBM,8,40,0.2128594491278186
35,7880934,0,LightGBM,8,40,0.24664426634339948
36,3429043,0,LightGBM,8,40,0.7003575094547562
37,2115993,1,LightGBM,8,40,0.5533708501936493
38,11019618,0,LightGBM,8,40,0.5641149297120986
39,1893158,0,LightGBM,8,40,0.22845083812681996
40,10146223,0,LightGBM,8,40,0.2883065568891745
41,3441821,0,LightGBM,8,40,0.3253090200836091
42,4391589,0,LightGBM,8,40,0.2574876485708592
43,6504503,0,LightGBM,8,40,0.14575715556493443
44,1462289,0,LightGBM,8,40,0.26990900768551374
45,1301122,0,LightGBM,8,40,0.25217307517737036
46,3618383,0,LightGBM,8,40,0.42074563182418084
47,10378934,0,LightGBM,8,40,0.37761960033561487
48,6939186,0,LightGBM,8,40,0.16101183079436526
49,6808059,0,LightGBM,8,40,0.2393512913309713
50,10313516,0,LightGBM,8,40,0.39290505950109783
51,7379114,0,LightGBM,8,40,0.14022505935857615
52,8311713,1,LightGBM,8,40,0.21957454196569143
53,3243039,0,LightGBM,8,40,0.2141387321258541
54,634821,0,LightGBM,8,40,0.32925775931752965
55,9241417,0,LightGBM,8,40,0.12560953067348138
56,8932838,0,LightGBM,8,40,0.2747043023560826
57,10420144,0,LightGBM,8,40,0.29691987600056835
58,6659608,0,LightGBM,8,40,0.1801937140222199
59,2984944,0,LightGBM,8,40,0.19974818927046378
60,9719251,0,LightGBM,8,40,0.594898976028137
61,539682,0,LightGBM,8,40,0.14211951322564123
62,3490662,0,LightGBM,8,40,0.7964851021573407
63,642571,0,LightGBM,8,40,0.637394614097837
64,6085551,0,LightGBM,8,40,0.3010554276570269
65,3450089,0,LightGBM,8,40,0.26119304191206005
66,2050332,0,LightGBM,8,40,0.28911227857210114
67,8097011,0,LightGBM,8,40,0.3479905419556257
68,1095309,0,LightGBM,8,40,0.7200164117042996
69,5850717,0,LightGBM,8,40,0.27344341878292955
70,520239,0,LightGBM,8,40,0.44704706894650403
71,11537607,0,LightGBM,8,40,0.6976214118999005
72,10362211,0,LightGBM,8,40,0.8120592704941854
73,1853221,0,LightGBM,8,40,0.220730848625582
74,5743906,0,LightGBM,8,40,0.25117901683556043
75,3655672,0,LightGBM,8,40,0.16425938985000313
76,8018657,0,LightGBM,8,40,0.1887433124852138
77,7965009,0,LightGBM,8,40,0.10097653624724534
78,10876281,0,LightGBM,8,40,0.19307431100283162
79,218606,0,LightGBM,8,40,0.300283522619926
80,4573881,0,LightGBM,8,40,0.5491773507945206
81,1153294,0,LightGBM,8,40,0.3403696747110675
82,2433847,0,LightGBM,8,40,0.5404927640263075
83,5498504,0,LightGBM,8,40,0.3103780929408186
84,4353957,1,LightGBM,8,40,0.5818323969941915
85,810662,0,LightGBM,8,40,0.29935413807883726
86,5288319,0,LightGBM,8,40,0.21842031520869956
87,7022768,0,LightGBM,8,40,0.38381386683472135
88,5169273,0,LightGBM,8,40,0.1763134660898513
89,2660248,0,LightGBM,8,40,0.21345935805525473
90,4934523,1,LightGBM,8,40,0.7574641959587948
91,2144042,0,LightGBM,8,40,0.2886275993843235
92,3934133,0,LightGBM,8,40,0.31909942901468047
93,9342374,0,LightGBM,8,40,0.30949900474901604
94,4469039,0,LightGBM,8,40,0.3174294520751959
95,12844,0,LightGBM,8,40,0.17656965599702165
96,5139816,0,LightGBM,8,40,0.20322771817917124
97,7871211,0,LightGBM,8,40,0.2756367419198893
98,8844818,0,LightGBM,8,40,0.5357257435014604
99,1841057,0,LightGBM,8,40,0.2246060755714671
100,1923039,0,LightGBM,8,40,0.6703149776740801
1,5714601,0,LSTM,9,45,0.016416577622294426
2,6499887,0,LSTM,9,45,0.7092006802558899
3,4550493,0,LSTM,9,45,0.022363008931279182
4,11466673,0,LSTM,9,45,0.008046520873904228
5,2479601,0,LSTM,9,45,0.7691100835800171
6,8378544,0,LSTM,9,45,0.8821932077407837
7,9201661,0,LSTM,9,45,0.051011208444833755
8,330739,0,LSTM,9,45,0.015048692934215069
9,901826,0,LSTM,9,45,0.693037748336792
10,1972573,0,LSTM,9,45,0.6342996954917908
11,7509166,0,LSTM,9,45,0.18927879631519318
12,3752798,0,LSTM,9,45,0.11447857320308685
13,7013909,0,LSTM,9,45,0.9128772020339966
14,563996,0,LSTM,9,45,0.28883516788482666
15,5171809,0,LSTM,9,45,0.02830030396580696
16,3053337,0,LSTM,9,45,0.06921771913766861
17,3675893,0,LSTM,9,45,0.24068428575992584
18,724622,0,LSTM,9,45,0.025681518018245697
19,7449726,0,LSTM,9,45,0.06800811737775803
20,5918297,0,LSTM,9,45,0.04411300644278526
21,10779582,0,LSTM,9,45,0.007914034649729729
22,6537621,0,LSTM,9,45,0.2271757423877716
23,5495648,0,LSTM,9,45,0.008005473762750626
24,7391994,0,LSTM,9,45,0.14547638595104218
25,3110284,0,LSTM,9,45,0.5405301451683044
26,8677719,0,LSTM,9,45,0.10530536621809006
27,9504487,0,LSTM,9,45,0.06412068754434586
28,6158348,0,LSTM,9,45,0.39300888776779175
29,10690171,0,LSTM,9,45,0.7565160393714905
30,3131218,0,LSTM,9,45,0.7969353199005127
31,2285187,0,LSTM,9,45,0.6791883707046509
32,6452177,1,LSTM,9,45,0.5313206911087036
33,8427549,0,LSTM,9,45,0.01895487867295742
34,6759021,0,LSTM,9,45,0.08070220798254013
35,7880934,0,LSTM,9,45,0.2023974508047104
36,3429043,0,LSTM,9,45,0.9213143587112427
37,2115993,1,LSTM,9,45,0.46707579493522644
38,11019618,0,LSTM,9,45,0.6101170778274536
39,1893158,0,LSTM,9,45,0.4308268129825592
40,10146223,0,LSTM,9,45,0.5556971430778503
41,3441821,0,LSTM,9,45,0.11213774234056473
42,4391589,0,LSTM,9,45,0.02096545696258545
43,6504503,0,LSTM,9,45,0.00912417471408844
44,1462289,0,LSTM,9,45,0.13075919449329376
45,1301122,0,LSTM,9,45,0.09026648104190826
46,3618383,0,LSTM,9,45,0.5595064163208008
47,10378934,0,LSTM,9,45,0.6844996213912964
48,6939186,0,LSTM,9,45,0.43462827801704407
49,6808059,0,LSTM,9,45,0.10448160022497177
50,10313516,0,LSTM,9,45,0.3467976450920105
51,7379114,0,LSTM,9,45,0.3463798463344574
52,8311713,1,LSTM,9,45,0.26959124207496643
53,3243039,0,LSTM,9,45,0.01588551327586174
54,634821,0,LSTM,9,45,0.25362759828567505
55,9241417,0,LSTM,9,45,0.17385032773017883
56,8932838,0,LSTM,9,45,0.6008442640304565
57,10420144,0,LSTM,9,45,0.49150148034095764
58,6659608,0,LSTM,9,45,0.7255256772041321
59,2984944,0,LSTM,9,45,0.860795795917511
60,9719251,0,LSTM,9,45,0.7284903526306152
61,539682,0,LSTM,9,45,0.13393272459506989
62,3490662,0,LSTM,9,45,0.8921526074409485
63,642571,0,LSTM,9,45,0.027009863406419754
64,6085551,0,LSTM,9,45,0.05776634067296982
65,3450089,0,LSTM,9,45,0.28788965940475464
66,2050332,0,LSTM,9,45,0.10886867344379425
67,8097011,0,LSTM,9,45,0.013830387033522129
68,1095309,0,LSTM,9,45,0.890687108039856
69,5850717,0,LSTM,9,45,0.08629495650529861
70,520239,0,LSTM,9,45,0.652927041053772
71,11537607,0,LSTM,9,45,0.807137131690979
72,10362211,0,LSTM,9,45,0.9197840690612793
73,1853221,0,LSTM,9,45,0.4539114534854889
74,5743906,0,LSTM,9,45,0.2739035189151764
75,3655672,0,LSTM,9,45,0.20392650365829468
76,8018657,0,LSTM,9,45,0.04002164676785469
77,7965009,0,LSTM,9,45,0.07883325219154358
78,10876281,0,LSTM,9,45,0.011722528375685215
79,218606,0,LSTM,9,45,0.38726621866226196
80,4573881,0,LSTM,9,45,0.0968647450208664
81,1153294,0,LSTM,9,45,0.12520889937877655
82,2433847,0,LSTM,9,45,0.00498506985604763
83,5498504,0,LSTM,9,45,0.13700154423713684
84,4353957,1,LSTM,9,45,0.1690312772989273
85,810662,0,LSTM,9,45,0.009272124618291855
86,5288319,0,LSTM,9,45,0.08693596720695496
87,7022768,0,LSTM,9,45,0.592370331287384
88,5169273,0,LSTM,9,45,0.1612509936094284
89,2660248,0,LSTM,9,45,0.13982190191745758
90,4934523,1,LSTM,9,45,0.8940950036048889
91,2144042,0,LSTM,9,45,0.6229214668273926
92,3934133,0,LSTM,9,45,0.56464684009552
93,9342374,0,LSTM,9,45,0.0018093108665198088
94,4469039,0,LSTM,9,45,0.9026880264282227
95,12844,0,LSTM,9,45,0.18661455810070038
96,5139816,0,LSTM,9,45,0.6934629678726196
97,7871211,0,LSTM,9,45,0.6713130474090576
98,8844818,0,LSTM,9,45,0.015860911458730698
99,1841057,0,LSTM,9,45,0.015984827652573586
100,1923039,0,LSTM,9,45,0.29003509879112244
1,5714601,0,GRU,9,45,0.11945638805627823
2,6499887,0,GRU,9,45,0.46364718675613403
3,4550493,0,GRU,9,45,0.1840951144695282
4,11466673,0,GRU,9,45,0.05239880830049515
5,2479601,0,GRU,9,45,0.692300021648407
6,8378544,0,GRU,9,45,0.7999123930931091
7,9201661,0,GRU,9,45,0.30284973978996277
8,330739,0,GRU,9,45,0.05503307282924652
9,901826,0,GRU,9,45,0.41073504090309143
10,1972573,0,GRU,9,45,0.442160427570343
11,7509166,0,GRU,9,45,0.22602319717407227
12,3752798,0,GRU,9,45,0.14066828787326813
13,7013909,0,GRU,9,45,0.7577590346336365
14,563996,0,GRU,9,45,0.34938547015190125
15,5171809,0,GRU,9,45,0.0681556910276413
16,3053337,0,GRU,9,45,0.024462640285491943
17,3675893,0,GRU,9,45,0.2983759343624115
18,724622,0,GRU,9,45,0.05532084032893181
19,7449726,0,GRU,9,45,0.12159034609794617
20,5918297,0,GRU,9,45,0.4295039176940918
21,10779582,0,GRU,9,45,0.050310540944337845
22,6537621,0,GRU,9,45,0.28455379605293274
23,5495648,0,GRU,9,45,0.022028056904673576
24,7391994,0,GRU,9,45,0.15484492480754852
25,3110284,0,GRU,9,45,0.46277034282684326
26,8677719,0,GRU,9,45,0.19313646852970123
27,9504487,0,GRU,9,45,0.09903629124164581
28,6158348,0,GRU,9,45,0.4510163366794586
29,10690171,0,GRU,9,45,0.568976640701294
30,3131218,0,GRU,9,45,0.6578792333602905
31,2285187,0,GRU,9,45,0.5722806453704834
32,6452177,1,GRU,9,45,0.44837164878845215
33,8427549,0,GRU,9,45,0.07969994843006134
34,6759021,0,GRU,9,45,0.19370777904987335
35,7880934,0,GRU,9,45,0.20421206951141357
36,3429043,0,GRU,9,45,0.8169139623641968
37,2115993,1,GRU,9,45,0.40567007660865784
38,11019618,0,GRU,9,45,0.44711554050445557
39,1893158,0,GRU,9,45,0.3051748275756836
40,10146223,0,GRU,9,45,0.4700174927711487
41,3441821,0,GRU,9,45,0.17751337587833405
42,4391589,0,GRU,9,45,0.09771907329559326
43,6504503,0,GRU,9,45,0.02772744745016098
44,1462289,0,GRU,9,45,0.24094873666763306
45,1301122,0,GRU,9,45,0.13523291051387787
46,3618383,0,GRU,9,45,0.4846961200237274
47,10378934,0,GRU,9,45,0.588556170463562
48,6939186,0,GRU,9,45,0.5421016216278076
49,6808059,0,GRU,9,45,0.19975025951862335
50,10313516,0,GRU,9,45,0.43033793568611145
51,7379114,0,GRU,9,45,0.41641685366630554
52,8311713,1,GRU,9,45,0.37209799885749817
53,3243039,0,GRU,9,45,0.06838293373584747
54,634821,0,GRU,9,45,0.3559339642524719
55,9241417,0,GRU,9,45,0.21828901767730713
56,8932838,0,GRU,9,45,0.5901625752449036
57,10420144,0,GRU,9,45,0.4519428014755249
58,6659608,0,GRU,9,45,0.5775721669197083
59,2984944,0,GRU,9,45,0.8662168979644775
60,9719251,0,GRU,9,45,0.5711942911148071
61,539682,0,GRU,9,45,0.20370370149612427
62,3490662,0,GRU,9,45,0.8227726221084595
63,642571,0,GRU,9,45,0.08081215620040894
64,6085551,0,GRU,9,45,0.2869579792022705
65,3450089,0,GRU,9,45,0.2382378876209259
66,2050332,0,GRU,9,45,0.15397164225578308
67,8097011,0,GRU,9,45,0.05652977153658867
68,1095309,0,GRU,9,45,0.732025146484375
69,5850717,0,GRU,9,45,0.16961397230625153
70,520239,0,GRU,9,45,0.5302339792251587
71,11537607,0,GRU,9,45,0.5998313426971436
72,10362211,0,GRU,9,45,0.8265799880027771
73,1853221,0,GRU,9,45,0.47194722294807434
74,5743906,0,GRU,9,45,0.35002440214157104
75,3655672,0,GRU,9,45,0.2495119869709015
76,8018657,0,GRU,9,45,0.09011615812778473
77,7965009,0,GRU,9,45,0.12175512313842773
78,10876281,0,GRU,9,45,0.05553693324327469
79,218606,0,GRU,9,45,0.39357468485832214
80,4573881,0,GRU,9,45,0.08929213136434555
81,1153294,0,GRU,9,45,0.17715506255626678
82,2433847,0,GRU,9,45,0.04303596913814545
83,5498504,0,GRU,9,45,0.16797107458114624
84,4353957,1,GRU,9,45,0.6162283420562744
85,810662,0,GRU,9,45,0.09170296788215637
86,5288319,0,GRU,9,45,0.13138146698474884
87,7022768,0,GRU,9,45,0.5501134395599365
88,5169273,0,GRU,9,45,0.20262734591960907
89,2660248,0,GRU,9,45,0.16818660497665405
90,4934523,1,GRU,9,45,0.8767462968826294
91,2144042,0,GRU,9,45,0.5052782297134399
92,3934133,0,GRU,9,45,0.45887523889541626
93,9342374,0,GRU,9,45,0.013477792963385582
94,4469039,0,GRU,9,45,0.8741047382354736
95,12844,0,GRU,9,45,0.28252190351486206
96,5139816,0,GRU,9,45,0.5891741514205933
97,7871211,0,GRU,9,45,0.6675941944122314
98,8844818,0,GRU,9,45,0.08410120010375977
99,1841057,0,GRU,9,45,0.05848520249128342
100,1923039,0,GRU,9,45,0.29514452815055847
1,5714601,0,GRU + Attention,9,45,0.15279699862003326
2,6499887,0,GRU + Attention,9,45,0.4405663311481476
3,4550493,0,GRU + Attention,9,45,0.24469828605651855
4,11466673,0,GRU + Attention,9,45,0.06899150460958481
5,2479601,0,GRU + Attention,9,45,0.7037945985794067
6,8378544,0,GRU + Attention,9,45,0.668537974357605
7,9201661,0,GRU + Attention,9,45,0.2462211400270462
8,330739,0,GRU + Attention,9,45,0.05503237247467041
9,901826,0,GRU + Attention,9,45,0.2560481131076813
10,1972573,0,GRU + Attention,9,45,0.43281665444374084
11,7509166,0,GRU + Attention,9,45,0.15357302129268646
12,3752798,0,GRU + Attention,9,45,0.10692659765481949
13,7013909,0,GRU + Attention,9,45,0.7937448620796204
14,563996,0,GRU + Attention,9,45,0.23524703085422516
15,5171809,0,GRU + Attention,9,45,0.02592359110713005
16,3053337,0,GRU + Attention,9,45,0.08074164390563965
17,3675893,0,GRU + Attention,9,45,0.27796971797943115
18,724622,0,GRU + Attention,9,45,0.05913478881120682
19,7449726,0,GRU + Attention,9,45,0.07420603185892105
20,5918297,0,GRU + Attention,9,45,0.3664661943912506
21,10779582,0,GRU + Attention,9,45,0.053169384598731995
22,6537621,0,GRU + Attention,9,45,0.44332975149154663
23,5495648,0,GRU + Attention,9,45,0.05045077204704285
24,7391994,0,GRU + Attention,9,45,0.2027672380208969
25,3110284,0,GRU + Attention,9,45,0.5037753582000732
26,8677719,0,GRU + Attention,9,45,0.30430060625076294
27,9504487,0,GRU + Attention,9,45,0.15823252499103546
28,6158348,0,GRU + Attention,9,45,0.2642577588558197
29,10690171,0,GRU + Attention,9,45,0.6967718005180359
30,3131218,0,GRU + Attention,9,45,0.7434216737747192
31,2285187,0,GRU + Attention,9,45,0.6134014129638672
32,6452177,1,GRU + Attention,9,45,0.5439571142196655
33,8427549,0,GRU + Attention,9,45,0.026876229792833328
34,6759021,0,GRU + Attention,9,45,0.06944780051708221
35,7880934,0,GRU + Attention,9,45,0.2679242193698883
36,3429043,0,GRU + Attention,9,45,0.7935614585876465
37,2115993,1,GRU + Attention,9,45,0.3040444552898407
38,11019618,0,GRU + Attention,9,45,0.5123977065086365
39,1893158,0,GRU + Attention,9,45,0.1852099895477295
40,10146223,0,GRU + Attention,9,45,0.48628243803977966
41,3441821,0,GRU + Attention,9,45,0.16411437094211578
42,4391589,0,GRU + Attention,9,45,0.07175213098526001
43,6504503,0,GRU + Attention,9,45,0.029736271128058434
44,1462289,0,GRU + Attention,9,45,0.07394343614578247
45,1301122,0,GRU + Attention,9,45,0.13526934385299683
46,3618383,0,GRU + Attention,9,45,0.5894755125045776
47,10378934,0,GRU + Attention,9,45,0.5625726580619812
48,6939186,0,GRU + Attention,9,45,0.46947115659713745
49,6808059,0,GRU + Attention,9,45,0.19185224175453186
50,10313516,0,GRU + Attention,9,45,0.47044360637664795
51,7379114,0,GRU + Attention,9,45,0.4188493490219116
52,8311713,1,GRU + Attention,9,45,0.34398889541625977
53,3243039,0,GRU + Attention,9,45,0.12191490083932877
54,634821,0,GRU + Attention,9,45,0.3055143356323242
55,9241417,0,GRU + Attention,9,45,0.16850200295448303
56,8932838,0,GRU + Attention,9,45,0.47241881489753723
57,10420144,0,GRU + Attention,9,45,0.4574991762638092
58,6659608,0,GRU + Attention,9,45,0.4187174439430237
59,2984944,0,GRU + Attention,9,45,0.770468533039093
60,9719251,0,GRU + Attention,9,45,0.4799768030643463
61,539682,0,GRU + Attention,9,45,0.15479981899261475
62,3490662,0,GRU + Attention,9,45,0.6450645327568054
63,642571,0,GRU + Attention,9,45,0.20953847467899323
64,6085551,0,GRU + Attention,9,45,0.2766658365726471
65,3450089,0,GRU + Attention,9,45,0.2795129716396332
66,2050332,0,GRU + Attention,9,45,0.2544005811214447
67,8097011,0,GRU + Attention,9,45,0.026298604905605316
68,1095309,0,GRU + Attention,9,45,0.6158959269523621
69,5850717,0,GRU + Attention,9,45,0.22222161293029785
70,520239,0,GRU + Attention,9,45,0.6564062833786011
71,11537607,0,GRU + Attention,9,45,0.6425619125366211
72,10362211,0,GRU + Attention,9,45,0.7399742603302002
73,1853221,0,GRU + Attention,9,45,0.4710800051689148
74,5743906,0,GRU + Attention,9,45,0.2454993575811386
75,3655672,0,GRU + Attention,9,45,0.10644792765378952
76,8018657,0,GRU + Attention,9,45,0.0536329448223114
77,7965009,0,GRU + Attention,9,45,0.039907265454530716
78,10876281,0,GRU + Attention,9,45,0.020739534869790077
79,218606,0,GRU + Attention,9,45,0.4358731210231781
80,4573881,0,GRU + Attention,9,45,0.060949455946683884
81,1153294,0,GRU + Attention,9,45,0.3873513340950012
82,2433847,0,GRU + Attention,9,45,0.21199166774749756
83,5498504,0,GRU + Attention,9,45,0.16470429301261902
84,4353957,1,GRU + Attention,9,45,0.4454926550388336
85,810662,0,GRU + Attention,9,45,0.0659417137503624
86,5288319,0,GRU + Attention,9,45,0.12126506865024567
87,7022768,0,GRU + Attention,9,45,0.5043150186538696
88,5169273,0,GRU + Attention,9,45,0.1426401138305664
89,2660248,0,GRU + Attention,9,45,0.2249070107936859
90,4934523,1,GRU + Attention,9,45,0.8029828071594238
91,2144042,0,GRU + Attention,9,45,0.5837067365646362
92,3934133,0,GRU + Attention,9,45,0.4388374984264374
93,9342374,0,GRU + Attention,9,45,0.04236501455307007
94,4469039,0,GRU + Attention,9,45,0.7417140007019043
95,12844,0,GRU + Attention,9,45,0.22795087099075317
96,5139816,0,GRU + Attention,9,45,0.5745182037353516
97,7871211,0,GRU + Attention,9,45,0.5134992599487305
98,8844818,0,GRU + Attention,9,45,0.07093531638383865
99,1841057,0,GRU + Attention,9,45,0.053150590509176254
100,1923039,0,GRU + Attention,9,45,0.4184187948703766
1,5714601,0,XGBoost,9,45,0.35705167055130005
2,6499887,0,XGBoost,9,45,0.3221989870071411
3,4550493,0,XGBoost,9,45,0.2809368968009949
4,11466673,0,XGBoost,9,45,0.6626734137535095
5,2479601,0,XGBoost,9,45,0.3610534071922302
6,8378544,0,XGBoost,9,45,0.5193779468536377
7,9201661,0,XGBoost,9,45,0.38976189494132996
8,330739,0,XGBoost,9,45,0.25060349702835083
9,901826,0,XGBoost,9,45,0.28869107365608215
10,1972573,0,XGBoost,9,45,0.3179788291454315
11,7509166,0,XGBoost,9,45,0.12972921133041382
12,3752798,0,XGBoost,9,45,0.2390517294406891
13,7013909,0,XGBoost,9,45,0.6809470057487488
14,563996,0,XGBoost,9,45,0.053786538541316986
15,5171809,0,XGBoost,9,45,0.21463528275489807
16,3053337,0,XGBoost,9,45,0.4281827211380005
17,3675893,0,XGBoost,9,45,0.2087317407131195
18,724622,0,XGBoost,9,45,0.21702797710895538
19,7449726,0,XGBoost,9,45,0.35620149970054626
20,5918297,0,XGBoost,9,45,0.7718210220336914
21,10779582,0,XGBoost,9,45,0.17885178327560425
22,6537621,0,XGBoost,9,45,0.34208211302757263
23,5495648,0,XGBoost,9,45,0.19335174560546875
24,7391994,0,XGBoost,9,45,0.13235601782798767
25,3110284,0,XGBoost,9,45,0.06947813183069229
26,8677719,0,XGBoost,9,45,0.10776559263467789
27,9504487,0,XGBoost,9,45,0.17444215714931488
28,6158348,0,XGBoost,9,45,0.11429335922002792
29,10690171,0,XGBoost,9,45,0.32910358905792236
30,3131218,0,XGBoost,9,45,0.19581452012062073
31,2285187,0,XGBoost,9,45,0.5143174529075623
32,6452177,1,XGBoost,9,45,0.4925038814544678
33,8427549,0,XGBoost,9,45,0.15695072710514069
34,6759021,0,XGBoost,9,45,0.253925621509552
35,7880934,0,XGBoost,9,45,0.2633146345615387
36,3429043,0,XGBoost,9,45,0.6995301246643066
37,2115993,1,XGBoost,9,45,0.5974657535552979
38,11019618,0,XGBoost,9,45,0.7441918849945068
39,1893158,0,XGBoost,9,45,0.22251445055007935
40,10146223,0,XGBoost,9,45,0.263531357049942
41,3441821,0,XGBoost,9,45,0.2373708188533783
42,4391589,0,XGBoost,9,45,0.1767314076423645
43,6504503,0,XGBoost,9,45,0.14818882942199707
44,1462289,0,XGBoost,9,45,0.3048743009567261
45,1301122,0,XGBoost,9,45,0.26257431507110596
46,3618383,0,XGBoost,9,45,0.4089774787425995
47,10378934,0,XGBoost,9,45,0.36281538009643555
48,6939186,0,XGBoost,9,45,0.21220745146274567
49,6808059,0,XGBoost,9,45,0.31204694509506226
50,10313516,0,XGBoost,9,45,0.6490473747253418
51,7379114,0,XGBoost,9,45,0.27200624346733093
52,8311713,1,XGBoost,9,45,0.180783212184906
53,3243039,0,XGBoost,9,45,0.20990507304668427
54,634821,0,XGBoost,9,45,0.2590198516845703
55,9241417,0,XGBoost,9,45,0.10804428160190582
56,8932838,0,XGBoost,9,45,0.35896703600883484
57,10420144,0,XGBoost,9,45,0.35261788964271545
58,6659608,0,XGBoost,9,45,0.1376405507326126
59,2984944,0,XGBoost,9,45,0.2541225850582123
60,9719251,0,XGBoost,9,45,0.555887758731842
61,539682,0,XGBoost,9,45,0.1097053587436676
62,3490662,0,XGBoost,9,45,0.815837562084198
63,642571,0,XGBoost,9,45,0.6122390627861023
64,6085551,0,XGBoost,9,45,0.3621041178703308
65,3450089,0,XGBoost,9,45,0.1951894611120224
66,2050332,0,XGBoost,9,45,0.2760881185531616
67,8097011,0,XGBoost,9,45,0.18767717480659485
68,1095309,0,XGBoost,9,45,0.7467628121376038
69,5850717,0,XGBoost,9,45,0.23260639607906342
70,520239,0,XGBoost,9,45,0.5415322184562683
71,11537607,0,XGBoost,9,45,0.6981188058853149
72,10362211,0,XGBoost,9,45,0.8210169076919556
73,1853221,0,XGBoost,9,45,0.24216334521770477
74,5743906,0,XGBoost,9,45,0.2865513861179352
75,3655672,0,XGBoost,9,45,0.1385006606578827
76,8018657,0,XGBoost,9,45,0.18581220507621765
77,7965009,0,XGBoost,9,45,0.08078313618898392
78,10876281,0,XGBoost,9,45,0.1269720047712326
79,218606,0,XGBoost,9,45,0.288532555103302
80,4573881,0,XGBoost,9,45,0.5602272748947144
81,1153294,0,XGBoost,9,45,0.35116204619407654
82,2433847,0,XGBoost,9,45,0.37694817781448364
83,5498504,0,XGBoost,9,45,0.26789841055870056
84,4353957,1,XGBoost,9,45,0.44062766432762146
85,810662,0,XGBoost,9,45,0.3204304277896881
86,5288319,0,XGBoost,9,45,0.19696806371212006
87,7022768,0,XGBoost,9,45,0.4279342293739319
88,5169273,0,XGBoost,9,45,0.16963571310043335
89,2660248,0,XGBoost,9,45,0.22413933277130127
90,4934523,1,XGBoost,9,45,0.6029711961746216
91,2144042,0,XGBoost,9,45,0.320136696100235
92,3934133,0,XGBoost,9,45,0.3339240550994873
93,9342374,0,XGBoost,9,45,0.22784703969955444
94,4469039,0,XGBoost,9,45,0.3076510727405548
95,12844,0,XGBoost,9,45,0.14351074397563934
96,5139816,0,XGBoost,9,45,0.19713222980499268
97,7871211,0,XGBoost,9,45,0.2762589752674103
98,8844818,0,XGBoost,9,45,0.3678364157676697
99,1841057,0,XGBoost,9,45,0.15729950368404388
100,1923039,0,XGBoost,9,45,0.7201429605484009
1,5714601,0,LightGBM,9,45,0.4376713283818007
2,6499887,0,LightGBM,9,45,0.35275194954777367
3,4550493,0,LightGBM,9,45,0.21737600726672385
4,11466673,0,LightGBM,9,45,0.7668871764620019
5,2479601,0,LightGBM,9,45,0.3698912010738117
6,8378544,0,LightGBM,9,45,0.5225674659075492
7,9201661,0,LightGBM,9,45,0.34378856383594014
8,330739,0,LightGBM,9,45,0.2843877999954899
9,901826,0,LightGBM,9,45,0.24060248729071315
10,1972573,0,LightGBM,9,45,0.2735944470381312
11,7509166,0,LightGBM,9,45,0.15974833764330074
12,3752798,0,LightGBM,9,45,0.335536298897958
13,7013909,0,LightGBM,9,45,0.6233413035563523
14,563996,0,LightGBM,9,45,0.05630760711469738
15,5171809,0,LightGBM,9,45,0.1841715623412984
16,3053337,0,LightGBM,9,45,0.3586166592441869
17,3675893,0,LightGBM,9,45,0.20208429303524955
18,724622,0,LightGBM,9,45,0.23549592128583946
19,7449726,0,LightGBM,9,45,0.4618646144037875
20,5918297,0,LightGBM,9,45,0.8210274909713454
21,10779582,0,LightGBM,9,45,0.2520038825706185
22,6537621,0,LightGBM,9,45,0.299983182594607
23,5495648,0,LightGBM,9,45,0.23603718895669218
24,7391994,0,LightGBM,9,45,0.22523218803994718
25,3110284,0,LightGBM,9,45,0.37664625204032093
26,8677719,0,LightGBM,9,45,0.16917009620516654
27,9504487,0,LightGBM,9,45,0.1950661631116867
28,6158348,0,LightGBM,9,45,0.16801474090090449
29,10690171,0,LightGBM,9,45,0.30058461475145615
30,3131218,0,LightGBM,9,45,0.23319252123911388
31,2285187,0,LightGBM,9,45,0.4952489955728366
32,6452177,1,LightGBM,9,45,0.5141987384227119
33,8427549,0,LightGBM,9,45,0.15932039548145632
34,6759021,0,LightGBM,9,45,0.2128594491278186
35,7880934,0,LightGBM,9,45,0.24664426634339948
36,3429043,0,LightGBM,9,45,0.6680931673355603
37,2115993,1,LightGBM,9,45,0.5533708501936493
38,11019618,0,LightGBM,9,45,0.579617627560521
39,1893158,0,LightGBM,9,45,0.22845083812681996
40,10146223,0,LightGBM,9,45,0.2883065568891745
41,3441821,0,LightGBM,9,45,0.3253090200836091
42,4391589,0,LightGBM,9,45,0.2574876485708592
43,6504503,0,LightGBM,9,45,0.14575715556493443
44,1462289,0,LightGBM,9,45,0.26990900768551374
45,1301122,0,LightGBM,9,45,0.25217307517737036
46,3618383,0,LightGBM,9,45,0.42074563182418084
47,10378934,0,LightGBM,9,45,0.37761960033561487
48,6939186,0,LightGBM,9,45,0.16101183079436526
49,6808059,0,LightGBM,9,45,0.2393512913309713
50,10313516,0,LightGBM,9,45,0.39290505950109783
51,7379114,0,LightGBM,9,45,0.14022505935857615
52,8311713,1,LightGBM,9,45,0.21957454196569143
53,3243039,0,LightGBM,9,45,0.2141387321258541
54,634821,0,LightGBM,9,45,0.32925775931752965
55,9241417,0,LightGBM,9,45,0.12560953067348138
56,8932838,0,LightGBM,9,45,0.2747043023560826
57,10420144,0,LightGBM,9,45,0.29691987600056835
58,6659608,0,LightGBM,9,45,0.1801937140222199
59,2984944,0,LightGBM,9,45,0.19974818927046378
60,9719251,0,LightGBM,9,45,0.594898976028137
61,539682,0,LightGBM,9,45,0.14211951322564123
62,3490662,0,LightGBM,9,45,0.7964851021573407
63,642571,0,LightGBM,9,45,0.637394614097837
64,6085551,0,LightGBM,9,45,0.3010554276570269
65,3450089,0,LightGBM,9,45,0.26119304191206005
66,2050332,0,LightGBM,9,45,0.28911227857210114
67,8097011,0,LightGBM,9,45,0.3479905419556257
68,1095309,0,LightGBM,9,45,0.7200164117042996
69,5850717,0,LightGBM,9,45,0.27344341878292955
70,520239,0,LightGBM,9,45,0.44704706894650403
71,11537607,0,LightGBM,9,45,0.6976214118999005
72,10362211,0,LightGBM,9,45,0.8259268019135007
73,1853221,0,LightGBM,9,45,0.220730848625582
74,5743906,0,LightGBM,9,45,0.25117901683556043
75,3655672,0,LightGBM,9,45,0.16425938985000313
76,8018657,0,LightGBM,9,45,0.1887433124852138
77,7965009,0,LightGBM,9,45,0.10097653624724534
78,10876281,0,LightGBM,9,45,0.19307431100283162
79,218606,0,LightGBM,9,45,0.300283522619926
80,4573881,0,LightGBM,9,45,0.5491773507945206
81,1153294,0,LightGBM,9,45,0.3403696747110675
82,2433847,0,LightGBM,9,45,0.5404927640263075
83,5498504,0,LightGBM,9,45,0.3103780929408186
84,4353957,1,LightGBM,9,45,0.5818323969941915
85,810662,0,LightGBM,9,45,0.29935413807883726
86,5288319,0,LightGBM,9,45,0.21842031520869956
87,7022768,0,LightGBM,9,45,0.38381386683472135
88,5169273,0,LightGBM,9,45,0.1763134660898513
89,2660248,0,LightGBM,9,45,0.21345935805525473
90,4934523,1,LightGBM,9,45,0.7574641959587948
91,2144042,0,LightGBM,9,45,0.2886275993843235
92,3934133,0,LightGBM,9,45,0.31909942901468047
93,9342374,0,LightGBM,9,45,0.30949900474901604
94,4469039,0,LightGBM,9,45,0.3174294520751959
95,12844,0,LightGBM,9,45,0.17656965599702165
96,5139816,0,LightGBM,9,45,0.20322771817917124
97,7871211,0,LightGBM,9,45,0.2756367419198893
98,8844818,0,LightGBM,9,45,0.5357257435014604
99,1841057,0,LightGBM,9,45,0.2246060755714671
100,1923039,0,LightGBM,9,45,0.8191944879171924
1,5714601,0,LSTM,10,50,0.016416577622294426
2,6499887,0,LSTM,10,50,0.7092006802558899
3,4550493,0,LSTM,10,50,0.022363008931279182
4,11466673,0,LSTM,10,50,0.008046520873904228
5,2479601,0,LSTM,10,50,0.7691100835800171
6,8378544,0,LSTM,10,50,0.8821932077407837
7,9201661,0,LSTM,10,50,0.051011208444833755
8,330739,0,LSTM,10,50,0.015048692934215069
9,901826,0,LSTM,10,50,0.693037748336792
10,1972573,0,LSTM,10,50,0.6342996954917908
11,7509166,0,LSTM,10,50,0.18927879631519318
12,3752798,0,LSTM,10,50,0.11447857320308685
13,7013909,0,LSTM,10,50,0.9128772020339966
14,563996,0,LSTM,10,50,0.28883516788482666
15,5171809,0,LSTM,10,50,0.02830030396580696
16,3053337,0,LSTM,10,50,0.06921771913766861
17,3675893,0,LSTM,10,50,0.24068428575992584
18,724622,0,LSTM,10,50,0.025681518018245697
19,7449726,0,LSTM,10,50,0.06800811737775803
20,5918297,0,LSTM,10,50,0.440533846616745
21,10779582,0,LSTM,10,50,0.007914034649729729
22,6537621,0,LSTM,10,50,0.2271757423877716
23,5495648,0,LSTM,10,50,0.008005473762750626
24,7391994,0,LSTM,10,50,0.14547638595104218
25,3110284,0,LSTM,10,50,0.5405301451683044
26,8677719,0,LSTM,10,50,0.10530536621809006
27,9504487,0,LSTM,10,50,0.06412068754434586
28,6158348,0,LSTM,10,50,0.39300888776779175
29,10690171,0,LSTM,10,50,0.7565160393714905
30,3131218,0,LSTM,10,50,0.7969353199005127
31,2285187,0,LSTM,10,50,0.6791883707046509
32,6452177,1,LSTM,10,50,0.5313206911087036
33,8427549,0,LSTM,10,50,0.01895487867295742
34,6759021,0,LSTM,10,50,0.08070220798254013
35,7880934,0,LSTM,10,50,0.2023974508047104
36,3429043,0,LSTM,10,50,0.9213143587112427
37,2115993,1,LSTM,10,50,0.46707579493522644
38,11019618,0,LSTM,10,50,0.18868190050125122
39,1893158,0,LSTM,10,50,0.4308268129825592
40,10146223,0,LSTM,10,50,0.5556971430778503
41,3441821,0,LSTM,10,50,0.11213774234056473
42,4391589,0,LSTM,10,50,0.02096545696258545
43,6504503,0,LSTM,10,50,0.00912417471408844
44,1462289,0,LSTM,10,50,0.13075919449329376
45,1301122,0,LSTM,10,50,0.09026648104190826
46,3618383,0,LSTM,10,50,0.5595064163208008
47,10378934,0,LSTM,10,50,0.6844996213912964
48,6939186,0,LSTM,10,50,0.43462827801704407
49,6808059,0,LSTM,10,50,0.10448160022497177
50,10313516,0,LSTM,10,50,0.3467976450920105
51,7379114,0,LSTM,10,50,0.3463798463344574
52,8311713,1,LSTM,10,50,0.26959124207496643
53,3243039,0,LSTM,10,50,0.01588551327586174
54,634821,0,LSTM,10,50,0.25362759828567505
55,9241417,0,LSTM,10,50,0.17385032773017883
56,8932838,0,LSTM,10,50,0.6008442640304565
57,10420144,0,LSTM,10,50,0.49150148034095764
58,6659608,0,LSTM,10,50,0.7255256772041321
59,2984944,0,LSTM,10,50,0.860795795917511
60,9719251,0,LSTM,10,50,0.7284903526306152
61,539682,0,LSTM,10,50,0.13393272459506989
62,3490662,0,LSTM,10,50,0.8921526074409485
63,642571,0,LSTM,10,50,0.027009863406419754
64,6085551,0,LSTM,10,50,0.05776634067296982
65,3450089,0,LSTM,10,50,0.28788965940475464
66,2050332,0,LSTM,10,50,0.10886867344379425
67,8097011,0,LSTM,10,50,0.013830387033522129
68,1095309,0,LSTM,10,50,0.890687108039856
69,5850717,0,LSTM,10,50,0.08629495650529861
70,520239,0,LSTM,10,50,0.652927041053772
71,11537607,0,LSTM,10,50,0.807137131690979
72,10362211,0,LSTM,10,50,0.8744853734970093
73,1853221,0,LSTM,10,50,0.4539114534854889
74,5743906,0,LSTM,10,50,0.2739035189151764
75,3655672,0,LSTM,10,50,0.20392650365829468
76,8018657,0,LSTM,10,50,0.04002164676785469
77,7965009,0,LSTM,10,50,0.07883325219154358
78,10876281,0,LSTM,10,50,0.011722528375685215
79,218606,0,LSTM,10,50,0.38726621866226196
80,4573881,0,LSTM,10,50,0.0968647450208664
81,1153294,0,LSTM,10,50,0.12520889937877655
82,2433847,0,LSTM,10,50,0.00498506985604763
83,5498504,0,LSTM,10,50,0.13700154423713684
84,4353957,1,LSTM,10,50,0.1690312772989273
85,810662,0,LSTM,10,50,0.009272124618291855
86,5288319,0,LSTM,10,50,0.08693596720695496
87,7022768,0,LSTM,10,50,0.592370331287384
88,5169273,0,LSTM,10,50,0.1612509936094284
89,2660248,0,LSTM,10,50,0.13982190191745758
90,4934523,1,LSTM,10,50,0.8940950036048889
91,2144042,0,LSTM,10,50,0.6229214668273926
92,3934133,0,LSTM,10,50,0.56464684009552
93,9342374,0,LSTM,10,50,0.0018093108665198088
94,4469039,0,LSTM,10,50,0.9026880264282227
95,12844,0,LSTM,10,50,0.18661455810070038
96,5139816,0,LSTM,10,50,0.6934629678726196
97,7871211,0,LSTM,10,50,0.6713130474090576
98,8844818,0,LSTM,10,50,0.015860911458730698
99,1841057,0,LSTM,10,50,0.015984827652573586
100,1923039,0,LSTM,10,50,0.054429762065410614
1,5714601,0,GRU,10,50,0.11945638805627823
2,6499887,0,GRU,10,50,0.46364718675613403
3,4550493,0,GRU,10,50,0.1840951144695282
4,11466673,0,GRU,10,50,0.05239880830049515
5,2479601,0,GRU,10,50,0.692300021648407
6,8378544,0,GRU,10,50,0.7999123930931091
7,9201661,0,GRU,10,50,0.30284973978996277
8,330739,0,GRU,10,50,0.05503307282924652
9,901826,0,GRU,10,50,0.41073504090309143
10,1972573,0,GRU,10,50,0.442160427570343
11,7509166,0,GRU,10,50,0.22602319717407227
12,3752798,0,GRU,10,50,0.14066828787326813
13,7013909,0,GRU,10,50,0.7577590346336365
14,563996,0,GRU,10,50,0.34938547015190125
15,5171809,0,GRU,10,50,0.0681556910276413
16,3053337,0,GRU,10,50,0.024462640285491943
17,3675893,0,GRU,10,50,0.2983759343624115
18,724622,0,GRU,10,50,0.05532084032893181
19,7449726,0,GRU,10,50,0.12159034609794617
20,5918297,0,GRU,10,50,0.8612064719200134
21,10779582,0,GRU,10,50,0.050310540944337845
22,6537621,0,GRU,10,50,0.28455379605293274
23,5495648,0,GRU,10,50,0.022028056904673576
24,7391994,0,GRU,10,50,0.15484492480754852
25,3110284,0,GRU,10,50,0.46277034282684326
26,8677719,0,GRU,10,50,0.19313646852970123
27,9504487,0,GRU,10,50,0.09903629124164581
28,6158348,0,GRU,10,50,0.4510163366794586
29,10690171,0,GRU,10,50,0.568976640701294
30,3131218,0,GRU,10,50,0.6578792333602905
31,2285187,0,GRU,10,50,0.5722806453704834
32,6452177,1,GRU,10,50,0.44837164878845215
33,8427549,0,GRU,10,50,0.07969994843006134
34,6759021,0,GRU,10,50,0.19370777904987335
35,7880934,0,GRU,10,50,0.20421206951141357
36,3429043,0,GRU,10,50,0.8169139623641968
37,2115993,1,GRU,10,50,0.40567007660865784
38,11019618,0,GRU,10,50,0.2225169688463211
39,1893158,0,GRU,10,50,0.3051748275756836
40,10146223,0,GRU,10,50,0.4700174927711487
41,3441821,0,GRU,10,50,0.17751337587833405
42,4391589,0,GRU,10,50,0.09771907329559326
43,6504503,0,GRU,10,50,0.02772744745016098
44,1462289,0,GRU,10,50,0.24094873666763306
45,1301122,0,GRU,10,50,0.13523291051387787
46,3618383,0,GRU,10,50,0.4846961200237274
47,10378934,0,GRU,10,50,0.588556170463562
48,6939186,0,GRU,10,50,0.5421016216278076
49,6808059,0,GRU,10,50,0.19975025951862335
50,10313516,0,GRU,10,50,0.43033793568611145
51,7379114,0,GRU,10,50,0.41641685366630554
52,8311713,1,GRU,10,50,0.37209799885749817
53,3243039,0,GRU,10,50,0.06838293373584747
54,634821,0,GRU,10,50,0.3559339642524719
55,9241417,0,GRU,10,50,0.21828901767730713
56,8932838,0,GRU,10,50,0.5901625752449036
57,10420144,0,GRU,10,50,0.4519428014755249
58,6659608,0,GRU,10,50,0.5775721669197083
59,2984944,0,GRU,10,50,0.8662168979644775
60,9719251,0,GRU,10,50,0.5711942911148071
61,539682,0,GRU,10,50,0.20370370149612427
62,3490662,0,GRU,10,50,0.8227726221084595
63,642571,0,GRU,10,50,0.08081215620040894
64,6085551,0,GRU,10,50,0.2869579792022705
65,3450089,0,GRU,10,50,0.2382378876209259
66,2050332,0,GRU,10,50,0.15397164225578308
67,8097011,0,GRU,10,50,0.05652977153658867
68,1095309,0,GRU,10,50,0.732025146484375
69,5850717,0,GRU,10,50,0.16961397230625153
70,520239,0,GRU,10,50,0.5302339792251587
71,11537607,0,GRU,10,50,0.5998313426971436
72,10362211,0,GRU,10,50,0.7665216326713562
73,1853221,0,GRU,10,50,0.47194722294807434
74,5743906,0,GRU,10,50,0.35002440214157104
75,3655672,0,GRU,10,50,0.2495119869709015
76,8018657,0,GRU,10,50,0.09011615812778473
77,7965009,0,GRU,10,50,0.12175512313842773
78,10876281,0,GRU,10,50,0.05553693324327469
79,218606,0,GRU,10,50,0.39357468485832214
80,4573881,0,GRU,10,50,0.08929213136434555
81,1153294,0,GRU,10,50,0.17715506255626678
82,2433847,0,GRU,10,50,0.04303596913814545
83,5498504,0,GRU,10,50,0.16797107458114624
84,4353957,1,GRU,10,50,0.6162283420562744
85,810662,0,GRU,10,50,0.09170296788215637
86,5288319,0,GRU,10,50,0.13138146698474884
87,7022768,0,GRU,10,50,0.5501134395599365
88,5169273,0,GRU,10,50,0.20262734591960907
89,2660248,0,GRU,10,50,0.16818660497665405
90,4934523,1,GRU,10,50,0.8767462968826294
91,2144042,0,GRU,10,50,0.5052782297134399
92,3934133,0,GRU,10,50,0.45887523889541626
93,9342374,0,GRU,10,50,0.013477792963385582
94,4469039,0,GRU,10,50,0.8741047382354736
95,12844,0,GRU,10,50,0.28252190351486206
96,5139816,0,GRU,10,50,0.5891741514205933
97,7871211,0,GRU,10,50,0.6675941944122314
98,8844818,0,GRU,10,50,0.08410120010375977
99,1841057,0,GRU,10,50,0.05848520249128342
100,1923039,0,GRU,10,50,0.1684144288301468
1,5714601,0,GRU + Attention,10,50,0.15279699862003326
2,6499887,0,GRU + Attention,10,50,0.4405663311481476
3,4550493,0,GRU + Attention,10,50,0.24469828605651855
4,11466673,0,GRU + Attention,10,50,0.06899150460958481
5,2479601,0,GRU + Attention,10,50,0.7037945985794067
6,8378544,0,GRU + Attention,10,50,0.668537974357605
7,9201661,0,GRU + Attention,10,50,0.2462211400270462
8,330739,0,GRU + Attention,10,50,0.05503237247467041
9,901826,0,GRU + Attention,10,50,0.2560481131076813
10,1972573,0,GRU + Attention,10,50,0.43281665444374084
11,7509166,0,GRU + Attention,10,50,0.15357302129268646
12,3752798,0,GRU + Attention,10,50,0.10692659765481949
13,7013909,0,GRU + Attention,10,50,0.7937448620796204
14,563996,0,GRU + Attention,10,50,0.23524703085422516
15,5171809,0,GRU + Attention,10,50,0.02592359110713005
16,3053337,0,GRU + Attention,10,50,0.08074164390563965
17,3675893,0,GRU + Attention,10,50,0.27796971797943115
18,724622,0,GRU + Attention,10,50,0.05913478881120682
19,7449726,0,GRU + Attention,10,50,0.07420603185892105
20,5918297,0,GRU + Attention,10,50,0.5097419619560242
21,10779582,0,GRU + Attention,10,50,0.053169384598731995
22,6537621,0,GRU + Attention,10,50,0.44332975149154663
23,5495648,0,GRU + Attention,10,50,0.05045077204704285
24,7391994,0,GRU + Attention,10,50,0.2027672380208969
25,3110284,0,GRU + Attention,10,50,0.5037753582000732
26,8677719,0,GRU + Attention,10,50,0.30430060625076294
27,9504487,0,GRU + Attention,10,50,0.15823252499103546
28,6158348,0,GRU + Attention,10,50,0.2642577588558197
29,10690171,0,GRU + Attention,10,50,0.6967718005180359
30,3131218,0,GRU + Attention,10,50,0.7434216737747192
31,2285187,0,GRU + Attention,10,50,0.6134014129638672
32,6452177,1,GRU + Attention,10,50,0.5439571142196655
33,8427549,0,GRU + Attention,10,50,0.026876229792833328
34,6759021,0,GRU + Attention,10,50,0.06944780051708221
35,7880934,0,GRU + Attention,10,50,0.2679242193698883
36,3429043,0,GRU + Attention,10,50,0.7935614585876465
37,2115993,1,GRU + Attention,10,50,0.3040444552898407
38,11019618,0,GRU + Attention,10,50,0.47992488741874695
39,1893158,0,GRU + Attention,10,50,0.1852099895477295
40,10146223,0,GRU + Attention,10,50,0.48628243803977966
41,3441821,0,GRU + Attention,10,50,0.16411437094211578
42,4391589,0,GRU + Attention,10,50,0.07175213098526001
43,6504503,0,GRU + Attention,10,50,0.029736271128058434
44,1462289,0,GRU + Attention,10,50,0.07394343614578247
45,1301122,0,GRU + Attention,10,50,0.13526934385299683
46,3618383,0,GRU + Attention,10,50,0.5894755125045776
47,10378934,0,GRU + Attention,10,50,0.5625726580619812
48,6939186,0,GRU + Attention,10,50,0.46947115659713745
49,6808059,0,GRU + Attention,10,50,0.19185224175453186
50,10313516,0,GRU + Attention,10,50,0.47044360637664795
51,7379114,0,GRU + Attention,10,50,0.4188493490219116
52,8311713,1,GRU + Attention,10,50,0.34398889541625977
53,3243039,0,GRU + Attention,10,50,0.12191490083932877
54,634821,0,GRU + Attention,10,50,0.3055143356323242
55,9241417,0,GRU + Attention,10,50,0.16850200295448303
56,8932838,0,GRU + Attention,10,50,0.47241881489753723
57,10420144,0,GRU + Attention,10,50,0.4574991762638092
58,6659608,0,GRU + Attention,10,50,0.4187174439430237
59,2984944,0,GRU + Attention,10,50,0.770468533039093
60,9719251,0,GRU + Attention,10,50,0.4799768030643463
61,539682,0,GRU + Attention,10,50,0.15479981899261475
62,3490662,0,GRU + Attention,10,50,0.6450645327568054
63,642571,0,GRU + Attention,10,50,0.20953847467899323
64,6085551,0,GRU + Attention,10,50,0.2766658365726471
65,3450089,0,GRU + Attention,10,50,0.2795129716396332
66,2050332,0,GRU + Attention,10,50,0.2544005811214447
67,8097011,0,GRU + Attention,10,50,0.026298604905605316
68,1095309,0,GRU + Attention,10,50,0.6158959269523621
69,5850717,0,GRU + Attention,10,50,0.22222161293029785
70,520239,0,GRU + Attention,10,50,0.6564062833786011
71,11537607,0,GRU + Attention,10,50,0.6425619125366211
72,10362211,0,GRU + Attention,10,50,0.7026089429855347
73,1853221,0,GRU + Attention,10,50,0.4710800051689148
74,5743906,0,GRU + Attention,10,50,0.2454993575811386
75,3655672,0,GRU + Attention,10,50,0.10644792765378952
76,8018657,0,GRU + Attention,10,50,0.0536329448223114
77,7965009,0,GRU + Attention,10,50,0.039907265454530716
78,10876281,0,GRU + Attention,10,50,0.020739534869790077
79,218606,0,GRU + Attention,10,50,0.4358731210231781
80,4573881,0,GRU + Attention,10,50,0.060949455946683884
81,1153294,0,GRU + Attention,10,50,0.3873513340950012
82,2433847,0,GRU + Attention,10,50,0.21199166774749756
83,5498504,0,GRU + Attention,10,50,0.16470429301261902
84,4353957,1,GRU + Attention,10,50,0.4454926550388336
85,810662,0,GRU + Attention,10,50,0.0659417137503624
86,5288319,0,GRU + Attention,10,50,0.12126506865024567
87,7022768,0,GRU + Attention,10,50,0.5043150186538696
88,5169273,0,GRU + Attention,10,50,0.1426401138305664
89,2660248,0,GRU + Attention,10,50,0.2249070107936859
90,4934523,1,GRU + Attention,10,50,0.8029828071594238
91,2144042,0,GRU + Attention,10,50,0.5837067365646362
92,3934133,0,GRU + Attention,10,50,0.4388374984264374
93,9342374,0,GRU + Attention,10,50,0.04236501455307007
94,4469039,0,GRU + Attention,10,50,0.7417140007019043
95,12844,0,GRU + Attention,10,50,0.22795087099075317
96,5139816,0,GRU + Attention,10,50,0.5745182037353516
97,7871211,0,GRU + Attention,10,50,0.5134992599487305
98,8844818,0,GRU + Attention,10,50,0.07093531638383865
99,1841057,0,GRU + Attention,10,50,0.053150590509176254
100,1923039,0,GRU + Attention,10,50,0.36407944560050964
1,5714601,0,XGBoost,10,50,0.35705167055130005
2,6499887,0,XGBoost,10,50,0.3221989870071411
3,4550493,0,XGBoost,10,50,0.2809368968009949
4,11466673,0,XGBoost,10,50,0.6626734137535095
5,2479601,0,XGBoost,10,50,0.3610534071922302
6,8378544,0,XGBoost,10,50,0.5193779468536377
7,9201661,0,XGBoost,10,50,0.38976189494132996
8,330739,0,XGBoost,10,50,0.25060349702835083
9,901826,0,XGBoost,10,50,0.28869107365608215
10,1972573,0,XGBoost,10,50,0.3179788291454315
11,7509166,0,XGBoost,10,50,0.12972921133041382
12,3752798,0,XGBoost,10,50,0.2390517294406891
13,7013909,0,XGBoost,10,50,0.6809470057487488
14,563996,0,XGBoost,10,50,0.053786538541316986
15,5171809,0,XGBoost,10,50,0.21463528275489807
16,3053337,0,XGBoost,10,50,0.4281827211380005
17,3675893,0,XGBoost,10,50,0.2087317407131195
18,724622,0,XGBoost,10,50,0.21702797710895538
19,7449726,0,XGBoost,10,50,0.35620149970054626
20,5918297,0,XGBoost,10,50,0.7321510910987854
21,10779582,0,XGBoost,10,50,0.17885178327560425
22,6537621,0,XGBoost,10,50,0.34208211302757263
23,5495648,0,XGBoost,10,50,0.19335174560546875
24,7391994,0,XGBoost,10,50,0.13235601782798767
25,3110284,0,XGBoost,10,50,0.06947813183069229
26,8677719,0,XGBoost,10,50,0.10776559263467789
27,9504487,0,XGBoost,10,50,0.17444215714931488
28,6158348,0,XGBoost,10,50,0.11429335922002792
29,10690171,0,XGBoost,10,50,0.32910358905792236
30,3131218,0,XGBoost,10,50,0.19581452012062073
31,2285187,0,XGBoost,10,50,0.5143174529075623
32,6452177,1,XGBoost,10,50,0.4925038814544678
33,8427549,0,XGBoost,10,50,0.15695072710514069
34,6759021,0,XGBoost,10,50,0.253925621509552
35,7880934,0,XGBoost,10,50,0.2633146345615387
36,3429043,0,XGBoost,10,50,0.6995301246643066
37,2115993,1,XGBoost,10,50,0.5974657535552979
38,11019618,0,XGBoost,10,50,0.7564271688461304
39,1893158,0,XGBoost,10,50,0.22251445055007935
40,10146223,0,XGBoost,10,50,0.263531357049942
41,3441821,0,XGBoost,10,50,0.2373708188533783
42,4391589,0,XGBoost,10,50,0.1767314076423645
43,6504503,0,XGBoost,10,50,0.14818882942199707
44,1462289,0,XGBoost,10,50,0.3048743009567261
45,1301122,0,XGBoost,10,50,0.26257431507110596
46,3618383,0,XGBoost,10,50,0.4089774787425995
47,10378934,0,XGBoost,10,50,0.36281538009643555
48,6939186,0,XGBoost,10,50,0.21220745146274567
49,6808059,0,XGBoost,10,50,0.31204694509506226
50,10313516,0,XGBoost,10,50,0.6490473747253418
51,7379114,0,XGBoost,10,50,0.27200624346733093
52,8311713,1,XGBoost,10,50,0.180783212184906
53,3243039,0,XGBoost,10,50,0.20990507304668427
54,634821,0,XGBoost,10,50,0.2590198516845703
55,9241417,0,XGBoost,10,50,0.10804428160190582
56,8932838,0,XGBoost,10,50,0.35896703600883484
57,10420144,0,XGBoost,10,50,0.35261788964271545
58,6659608,0,XGBoost,10,50,0.1376405507326126
59,2984944,0,XGBoost,10,50,0.2541225850582123
60,9719251,0,XGBoost,10,50,0.555887758731842
61,539682,0,XGBoost,10,50,0.1097053587436676
62,3490662,0,XGBoost,10,50,0.815837562084198
63,642571,0,XGBoost,10,50,0.6122390627861023
64,6085551,0,XGBoost,10,50,0.3621041178703308
65,3450089,0,XGBoost,10,50,0.1951894611120224
66,2050332,0,XGBoost,10,50,0.2760881185531616
67,8097011,0,XGBoost,10,50,0.18767717480659485
68,1095309,0,XGBoost,10,50,0.7467628121376038
69,5850717,0,XGBoost,10,50,0.23260639607906342
70,520239,0,XGBoost,10,50,0.5415322184562683
71,11537607,0,XGBoost,10,50,0.6981188058853149
72,10362211,0,XGBoost,10,50,0.8326351046562195
73,1853221,0,XGBoost,10,50,0.24216334521770477
74,5743906,0,XGBoost,10,50,0.2865513861179352
75,3655672,0,XGBoost,10,50,0.1385006606578827
76,8018657,0,XGBoost,10,50,0.18581220507621765
77,7965009,0,XGBoost,10,50,0.08078313618898392
78,10876281,0,XGBoost,10,50,0.1269720047712326
79,218606,0,XGBoost,10,50,0.288532555103302
80,4573881,0,XGBoost,10,50,0.5602272748947144
81,1153294,0,XGBoost,10,50,0.35116204619407654
82,2433847,0,XGBoost,10,50,0.37694817781448364
83,5498504,0,XGBoost,10,50,0.26789841055870056
84,4353957,1,XGBoost,10,50,0.44062766432762146
85,810662,0,XGBoost,10,50,0.3204304277896881
86,5288319,0,XGBoost,10,50,0.19696806371212006
87,7022768,0,XGBoost,10,50,0.4279342293739319
88,5169273,0,XGBoost,10,50,0.16963571310043335
89,2660248,0,XGBoost,10,50,0.22413933277130127
90,4934523,1,XGBoost,10,50,0.6029711961746216
91,2144042,0,XGBoost,10,50,0.320136696100235
92,3934133,0,XGBoost,10,50,0.3339240550994873
93,9342374,0,XGBoost,10,50,0.22784703969955444
94,4469039,0,XGBoost,10,50,0.3076510727405548
95,12844,0,XGBoost,10,50,0.14351074397563934
96,5139816,0,XGBoost,10,50,0.19713222980499268
97,7871211,0,XGBoost,10,50,0.2762589752674103
98,8844818,0,XGBoost,10,50,0.3678364157676697
99,1841057,0,XGBoost,10,50,0.15729950368404388
100,1923039,0,XGBoost,10,50,0.6564270257949829
1,5714601,0,LightGBM,10,50,0.4376713283818007
2,6499887,0,LightGBM,10,50,0.35275194954777367
3,4550493,0,LightGBM,10,50,0.21737600726672385
4,11466673,0,LightGBM,10,50,0.7668871764620019
5,2479601,0,LightGBM,10,50,0.3698912010738117
6,8378544,0,LightGBM,10,50,0.5225674659075492
7,9201661,0,LightGBM,10,50,0.34378856383594014
8,330739,0,LightGBM,10,50,0.2843877999954899
9,901826,0,LightGBM,10,50,0.24060248729071315
10,1972573,0,LightGBM,10,50,0.2735944470381312
11,7509166,0,LightGBM,10,50,0.15974833764330074
12,3752798,0,LightGBM,10,50,0.335536298897958
13,7013909,0,LightGBM,10,50,0.6233413035563523
14,563996,0,LightGBM,10,50,0.05630760711469738
15,5171809,0,LightGBM,10,50,0.1841715623412984
16,3053337,0,LightGBM,10,50,0.3586166592441869
17,3675893,0,LightGBM,10,50,0.20208429303524955
18,724622,0,LightGBM,10,50,0.23549592128583946
19,7449726,0,LightGBM,10,50,0.4618646144037875
20,5918297,0,LightGBM,10,50,0.7578348962428512
21,10779582,0,LightGBM,10,50,0.2520038825706185
22,6537621,0,LightGBM,10,50,0.299983182594607
23,5495648,0,LightGBM,10,50,0.23603718895669218
24,7391994,0,LightGBM,10,50,0.22523218803994718
25,3110284,0,LightGBM,10,50,0.37664625204032093
26,8677719,0,LightGBM,10,50,0.16917009620516654
27,9504487,0,LightGBM,10,50,0.1950661631116867
28,6158348,0,LightGBM,10,50,0.16801474090090449
29,10690171,0,LightGBM,10,50,0.30058461475145615
30,3131218,0,LightGBM,10,50,0.23319252123911388
31,2285187,0,LightGBM,10,50,0.4952489955728366
32,6452177,1,LightGBM,10,50,0.5141987384227119
33,8427549,0,LightGBM,10,50,0.15932039548145632
34,6759021,0,LightGBM,10,50,0.2128594491278186
35,7880934,0,LightGBM,10,50,0.24664426634339948
36,3429043,0,LightGBM,10,50,0.6680931673355603
37,2115993,1,LightGBM,10,50,0.5533708501936493
38,11019618,0,LightGBM,10,50,0.5802622155854499
39,1893158,0,LightGBM,10,50,0.22845083812681996
40,10146223,0,LightGBM,10,50,0.2883065568891745
41,3441821,0,LightGBM,10,50,0.3253090200836091
42,4391589,0,LightGBM,10,50,0.2574876485708592
43,6504503,0,LightGBM,10,50,0.14575715556493443
44,1462289,0,LightGBM,10,50,0.26990900768551374
45,1301122,0,LightGBM,10,50,0.25217307517737036
46,3618383,0,LightGBM,10,50,0.42074563182418084
47,10378934,0,LightGBM,10,50,0.37761960033561487
48,6939186,0,LightGBM,10,50,0.16101183079436526
49,6808059,0,LightGBM,10,50,0.2393512913309713
50,10313516,0,LightGBM,10,50,0.39290505950109783
51,7379114,0,LightGBM,10,50,0.14022505935857615
52,8311713,1,LightGBM,10,50,0.21957454196569143
53,3243039,0,LightGBM,10,50,0.2141387321258541
54,634821,0,LightGBM,10,50,0.32925775931752965
55,9241417,0,LightGBM,10,50,0.12560953067348138
56,8932838,0,LightGBM,10,50,0.2747043023560826
57,10420144,0,LightGBM,10,50,0.29691987600056835
58,6659608,0,LightGBM,10,50,0.1801937140222199
59,2984944,0,LightGBM,10,50,0.19974818927046378
60,9719251,0,LightGBM,10,50,0.594898976028137
61,539682,0,LightGBM,10,50,0.14211951322564123
62,3490662,0,LightGBM,10,50,0.7964851021573407
63,642571,0,LightGBM,10,50,0.637394614097837
64,6085551,0,LightGBM,10,50,0.3010554276570269
65,3450089,0,LightGBM,10,50,0.26119304191206005
66,2050332,0,LightGBM,10,50,0.28911227857210114
67,8097011,0,LightGBM,10,50,0.3479905419556257
68,1095309,0,LightGBM,10,50,0.7200164117042996
69,5850717,0,LightGBM,10,50,0.27344341878292955
70,520239,0,LightGBM,10,50,0.44704706894650403
71,11537607,0,LightGBM,10,50,0.6976214118999005
72,10362211,0,LightGBM,10,50,0.8365771143007534
73,1853221,0,LightGBM,10,50,0.220730848625582
74,5743906,0,LightGBM,10,50,0.25117901683556043
75,3655672,0,LightGBM,10,50,0.16425938985000313
76,8018657,0,LightGBM,10,50,0.1887433124852138
77,7965009,0,LightGBM,10,50,0.10097653624724534
78,10876281,0,LightGBM,10,50,0.19307431100283162
79,218606,0,LightGBM,10,50,0.300283522619926
80,4573881,0,LightGBM,10,50,0.5491773507945206
81,1153294,0,LightGBM,10,50,0.3403696747110675
82,2433847,0,LightGBM,10,50,0.5404927640263075
83,5498504,0,LightGBM,10,50,0.3103780929408186
84,4353957,1,LightGBM,10,50,0.5818323969941915
85,810662,0,LightGBM,10,50,0.29935413807883726
86,5288319,0,LightGBM,10,50,0.21842031520869956
87,7022768,0,LightGBM,10,50,0.38381386683472135
88,5169273,0,LightGBM,10,50,0.1763134660898513
89,2660248,0,LightGBM,10,50,0.21345935805525473
90,4934523,1,LightGBM,10,50,0.7574641959587948
91,2144042,0,LightGBM,10,50,0.2886275993843235
92,3934133,0,LightGBM,10,50,0.31909942901468047
93,9342374,0,LightGBM,10,50,0.30949900474901604
94,4469039,0,LightGBM,10,50,0.3174294520751959
95,12844,0,LightGBM,10,50,0.17656965599702165
96,5139816,0,LightGBM,10,50,0.20322771817917124
97,7871211,0,LightGBM,10,50,0.2756367419198893
98,8844818,0,LightGBM,10,50,0.5357257435014604
99,1841057,0,LightGBM,10,50,0.2246060755714671
100,1923039,0,LightGBM,10,50,0.7904018728883164
1,5714601,0,LSTM,11,55,0.016416577622294426
2,6499887,0,LSTM,11,55,0.7092006802558899
3,4550493,0,LSTM,11,55,0.022363008931279182
4,11466673,0,LSTM,11,55,0.008046520873904228
5,2479601,0,LSTM,11,55,0.7691100835800171
6,8378544,0,LSTM,11,55,0.8821932077407837
7,9201661,0,LSTM,11,55,0.051011208444833755
8,330739,0,LSTM,11,55,0.015048692934215069
9,901826,0,LSTM,11,55,0.693037748336792
10,1972573,0,LSTM,11,55,0.6342996954917908
11,7509166,0,LSTM,11,55,0.18927879631519318
12,3752798,0,LSTM,11,55,0.11447857320308685
13,7013909,0,LSTM,11,55,0.9128772020339966
14,563996,0,LSTM,11,55,0.28883516788482666
15,5171809,0,LSTM,11,55,0.02830030396580696
16,3053337,0,LSTM,11,55,0.06921771913766861
17,3675893,0,LSTM,11,55,0.24068428575992584
18,724622,0,LSTM,11,55,0.025681518018245697
19,7449726,0,LSTM,11,55,0.06800811737775803
20,5918297,0,LSTM,11,55,0.8841562867164612
21,10779582,0,LSTM,11,55,0.007914034649729729
22,6537621,0,LSTM,11,55,0.2271757423877716
23,5495648,0,LSTM,11,55,0.008005473762750626
24,7391994,0,LSTM,11,55,0.14547638595104218
25,3110284,0,LSTM,11,55,0.5405301451683044
26,8677719,0,LSTM,11,55,0.10530536621809006
27,9504487,0,LSTM,11,55,0.06412068754434586
28,6158348,0,LSTM,11,55,0.39300888776779175
29,10690171,0,LSTM,11,55,0.7565160393714905
30,3131218,0,LSTM,11,55,0.7969353199005127
31,2285187,0,LSTM,11,55,0.6791883707046509
32,6452177,1,LSTM,11,55,0.5313206911087036
33,8427549,0,LSTM,11,55,0.01895487867295742
34,6759021,0,LSTM,11,55,0.08070220798254013
35,7880934,0,LSTM,11,55,0.2023974508047104
36,3429043,0,LSTM,11,55,0.9213143587112427
37,2115993,1,LSTM,11,55,0.46707579493522644
38,11019618,0,LSTM,11,55,0.05113445222377777
39,1893158,0,LSTM,11,55,0.4308268129825592
40,10146223,0,LSTM,11,55,0.5556971430778503
41,3441821,0,LSTM,11,55,0.11213774234056473
42,4391589,0,LSTM,11,55,0.02096545696258545
43,6504503,0,LSTM,11,55,0.00912417471408844
44,1462289,0,LSTM,11,55,0.13075919449329376
45,1301122,0,LSTM,11,55,0.09026648104190826
46,3618383,0,LSTM,11,55,0.5595064163208008
47,10378934,0,LSTM,11,55,0.6844996213912964
48,6939186,0,LSTM,11,55,0.43462827801704407
49,6808059,0,LSTM,11,55,0.10448160022497177
50,10313516,0,LSTM,11,55,0.3467976450920105
51,7379114,0,LSTM,11,55,0.3463798463344574
52,8311713,1,LSTM,11,55,0.26959124207496643
53,3243039,0,LSTM,11,55,0.01588551327586174
54,634821,0,LSTM,11,55,0.25362759828567505
55,9241417,0,LSTM,11,55,0.17385032773017883
56,8932838,0,LSTM,11,55,0.6008442640304565
57,10420144,0,LSTM,11,55,0.49150148034095764
58,6659608,0,LSTM,11,55,0.7255256772041321
59,2984944,0,LSTM,11,55,0.860795795917511
60,9719251,0,LSTM,11,55,0.7284903526306152
61,539682,0,LSTM,11,55,0.13393272459506989
62,3490662,0,LSTM,11,55,0.8921526074409485
63,642571,0,LSTM,11,55,0.027009863406419754
64,6085551,0,LSTM,11,55,0.05776634067296982
65,3450089,0,LSTM,11,55,0.28788965940475464
66,2050332,0,LSTM,11,55,0.10886867344379425
67,8097011,0,LSTM,11,55,0.013830387033522129
68,1095309,0,LSTM,11,55,0.890687108039856
69,5850717,0,LSTM,11,55,0.08629495650529861
70,520239,0,LSTM,11,55,0.652927041053772
71,11537607,0,LSTM,11,55,0.807137131690979
72,10362211,0,LSTM,11,55,0.9050008058547974
73,1853221,0,LSTM,11,55,0.4539114534854889
74,5743906,0,LSTM,11,55,0.2739035189151764
75,3655672,0,LSTM,11,55,0.20392650365829468
76,8018657,0,LSTM,11,55,0.04002164676785469
77,7965009,0,LSTM,11,55,0.07883325219154358
78,10876281,0,LSTM,11,55,0.011722528375685215
79,218606,0,LSTM,11,55,0.38726621866226196
80,4573881,0,LSTM,11,55,0.0968647450208664
81,1153294,0,LSTM,11,55,0.12520889937877655
82,2433847,0,LSTM,11,55,0.00498506985604763
83,5498504,0,LSTM,11,55,0.13700154423713684
84,4353957,1,LSTM,11,55,0.1690312772989273
85,810662,0,LSTM,11,55,0.009272124618291855
86,5288319,0,LSTM,11,55,0.08693596720695496
87,7022768,0,LSTM,11,55,0.592370331287384
88,5169273,0,LSTM,11,55,0.1612509936094284
89,2660248,0,LSTM,11,55,0.13982190191745758
90,4934523,1,LSTM,11,55,0.8940950036048889
91,2144042,0,LSTM,11,55,0.6229214668273926
92,3934133,0,LSTM,11,55,0.56464684009552
93,9342374,0,LSTM,11,55,0.0018093108665198088
94,4469039,0,LSTM,11,55,0.9026880264282227
95,12844,0,LSTM,11,55,0.18661455810070038
96,5139816,0,LSTM,11,55,0.6934629678726196
97,7871211,0,LSTM,11,55,0.6713130474090576
98,8844818,0,LSTM,11,55,0.015860911458730698
99,1841057,0,LSTM,11,55,0.015984827652573586
100,1923039,0,LSTM,11,55,0.12190515547990799
1,5714601,0,GRU,11,55,0.11945638805627823
2,6499887,0,GRU,11,55,0.46364718675613403
3,4550493,0,GRU,11,55,0.1840951144695282
4,11466673,0,GRU,11,55,0.05239880830049515
5,2479601,0,GRU,11,55,0.692300021648407
6,8378544,0,GRU,11,55,0.7999123930931091
7,9201661,0,GRU,11,55,0.30284973978996277
8,330739,0,GRU,11,55,0.05503307282924652
9,901826,0,GRU,11,55,0.41073504090309143
10,1972573,0,GRU,11,55,0.442160427570343
11,7509166,0,GRU,11,55,0.22602319717407227
12,3752798,0,GRU,11,55,0.14066828787326813
13,7013909,0,GRU,11,55,0.7577590346336365
14,563996,0,GRU,11,55,0.34938547015190125
15,5171809,0,GRU,11,55,0.0681556910276413
16,3053337,0,GRU,11,55,0.024462640285491943
17,3675893,0,GRU,11,55,0.2983759343624115
18,724622,0,GRU,11,55,0.05532084032893181
19,7449726,0,GRU,11,55,0.12159034609794617
20,5918297,0,GRU,11,55,0.9013122320175171
21,10779582,0,GRU,11,55,0.050310540944337845
22,6537621,0,GRU,11,55,0.28455379605293274
23,5495648,0,GRU,11,55,0.022028056904673576
24,7391994,0,GRU,11,55,0.15484492480754852
25,3110284,0,GRU,11,55,0.46277034282684326
26,8677719,0,GRU,11,55,0.19313646852970123
27,9504487,0,GRU,11,55,0.09903629124164581
28,6158348,0,GRU,11,55,0.4510163366794586
29,10690171,0,GRU,11,55,0.568976640701294
30,3131218,0,GRU,11,55,0.6578792333602905
31,2285187,0,GRU,11,55,0.5722806453704834
32,6452177,1,GRU,11,55,0.44837164878845215
33,8427549,0,GRU,11,55,0.07969994843006134
34,6759021,0,GRU,11,55,0.19370777904987335
35,7880934,0,GRU,11,55,0.20421206951141357
36,3429043,0,GRU,11,55,0.8169139623641968
37,2115993,1,GRU,11,55,0.40567007660865784
38,11019618,0,GRU,11,55,0.13520708680152893
39,1893158,0,GRU,11,55,0.3051748275756836
40,10146223,0,GRU,11,55,0.4700174927711487
41,3441821,0,GRU,11,55,0.17751337587833405
42,4391589,0,GRU,11,55,0.09771907329559326
43,6504503,0,GRU,11,55,0.02772744745016098
44,1462289,0,GRU,11,55,0.24094873666763306
45,1301122,0,GRU,11,55,0.13523291051387787
46,3618383,0,GRU,11,55,0.4846961200237274
47,10378934,0,GRU,11,55,0.588556170463562
48,6939186,0,GRU,11,55,0.5421016216278076
49,6808059,0,GRU,11,55,0.19975025951862335
50,10313516,0,GRU,11,55,0.43033793568611145
51,7379114,0,GRU,11,55,0.41641685366630554
52,8311713,1,GRU,11,55,0.37209799885749817
53,3243039,0,GRU,11,55,0.06838293373584747
54,634821,0,GRU,11,55,0.3559339642524719
55,9241417,0,GRU,11,55,0.21828901767730713
56,8932838,0,GRU,11,55,0.5901625752449036
57,10420144,0,GRU,11,55,0.4519428014755249
58,6659608,0,GRU,11,55,0.5775721669197083
59,2984944,0,GRU,11,55,0.8662168979644775
60,9719251,0,GRU,11,55,0.5711942911148071
61,539682,0,GRU,11,55,0.20370370149612427
62,3490662,0,GRU,11,55,0.8227726221084595
63,642571,0,GRU,11,55,0.08081215620040894
64,6085551,0,GRU,11,55,0.2869579792022705
65,3450089,0,GRU,11,55,0.2382378876209259
66,2050332,0,GRU,11,55,0.15397164225578308
67,8097011,0,GRU,11,55,0.05652977153658867
68,1095309,0,GRU,11,55,0.732025146484375
69,5850717,0,GRU,11,55,0.16961397230625153
70,520239,0,GRU,11,55,0.5302339792251587
71,11537607,0,GRU,11,55,0.5998313426971436
72,10362211,0,GRU,11,55,0.8086652755737305
73,1853221,0,GRU,11,55,0.47194722294807434
74,5743906,0,GRU,11,55,0.35002440214157104
75,3655672,0,GRU,11,55,0.2495119869709015
76,8018657,0,GRU,11,55,0.09011615812778473
77,7965009,0,GRU,11,55,0.12175512313842773
78,10876281,0,GRU,11,55,0.05553693324327469
79,218606,0,GRU,11,55,0.39357468485832214
80,4573881,0,GRU,11,55,0.08929213136434555
81,1153294,0,GRU,11,55,0.17715506255626678
82,2433847,0,GRU,11,55,0.04303596913814545
83,5498504,0,GRU,11,55,0.16797107458114624
84,4353957,1,GRU,11,55,0.6162283420562744
85,810662,0,GRU,11,55,0.09170296788215637
86,5288319,0,GRU,11,55,0.13138146698474884
87,7022768,0,GRU,11,55,0.5501134395599365
88,5169273,0,GRU,11,55,0.20262734591960907
89,2660248,0,GRU,11,55,0.16818660497665405
90,4934523,1,GRU,11,55,0.8767462968826294
91,2144042,0,GRU,11,55,0.5052782297134399
92,3934133,0,GRU,11,55,0.45887523889541626
93,9342374,0,GRU,11,55,0.013477792963385582
94,4469039,0,GRU,11,55,0.8741047382354736
95,12844,0,GRU,11,55,0.28252190351486206
96,5139816,0,GRU,11,55,0.5891741514205933
97,7871211,0,GRU,11,55,0.6675941944122314
98,8844818,0,GRU,11,55,0.08410120010375977
99,1841057,0,GRU,11,55,0.05848520249128342
100,1923039,0,GRU,11,55,0.3867174983024597
1,5714601,0,GRU + Attention,11,55,0.15279699862003326
2,6499887,0,GRU + Attention,11,55,0.4405663311481476
3,4550493,0,GRU + Attention,11,55,0.24469828605651855
4,11466673,0,GRU + Attention,11,55,0.06899150460958481
5,2479601,0,GRU + Attention,11,55,0.7037945985794067
6,8378544,0,GRU + Attention,11,55,0.668537974357605
7,9201661,0,GRU + Attention,11,55,0.2462211400270462
8,330739,0,GRU + Attention,11,55,0.05503237247467041
9,901826,0,GRU + Attention,11,55,0.2560481131076813
10,1972573,0,GRU + Attention,11,55,0.43281665444374084
11,7509166,0,GRU + Attention,11,55,0.15357302129268646
12,3752798,0,GRU + Attention,11,55,0.10692659765481949
13,7013909,0,GRU + Attention,11,55,0.7937448620796204
14,563996,0,GRU + Attention,11,55,0.23524703085422516
15,5171809,0,GRU + Attention,11,55,0.02592359110713005
16,3053337,0,GRU + Attention,11,55,0.08074164390563965
17,3675893,0,GRU + Attention,11,55,0.27796971797943115
18,724622,0,GRU + Attention,11,55,0.05913478881120682
19,7449726,0,GRU + Attention,11,55,0.07420603185892105
20,5918297,0,GRU + Attention,11,55,0.6347846984863281
21,10779582,0,GRU + Attention,11,55,0.053169384598731995
22,6537621,0,GRU + Attention,11,55,0.44332975149154663
23,5495648,0,GRU + Attention,11,55,0.05045077204704285
24,7391994,0,GRU + Attention,11,55,0.2027672380208969
25,3110284,0,GRU + Attention,11,55,0.5037753582000732
26,8677719,0,GRU + Attention,11,55,0.30430060625076294
27,9504487,0,GRU + Attention,11,55,0.15823252499103546
28,6158348,0,GRU + Attention,11,55,0.2642577588558197
29,10690171,0,GRU + Attention,11,55,0.6967718005180359
30,3131218,0,GRU + Attention,11,55,0.7434216737747192
31,2285187,0,GRU + Attention,11,55,0.6134014129638672
32,6452177,1,GRU + Attention,11,55,0.5439571142196655
33,8427549,0,GRU + Attention,11,55,0.026876229792833328
34,6759021,0,GRU + Attention,11,55,0.06944780051708221
35,7880934,0,GRU + Attention,11,55,0.2679242193698883
36,3429043,0,GRU + Attention,11,55,0.7935614585876465
37,2115993,1,GRU + Attention,11,55,0.3040444552898407
38,11019618,0,GRU + Attention,11,55,0.44563788175582886
39,1893158,0,GRU + Attention,11,55,0.1852099895477295
40,10146223,0,GRU + Attention,11,55,0.48628243803977966
41,3441821,0,GRU + Attention,11,55,0.16411437094211578
42,4391589,0,GRU + Attention,11,55,0.07175213098526001
43,6504503,0,GRU + Attention,11,55,0.029736271128058434
44,1462289,0,GRU + Attention,11,55,0.07394343614578247
45,1301122,0,GRU + Attention,11,55,0.13526934385299683
46,3618383,0,GRU + Attention,11,55,0.5894755125045776
47,10378934,0,GRU + Attention,11,55,0.5625726580619812
48,6939186,0,GRU + Attention,11,55,0.46947115659713745
49,6808059,0,GRU + Attention,11,55,0.19185224175453186
50,10313516,0,GRU + Attention,11,55,0.47044360637664795
51,7379114,0,GRU + Attention,11,55,0.4188493490219116
52,8311713,1,GRU + Attention,11,55,0.34398889541625977
53,3243039,0,GRU + Attention,11,55,0.12191490083932877
54,634821,0,GRU + Attention,11,55,0.3055143356323242
55,9241417,0,GRU + Attention,11,55,0.16850200295448303
56,8932838,0,GRU + Attention,11,55,0.47241881489753723
57,10420144,0,GRU + Attention,11,55,0.4574991762638092
58,6659608,0,GRU + Attention,11,55,0.4187174439430237
59,2984944,0,GRU + Attention,11,55,0.770468533039093
60,9719251,0,GRU + Attention,11,55,0.4799768030643463
61,539682,0,GRU + Attention,11,55,0.15479981899261475
62,3490662,0,GRU + Attention,11,55,0.6450645327568054
63,642571,0,GRU + Attention,11,55,0.20953847467899323
64,6085551,0,GRU + Attention,11,55,0.2766658365726471
65,3450089,0,GRU + Attention,11,55,0.2795129716396332
66,2050332,0,GRU + Attention,11,55,0.2544005811214447
67,8097011,0,GRU + Attention,11,55,0.026298604905605316
68,1095309,0,GRU + Attention,11,55,0.6158959269523621
69,5850717,0,GRU + Attention,11,55,0.22222161293029785
70,520239,0,GRU + Attention,11,55,0.6564062833786011
71,11537607,0,GRU + Attention,11,55,0.6425619125366211
72,10362211,0,GRU + Attention,11,55,0.7296573519706726
73,1853221,0,GRU + Attention,11,55,0.4710800051689148
74,5743906,0,GRU + Attention,11,55,0.2454993575811386
75,3655672,0,GRU + Attention,11,55,0.10644792765378952
76,8018657,0,GRU + Attention,11,55,0.0536329448223114
77,7965009,0,GRU + Attention,11,55,0.039907265454530716
78,10876281,0,GRU + Attention,11,55,0.020739534869790077
79,218606,0,GRU + Attention,11,55,0.4358731210231781
80,4573881,0,GRU + Attention,11,55,0.060949455946683884
81,1153294,0,GRU + Attention,11,55,0.3873513340950012
82,2433847,0,GRU + Attention,11,55,0.21199166774749756
83,5498504,0,GRU + Attention,11,55,0.16470429301261902
84,4353957,1,GRU + Attention,11,55,0.4454926550388336
85,810662,0,GRU + Attention,11,55,0.0659417137503624
86,5288319,0,GRU + Attention,11,55,0.12126506865024567
87,7022768,0,GRU + Attention,11,55,0.5043150186538696
88,5169273,0,GRU + Attention,11,55,0.1426401138305664
89,2660248,0,GRU + Attention,11,55,0.2249070107936859
90,4934523,1,GRU + Attention,11,55,0.8029828071594238
91,2144042,0,GRU + Attention,11,55,0.5837067365646362
92,3934133,0,GRU + Attention,11,55,0.4388374984264374
93,9342374,0,GRU + Attention,11,55,0.04236501455307007
94,4469039,0,GRU + Attention,11,55,0.7417140007019043
95,12844,0,GRU + Attention,11,55,0.22795087099075317
96,5139816,0,GRU + Attention,11,55,0.5745182037353516
97,7871211,0,GRU + Attention,11,55,0.5134992599487305
98,8844818,0,GRU + Attention,11,55,0.07093531638383865
99,1841057,0,GRU + Attention,11,55,0.053150590509176254
100,1923039,0,GRU + Attention,11,55,0.4077658951282501
1,5714601,0,XGBoost,11,55,0.35705167055130005
2,6499887,0,XGBoost,11,55,0.3221989870071411
3,4550493,0,XGBoost,11,55,0.2809368968009949
4,11466673,0,XGBoost,11,55,0.6626734137535095
5,2479601,0,XGBoost,11,55,0.3610534071922302
6,8378544,0,XGBoost,11,55,0.5193779468536377
7,9201661,0,XGBoost,11,55,0.38976189494132996
8,330739,0,XGBoost,11,55,0.25060349702835083
9,901826,0,XGBoost,11,55,0.28869107365608215
10,1972573,0,XGBoost,11,55,0.3179788291454315
11,7509166,0,XGBoost,11,55,0.12972921133041382
12,3752798,0,XGBoost,11,55,0.2390517294406891
13,7013909,0,XGBoost,11,55,0.6809470057487488
14,563996,0,XGBoost,11,55,0.053786538541316986
15,5171809,0,XGBoost,11,55,0.21463528275489807
16,3053337,0,XGBoost,11,55,0.4281827211380005
17,3675893,0,XGBoost,11,55,0.2087317407131195
18,724622,0,XGBoost,11,55,0.21702797710895538
19,7449726,0,XGBoost,11,55,0.35620149970054626
20,5918297,0,XGBoost,11,55,0.7834291458129883
21,10779582,0,XGBoost,11,55,0.17885178327560425
22,6537621,0,XGBoost,11,55,0.34208211302757263
23,5495648,0,XGBoost,11,55,0.19335174560546875
24,7391994,0,XGBoost,11,55,0.13235601782798767
25,3110284,0,XGBoost,11,55,0.06947813183069229
26,8677719,0,XGBoost,11,55,0.10776559263467789
27,9504487,0,XGBoost,11,55,0.17444215714931488
28,6158348,0,XGBoost,11,55,0.11429335922002792
29,10690171,0,XGBoost,11,55,0.32910358905792236
30,3131218,0,XGBoost,11,55,0.19581452012062073
31,2285187,0,XGBoost,11,55,0.5143174529075623
32,6452177,1,XGBoost,11,55,0.4925038814544678
33,8427549,0,XGBoost,11,55,0.15695072710514069
34,6759021,0,XGBoost,11,55,0.253925621509552
35,7880934,0,XGBoost,11,55,0.2633146345615387
36,3429043,0,XGBoost,11,55,0.6995301246643066
37,2115993,1,XGBoost,11,55,0.5974657535552979
38,11019618,0,XGBoost,11,55,0.7681820392608643
39,1893158,0,XGBoost,11,55,0.22251445055007935
40,10146223,0,XGBoost,11,55,0.263531357049942
41,3441821,0,XGBoost,11,55,0.2373708188533783
42,4391589,0,XGBoost,11,55,0.1767314076423645
43,6504503,0,XGBoost,11,55,0.14818882942199707
44,1462289,0,XGBoost,11,55,0.3048743009567261
45,1301122,0,XGBoost,11,55,0.26257431507110596
46,3618383,0,XGBoost,11,55,0.4089774787425995
47,10378934,0,XGBoost,11,55,0.36281538009643555
48,6939186,0,XGBoost,11,55,0.21220745146274567
49,6808059,0,XGBoost,11,55,0.31204694509506226
50,10313516,0,XGBoost,11,55,0.6490473747253418
51,7379114,0,XGBoost,11,55,0.27200624346733093
52,8311713,1,XGBoost,11,55,0.180783212184906
53,3243039,0,XGBoost,11,55,0.20990507304668427
54,634821,0,XGBoost,11,55,0.2590198516845703
55,9241417,0,XGBoost,11,55,0.10804428160190582
56,8932838,0,XGBoost,11,55,0.35896703600883484
57,10420144,0,XGBoost,11,55,0.35261788964271545
58,6659608,0,XGBoost,11,55,0.1376405507326126
59,2984944,0,XGBoost,11,55,0.2541225850582123
60,9719251,0,XGBoost,11,55,0.555887758731842
61,539682,0,XGBoost,11,55,0.1097053587436676
62,3490662,0,XGBoost,11,55,0.815837562084198
63,642571,0,XGBoost,11,55,0.6122390627861023
64,6085551,0,XGBoost,11,55,0.3621041178703308
65,3450089,0,XGBoost,11,55,0.1951894611120224
66,2050332,0,XGBoost,11,55,0.2760881185531616
67,8097011,0,XGBoost,11,55,0.18767717480659485
68,1095309,0,XGBoost,11,55,0.7467628121376038
69,5850717,0,XGBoost,11,55,0.23260639607906342
70,520239,0,XGBoost,11,55,0.5415322184562683
71,11537607,0,XGBoost,11,55,0.6981188058853149
72,10362211,0,XGBoost,11,55,0.8251017332077026
73,1853221,0,XGBoost,11,55,0.24216334521770477
74,5743906,0,XGBoost,11,55,0.2865513861179352
75,3655672,0,XGBoost,11,55,0.1385006606578827
76,8018657,0,XGBoost,11,55,0.18581220507621765
77,7965009,0,XGBoost,11,55,0.08078313618898392
78,10876281,0,XGBoost,11,55,0.1269720047712326
79,218606,0,XGBoost,11,55,0.288532555103302
80,4573881,0,XGBoost,11,55,0.5602272748947144
81,1153294,0,XGBoost,11,55,0.35116204619407654
82,2433847,0,XGBoost,11,55,0.37694817781448364
83,5498504,0,XGBoost,11,55,0.26789841055870056
84,4353957,1,XGBoost,11,55,0.44062766432762146
85,810662,0,XGBoost,11,55,0.3204304277896881
86,5288319,0,XGBoost,11,55,0.19696806371212006
87,7022768,0,XGBoost,11,55,0.4279342293739319
88,5169273,0,XGBoost,11,55,0.16963571310043335
89,2660248,0,XGBoost,11,55,0.22413933277130127
90,4934523,1,XGBoost,11,55,0.6029711961746216
91,2144042,0,XGBoost,11,55,0.320136696100235
92,3934133,0,XGBoost,11,55,0.3339240550994873
93,9342374,0,XGBoost,11,55,0.22784703969955444
94,4469039,0,XGBoost,11,55,0.3076510727405548
95,12844,0,XGBoost,11,55,0.14351074397563934
96,5139816,0,XGBoost,11,55,0.19713222980499268
97,7871211,0,XGBoost,11,55,0.2762589752674103
98,8844818,0,XGBoost,11,55,0.3678364157676697
99,1841057,0,XGBoost,11,55,0.15729950368404388
100,1923039,0,XGBoost,11,55,0.7532100677490234
1,5714601,0,LightGBM,11,55,0.4376713283818007
2,6499887,0,LightGBM,11,55,0.35275194954777367
3,4550493,0,LightGBM,11,55,0.21737600726672385
4,11466673,0,LightGBM,11,55,0.7668871764620019
5,2479601,0,LightGBM,11,55,0.3698912010738117
6,8378544,0,LightGBM,11,55,0.5225674659075492
7,9201661,0,LightGBM,11,55,0.34378856383594014
8,330739,0,LightGBM,11,55,0.2843877999954899
9,901826,0,LightGBM,11,55,0.24060248729071315
10,1972573,0,LightGBM,11,55,0.2735944470381312
11,7509166,0,LightGBM,11,55,0.15974833764330074
12,3752798,0,LightGBM,11,55,0.335536298897958
13,7013909,0,LightGBM,11,55,0.6233413035563523
14,563996,0,LightGBM,11,55,0.05630760711469738
15,5171809,0,LightGBM,11,55,0.1841715623412984
16,3053337,0,LightGBM,11,55,0.3586166592441869
17,3675893,0,LightGBM,11,55,0.20208429303524955
18,724622,0,LightGBM,11,55,0.23549592128583946
19,7449726,0,LightGBM,11,55,0.4618646144037875
20,5918297,0,LightGBM,11,55,0.709615717628226
21,10779582,0,LightGBM,11,55,0.2520038825706185
22,6537621,0,LightGBM,11,55,0.299983182594607
23,5495648,0,LightGBM,11,55,0.23603718895669218
24,7391994,0,LightGBM,11,55,0.22523218803994718
25,3110284,0,LightGBM,11,55,0.37664625204032093
26,8677719,0,LightGBM,11,55,0.16917009620516654
27,9504487,0,LightGBM,11,55,0.1950661631116867
28,6158348,0,LightGBM,11,55,0.16801474090090449
29,10690171,0,LightGBM,11,55,0.30058461475145615
30,3131218,0,LightGBM,11,55,0.23319252123911388
31,2285187,0,LightGBM,11,55,0.4952489955728366
32,6452177,1,LightGBM,11,55,0.5141987384227119
33,8427549,0,LightGBM,11,55,0.15932039548145632
34,6759021,0,LightGBM,11,55,0.2128594491278186
35,7880934,0,LightGBM,11,55,0.24664426634339948
36,3429043,0,LightGBM,11,55,0.6680931673355603
37,2115993,1,LightGBM,11,55,0.5533708501936493
38,11019618,0,LightGBM,11,55,0.6233711923991555
39,1893158,0,LightGBM,11,55,0.22845083812681996
40,10146223,0,LightGBM,11,55,0.2883065568891745
41,3441821,0,LightGBM,11,55,0.3253090200836091
42,4391589,0,LightGBM,11,55,0.2574876485708592
43,6504503,0,LightGBM,11,55,0.14575715556493443
44,1462289,0,LightGBM,11,55,0.26990900768551374
45,1301122,0,LightGBM,11,55,0.25217307517737036
46,3618383,0,LightGBM,11,55,0.42074563182418084
47,10378934,0,LightGBM,11,55,0.37761960033561487
48,6939186,0,LightGBM,11,55,0.16101183079436526
49,6808059,0,LightGBM,11,55,0.2393512913309713
50,10313516,0,LightGBM,11,55,0.39290505950109783
51,7379114,0,LightGBM,11,55,0.14022505935857615
52,8311713,1,LightGBM,11,55,0.21957454196569143
53,3243039,0,LightGBM,11,55,0.2141387321258541
54,634821,0,LightGBM,11,55,0.32925775931752965
55,9241417,0,LightGBM,11,55,0.12560953067348138
56,8932838,0,LightGBM,11,55,0.2747043023560826
57,10420144,0,LightGBM,11,55,0.29691987600056835
58,6659608,0,LightGBM,11,55,0.1801937140222199
59,2984944,0,LightGBM,11,55,0.19974818927046378
60,9719251,0,LightGBM,11,55,0.594898976028137
61,539682,0,LightGBM,11,55,0.14211951322564123
62,3490662,0,LightGBM,11,55,0.7964851021573407
63,642571,0,LightGBM,11,55,0.637394614097837
64,6085551,0,LightGBM,11,55,0.3010554276570269
65,3450089,0,LightGBM,11,55,0.26119304191206005
66,2050332,0,LightGBM,11,55,0.28911227857210114
67,8097011,0,LightGBM,11,55,0.3479905419556257
68,1095309,0,LightGBM,11,55,0.7200164117042996
69,5850717,0,LightGBM,11,55,0.27344341878292955
70,520239,0,LightGBM,11,55,0.44704706894650403
71,11537607,0,LightGBM,11,55,0.6976214118999005
72,10362211,0,LightGBM,11,55,0.832975537681245
73,1853221,0,LightGBM,11,55,0.220730848625582
74,5743906,0,LightGBM,11,55,0.25117901683556043
75,3655672,0,LightGBM,11,55,0.16425938985000313
76,8018657,0,LightGBM,11,55,0.1887433124852138
77,7965009,0,LightGBM,11,55,0.10097653624724534
78,10876281,0,LightGBM,11,55,0.19307431100283162
79,218606,0,LightGBM,11,55,0.300283522619926
80,4573881,0,LightGBM,11,55,0.5491773507945206
81,1153294,0,LightGBM,11,55,0.3403696747110675
82,2433847,0,LightGBM,11,55,0.5404927640263075
83,5498504,0,LightGBM,11,55,0.3103780929408186
84,4353957,1,LightGBM,11,55,0.5818323969941915
85,810662,0,LightGBM,11,55,0.29935413807883726
86,5288319,0,LightGBM,11,55,0.21842031520869956
87,7022768,0,LightGBM,11,55,0.38381386683472135
88,5169273,0,LightGBM,11,55,0.1763134660898513
89,2660248,0,LightGBM,11,55,0.21345935805525473
90,4934523,1,LightGBM,11,55,0.7574641959587948
91,2144042,0,LightGBM,11,55,0.2886275993843235
92,3934133,0,LightGBM,11,55,0.31909942901468047
93,9342374,0,LightGBM,11,55,0.30949900474901604
94,4469039,0,LightGBM,11,55,0.3174294520751959
95,12844,0,LightGBM,11,55,0.17656965599702165
96,5139816,0,LightGBM,11,55,0.20322771817917124
97,7871211,0,LightGBM,11,55,0.2756367419198893
98,8844818,0,LightGBM,11,55,0.5357257435014604
99,1841057,0,LightGBM,11,55,0.2246060755714671
100,1923039,0,LightGBM,11,55,0.798496127632231
1,5714601,0,LSTM,12,60,0.016416577622294426
2,6499887,0,LSTM,12,60,0.7092006802558899
3,4550493,0,LSTM,12,60,0.022363008931279182
4,11466673,0,LSTM,12,60,0.008046520873904228
5,2479601,0,LSTM,12,60,0.7691100835800171
6,8378544,0,LSTM,12,60,0.8821932077407837
7,9201661,0,LSTM,12,60,0.051011208444833755
8,330739,0,LSTM,12,60,0.015048692934215069
9,901826,0,LSTM,12,60,0.693037748336792
10,1972573,0,LSTM,12,60,0.6342996954917908
11,7509166,0,LSTM,12,60,0.18927879631519318
12,3752798,0,LSTM,12,60,0.11447857320308685
13,7013909,0,LSTM,12,60,0.9128772020339966
14,563996,0,LSTM,12,60,0.28883516788482666
15,5171809,0,LSTM,12,60,0.02830030396580696
16,3053337,0,LSTM,12,60,0.06921771913766861
17,3675893,0,LSTM,12,60,0.24068428575992584
18,724622,0,LSTM,12,60,0.025681518018245697
19,7449726,0,LSTM,12,60,0.06800811737775803
20,5918297,0,LSTM,12,60,0.7665761709213257
21,10779582,0,LSTM,12,60,0.007914034649729729
22,6537621,0,LSTM,12,60,0.2271757423877716
23,5495648,0,LSTM,12,60,0.008005473762750626
24,7391994,0,LSTM,12,60,0.14547638595104218
25,3110284,0,LSTM,12,60,0.5405301451683044
26,8677719,0,LSTM,12,60,0.10530536621809006
27,9504487,0,LSTM,12,60,0.06412068754434586
28,6158348,0,LSTM,12,60,0.39300888776779175
29,10690171,0,LSTM,12,60,0.7565160393714905
30,3131218,0,LSTM,12,60,0.7969353199005127
31,2285187,0,LSTM,12,60,0.6791883707046509
32,6452177,1,LSTM,12,60,0.5313206911087036
33,8427549,0,LSTM,12,60,0.01895487867295742
34,6759021,0,LSTM,12,60,0.08070220798254013
35,7880934,0,LSTM,12,60,0.2023974508047104
36,3429043,0,LSTM,12,60,0.9213143587112427
37,2115993,1,LSTM,12,60,0.46707579493522644
38,11019618,0,LSTM,12,60,0.05113445222377777
39,1893158,0,LSTM,12,60,0.4308268129825592
40,10146223,0,LSTM,12,60,0.5556971430778503
41,3441821,0,LSTM,12,60,0.11213774234056473
42,4391589,0,LSTM,12,60,0.02096545696258545
43,6504503,0,LSTM,12,60,0.00912417471408844
44,1462289,0,LSTM,12,60,0.13075919449329376
45,1301122,0,LSTM,12,60,0.09026648104190826
46,3618383,0,LSTM,12,60,0.5595064163208008
47,10378934,0,LSTM,12,60,0.6844996213912964
48,6939186,0,LSTM,12,60,0.43462827801704407
49,6808059,0,LSTM,12,60,0.10448160022497177
50,10313516,0,LSTM,12,60,0.3467976450920105
51,7379114,0,LSTM,12,60,0.3463798463344574
52,8311713,1,LSTM,12,60,0.26959124207496643
53,3243039,0,LSTM,12,60,0.01588551327586174
54,634821,0,LSTM,12,60,0.25362759828567505
55,9241417,0,LSTM,12,60,0.17385032773017883
56,8932838,0,LSTM,12,60,0.6008442640304565
57,10420144,0,LSTM,12,60,0.49150148034095764
58,6659608,0,LSTM,12,60,0.7255256772041321
59,2984944,0,LSTM,12,60,0.860795795917511
60,9719251,0,LSTM,12,60,0.7284903526306152
61,539682,0,LSTM,12,60,0.13393272459506989
62,3490662,0,LSTM,12,60,0.8921526074409485
63,642571,0,LSTM,12,60,0.027009863406419754
64,6085551,0,LSTM,12,60,0.05776634067296982
65,3450089,0,LSTM,12,60,0.28788965940475464
66,2050332,0,LSTM,12,60,0.10886867344379425
67,8097011,0,LSTM,12,60,0.013830387033522129
68,1095309,0,LSTM,12,60,0.890687108039856
69,5850717,0,LSTM,12,60,0.08629495650529861
70,520239,0,LSTM,12,60,0.652927041053772
71,11537607,0,LSTM,12,60,0.807137131690979
72,10362211,0,LSTM,12,60,0.9153127074241638
73,1853221,0,LSTM,12,60,0.4539114534854889
74,5743906,0,LSTM,12,60,0.2739035189151764
75,3655672,0,LSTM,12,60,0.20392650365829468
76,8018657,0,LSTM,12,60,0.04002164676785469
77,7965009,0,LSTM,12,60,0.07883325219154358
78,10876281,0,LSTM,12,60,0.011722528375685215
79,218606,0,LSTM,12,60,0.38726621866226196
80,4573881,0,LSTM,12,60,0.0968647450208664
81,1153294,0,LSTM,12,60,0.12520889937877655
82,2433847,0,LSTM,12,60,0.00498506985604763
83,5498504,0,LSTM,12,60,0.13700154423713684
84,4353957,1,LSTM,12,60,0.1690312772989273
85,810662,0,LSTM,12,60,0.009272124618291855
86,5288319,0,LSTM,12,60,0.08693596720695496
87,7022768,0,LSTM,12,60,0.592370331287384
88,5169273,0,LSTM,12,60,0.1612509936094284
89,2660248,0,LSTM,12,60,0.13982190191745758
90,4934523,1,LSTM,12,60,0.8940950036048889
91,2144042,0,LSTM,12,60,0.6229214668273926
92,3934133,0,LSTM,12,60,0.56464684009552
93,9342374,0,LSTM,12,60,0.0018093108665198088
94,4469039,0,LSTM,12,60,0.9026880264282227
95,12844,0,LSTM,12,60,0.18661455810070038
96,5139816,0,LSTM,12,60,0.6934629678726196
97,7871211,0,LSTM,12,60,0.6713130474090576
98,8844818,0,LSTM,12,60,0.015860911458730698
99,1841057,0,LSTM,12,60,0.015984827652573586
100,1923039,0,LSTM,12,60,0.3540375828742981
1,5714601,0,GRU,12,60,0.11945638805627823
2,6499887,0,GRU,12,60,0.46364718675613403
3,4550493,0,GRU,12,60,0.1840951144695282
4,11466673,0,GRU,12,60,0.05239880830049515
5,2479601,0,GRU,12,60,0.692300021648407
6,8378544,0,GRU,12,60,0.7999123930931091
7,9201661,0,GRU,12,60,0.30284973978996277
8,330739,0,GRU,12,60,0.05503307282924652
9,901826,0,GRU,12,60,0.41073504090309143
10,1972573,0,GRU,12,60,0.442160427570343
11,7509166,0,GRU,12,60,0.22602319717407227
12,3752798,0,GRU,12,60,0.14066828787326813
13,7013909,0,GRU,12,60,0.7577590346336365
14,563996,0,GRU,12,60,0.34938547015190125
15,5171809,0,GRU,12,60,0.0681556910276413
16,3053337,0,GRU,12,60,0.024462640285491943
17,3675893,0,GRU,12,60,0.2983759343624115
18,724622,0,GRU,12,60,0.05532084032893181
19,7449726,0,GRU,12,60,0.12159034609794617
20,5918297,0,GRU,12,60,0.7445772886276245
21,10779582,0,GRU,12,60,0.050310540944337845
22,6537621,0,GRU,12,60,0.28455379605293274
23,5495648,0,GRU,12,60,0.022028056904673576
24,7391994,0,GRU,12,60,0.15484492480754852
25,3110284,0,GRU,12,60,0.46277034282684326
26,8677719,0,GRU,12,60,0.19313646852970123
27,9504487,0,GRU,12,60,0.09903629124164581
28,6158348,0,GRU,12,60,0.4510163366794586
29,10690171,0,GRU,12,60,0.568976640701294
30,3131218,0,GRU,12,60,0.6578792333602905
31,2285187,0,GRU,12,60,0.5722806453704834
32,6452177,1,GRU,12,60,0.44837164878845215
33,8427549,0,GRU,12,60,0.07969994843006134
34,6759021,0,GRU,12,60,0.19370777904987335
35,7880934,0,GRU,12,60,0.20421206951141357
36,3429043,0,GRU,12,60,0.8169139623641968
37,2115993,1,GRU,12,60,0.40567007660865784
38,11019618,0,GRU,12,60,0.13520708680152893
39,1893158,0,GRU,12,60,0.3051748275756836
40,10146223,0,GRU,12,60,0.4700174927711487
41,3441821,0,GRU,12,60,0.17751337587833405
42,4391589,0,GRU,12,60,0.09771907329559326
43,6504503,0,GRU,12,60,0.02772744745016098
44,1462289,0,GRU,12,60,0.24094873666763306
45,1301122,0,GRU,12,60,0.13523291051387787
46,3618383,0,GRU,12,60,0.4846961200237274
47,10378934,0,GRU,12,60,0.588556170463562
48,6939186,0,GRU,12,60,0.5421016216278076
49,6808059,0,GRU,12,60,0.19975025951862335
50,10313516,0,GRU,12,60,0.43033793568611145
51,7379114,0,GRU,12,60,0.41641685366630554
52,8311713,1,GRU,12,60,0.37209799885749817
53,3243039,0,GRU,12,60,0.06838293373584747
54,634821,0,GRU,12,60,0.3559339642524719
55,9241417,0,GRU,12,60,0.21828901767730713
56,8932838,0,GRU,12,60,0.5901625752449036
57,10420144,0,GRU,12,60,0.4519428014755249
58,6659608,0,GRU,12,60,0.5775721669197083
59,2984944,0,GRU,12,60,0.8662168979644775
60,9719251,0,GRU,12,60,0.5711942911148071
61,539682,0,GRU,12,60,0.20370370149612427
62,3490662,0,GRU,12,60,0.8227726221084595
63,642571,0,GRU,12,60,0.08081215620040894
64,6085551,0,GRU,12,60,0.2869579792022705
65,3450089,0,GRU,12,60,0.2382378876209259
66,2050332,0,GRU,12,60,0.15397164225578308
67,8097011,0,GRU,12,60,0.05652977153658867
68,1095309,0,GRU,12,60,0.732025146484375
69,5850717,0,GRU,12,60,0.16961397230625153
70,520239,0,GRU,12,60,0.5302339792251587
71,11537607,0,GRU,12,60,0.5998313426971436
72,10362211,0,GRU,12,60,0.7703224420547485
73,1853221,0,GRU,12,60,0.47194722294807434
74,5743906,0,GRU,12,60,0.35002440214157104
75,3655672,0,GRU,12,60,0.2495119869709015
76,8018657,0,GRU,12,60,0.09011615812778473
77,7965009,0,GRU,12,60,0.12175512313842773
78,10876281,0,GRU,12,60,0.05553693324327469
79,218606,0,GRU,12,60,0.39357468485832214
80,4573881,0,GRU,12,60,0.08929213136434555
81,1153294,0,GRU,12,60,0.17715506255626678
82,2433847,0,GRU,12,60,0.04303596913814545
83,5498504,0,GRU,12,60,0.16797107458114624
84,4353957,1,GRU,12,60,0.6162283420562744
85,810662,0,GRU,12,60,0.09170296788215637
86,5288319,0,GRU,12,60,0.13138146698474884
87,7022768,0,GRU,12,60,0.5501134395599365
88,5169273,0,GRU,12,60,0.20262734591960907
89,2660248,0,GRU,12,60,0.16818660497665405
90,4934523,1,GRU,12,60,0.8767462968826294
91,2144042,0,GRU,12,60,0.5052782297134399
92,3934133,0,GRU,12,60,0.45887523889541626
93,9342374,0,GRU,12,60,0.013477792963385582
94,4469039,0,GRU,12,60,0.8741047382354736
95,12844,0,GRU,12,60,0.28252190351486206
96,5139816,0,GRU,12,60,0.5891741514205933
97,7871211,0,GRU,12,60,0.6675941944122314
98,8844818,0,GRU,12,60,0.08410120010375977
99,1841057,0,GRU,12,60,0.05848520249128342
100,1923039,0,GRU,12,60,0.5992772579193115
1,5714601,0,GRU + Attention,12,60,0.15279699862003326
2,6499887,0,GRU + Attention,12,60,0.4405663311481476
3,4550493,0,GRU + Attention,12,60,0.24469828605651855
4,11466673,0,GRU + Attention,12,60,0.06899150460958481
5,2479601,0,GRU + Attention,12,60,0.7037945985794067
6,8378544,0,GRU + Attention,12,60,0.668537974357605
7,9201661,0,GRU + Attention,12,60,0.2462211400270462
8,330739,0,GRU + Attention,12,60,0.05503237247467041
9,901826,0,GRU + Attention,12,60,0.2560481131076813
10,1972573,0,GRU + Attention,12,60,0.43281665444374084
11,7509166,0,GRU + Attention,12,60,0.15357302129268646
12,3752798,0,GRU + Attention,12,60,0.10692659765481949
13,7013909,0,GRU + Attention,12,60,0.7937448620796204
14,563996,0,GRU + Attention,12,60,0.23524703085422516
15,5171809,0,GRU + Attention,12,60,0.02592359110713005
16,3053337,0,GRU + Attention,12,60,0.08074164390563965
17,3675893,0,GRU + Attention,12,60,0.27796971797943115
18,724622,0,GRU + Attention,12,60,0.05913478881120682
19,7449726,0,GRU + Attention,12,60,0.07420603185892105
20,5918297,0,GRU + Attention,12,60,0.6459901332855225
21,10779582,0,GRU + Attention,12,60,0.053169384598731995
22,6537621,0,GRU + Attention,12,60,0.44332975149154663
23,5495648,0,GRU + Attention,12,60,0.05045077204704285
24,7391994,0,GRU + Attention,12,60,0.2027672380208969
25,3110284,0,GRU + Attention,12,60,0.5037753582000732
26,8677719,0,GRU + Attention,12,60,0.30430060625076294
27,9504487,0,GRU + Attention,12,60,0.15823252499103546
28,6158348,0,GRU + Attention,12,60,0.2642577588558197
29,10690171,0,GRU + Attention,12,60,0.6967718005180359
30,3131218,0,GRU + Attention,12,60,0.7434216737747192
31,2285187,0,GRU + Attention,12,60,0.6134014129638672
32,6452177,1,GRU + Attention,12,60,0.5439571142196655
33,8427549,0,GRU + Attention,12,60,0.026876229792833328
34,6759021,0,GRU + Attention,12,60,0.06944780051708221
35,7880934,0,GRU + Attention,12,60,0.2679242193698883
36,3429043,0,GRU + Attention,12,60,0.7935614585876465
37,2115993,1,GRU + Attention,12,60,0.3040444552898407
38,11019618,0,GRU + Attention,12,60,0.44563788175582886
39,1893158,0,GRU + Attention,12,60,0.1852099895477295
40,10146223,0,GRU + Attention,12,60,0.48628243803977966
41,3441821,0,GRU + Attention,12,60,0.16411437094211578
42,4391589,0,GRU + Attention,12,60,0.07175213098526001
43,6504503,0,GRU + Attention,12,60,0.029736271128058434
44,1462289,0,GRU + Attention,12,60,0.07394343614578247
45,1301122,0,GRU + Attention,12,60,0.13526934385299683
46,3618383,0,GRU + Attention,12,60,0.5894755125045776
47,10378934,0,GRU + Attention,12,60,0.5625726580619812
48,6939186,0,GRU + Attention,12,60,0.46947115659713745
49,6808059,0,GRU + Attention,12,60,0.19185224175453186
50,10313516,0,GRU + Attention,12,60,0.47044360637664795
51,7379114,0,GRU + Attention,12,60,0.4188493490219116
52,8311713,1,GRU + Attention,12,60,0.34398889541625977
53,3243039,0,GRU + Attention,12,60,0.12191490083932877
54,634821,0,GRU + Attention,12,60,0.3055143356323242
55,9241417,0,GRU + Attention,12,60,0.16850200295448303
56,8932838,0,GRU + Attention,12,60,0.47241881489753723
57,10420144,0,GRU + Attention,12,60,0.4574991762638092
58,6659608,0,GRU + Attention,12,60,0.4187174439430237
59,2984944,0,GRU + Attention,12,60,0.770468533039093
60,9719251,0,GRU + Attention,12,60,0.4799768030643463
61,539682,0,GRU + Attention,12,60,0.15479981899261475
62,3490662,0,GRU + Attention,12,60,0.6450645327568054
63,642571,0,GRU + Attention,12,60,0.20953847467899323
64,6085551,0,GRU + Attention,12,60,0.2766658365726471
65,3450089,0,GRU + Attention,12,60,0.2795129716396332
66,2050332,0,GRU + Attention,12,60,0.2544005811214447
67,8097011,0,GRU + Attention,12,60,0.026298604905605316
68,1095309,0,GRU + Attention,12,60,0.6158959269523621
69,5850717,0,GRU + Attention,12,60,0.22222161293029785
70,520239,0,GRU + Attention,12,60,0.6564062833786011
71,11537607,0,GRU + Attention,12,60,0.6425619125366211
72,10362211,0,GRU + Attention,12,60,0.7750067710876465
73,1853221,0,GRU + Attention,12,60,0.4710800051689148
74,5743906,0,GRU + Attention,12,60,0.2454993575811386
75,3655672,0,GRU + Attention,12,60,0.10644792765378952
76,8018657,0,GRU + Attention,12,60,0.0536329448223114
77,7965009,0,GRU + Attention,12,60,0.039907265454530716
78,10876281,0,GRU + Attention,12,60,0.020739534869790077
79,218606,0,GRU + Attention,12,60,0.4358731210231781
80,4573881,0,GRU + Attention,12,60,0.060949455946683884
81,1153294,0,GRU + Attention,12,60,0.3873513340950012
82,2433847,0,GRU + Attention,12,60,0.21199166774749756
83,5498504,0,GRU + Attention,12,60,0.16470429301261902
84,4353957,1,GRU + Attention,12,60,0.4454926550388336
85,810662,0,GRU + Attention,12,60,0.0659417137503624
86,5288319,0,GRU + Attention,12,60,0.12126506865024567
87,7022768,0,GRU + Attention,12,60,0.5043150186538696
88,5169273,0,GRU + Attention,12,60,0.1426401138305664
89,2660248,0,GRU + Attention,12,60,0.2249070107936859
90,4934523,1,GRU + Attention,12,60,0.8029828071594238
91,2144042,0,GRU + Attention,12,60,0.5837067365646362
92,3934133,0,GRU + Attention,12,60,0.4388374984264374
93,9342374,0,GRU + Attention,12,60,0.04236501455307007
94,4469039,0,GRU + Attention,12,60,0.7417140007019043
95,12844,0,GRU + Attention,12,60,0.22795087099075317
96,5139816,0,GRU + Attention,12,60,0.5745182037353516
97,7871211,0,GRU + Attention,12,60,0.5134992599487305
98,8844818,0,GRU + Attention,12,60,0.07093531638383865
99,1841057,0,GRU + Attention,12,60,0.053150590509176254
100,1923039,0,GRU + Attention,12,60,0.48020610213279724
1,5714601,0,XGBoost,12,60,0.35705167055130005
2,6499887,0,XGBoost,12,60,0.3221989870071411
3,4550493,0,XGBoost,12,60,0.2809368968009949
4,11466673,0,XGBoost,12,60,0.6626734137535095
5,2479601,0,XGBoost,12,60,0.3610534071922302
6,8378544,0,XGBoost,12,60,0.5193779468536377
7,9201661,0,XGBoost,12,60,0.38976189494132996
8,330739,0,XGBoost,12,60,0.25060349702835083
9,901826,0,XGBoost,12,60,0.28869107365608215
10,1972573,0,XGBoost,12,60,0.3179788291454315
11,7509166,0,XGBoost,12,60,0.12972921133041382
12,3752798,0,XGBoost,12,60,0.2390517294406891
13,7013909,0,XGBoost,12,60,0.6809470057487488
14,563996,0,XGBoost,12,60,0.053786538541316986
15,5171809,0,XGBoost,12,60,0.21463528275489807
16,3053337,0,XGBoost,12,60,0.4281827211380005
17,3675893,0,XGBoost,12,60,0.2087317407131195
18,724622,0,XGBoost,12,60,0.21702797710895538
19,7449726,0,XGBoost,12,60,0.35620149970054626
20,5918297,0,XGBoost,12,60,0.8057995438575745
21,10779582,0,XGBoost,12,60,0.17885178327560425
22,6537621,0,XGBoost,12,60,0.34208211302757263
23,5495648,0,XGBoost,12,60,0.19335174560546875
24,7391994,0,XGBoost,12,60,0.13235601782798767
25,3110284,0,XGBoost,12,60,0.06947813183069229
26,8677719,0,XGBoost,12,60,0.10776559263467789
27,9504487,0,XGBoost,12,60,0.17444215714931488
28,6158348,0,XGBoost,12,60,0.11429335922002792
29,10690171,0,XGBoost,12,60,0.32910358905792236
30,3131218,0,XGBoost,12,60,0.19581452012062073
31,2285187,0,XGBoost,12,60,0.5143174529075623
32,6452177,1,XGBoost,12,60,0.4925038814544678
33,8427549,0,XGBoost,12,60,0.15695072710514069
34,6759021,0,XGBoost,12,60,0.253925621509552
35,7880934,0,XGBoost,12,60,0.2633146345615387
36,3429043,0,XGBoost,12,60,0.6995301246643066
37,2115993,1,XGBoost,12,60,0.5974657535552979
38,11019618,0,XGBoost,12,60,0.7681820392608643
39,1893158,0,XGBoost,12,60,0.22251445055007935
40,10146223,0,XGBoost,12,60,0.263531357049942
41,3441821,0,XGBoost,12,60,0.2373708188533783
42,4391589,0,XGBoost,12,60,0.1767314076423645
43,6504503,0,XGBoost,12,60,0.14818882942199707
44,1462289,0,XGBoost,12,60,0.3048743009567261
45,1301122,0,XGBoost,12,60,0.26257431507110596
46,3618383,0,XGBoost,12,60,0.4089774787425995
47,10378934,0,XGBoost,12,60,0.36281538009643555
48,6939186,0,XGBoost,12,60,0.21220745146274567
49,6808059,0,XGBoost,12,60,0.31204694509506226
50,10313516,0,XGBoost,12,60,0.6490473747253418
51,7379114,0,XGBoost,12,60,0.27200624346733093
52,8311713,1,XGBoost,12,60,0.180783212184906
53,3243039,0,XGBoost,12,60,0.20990507304668427
54,634821,0,XGBoost,12,60,0.2590198516845703
55,9241417,0,XGBoost,12,60,0.10804428160190582
56,8932838,0,XGBoost,12,60,0.35896703600883484
57,10420144,0,XGBoost,12,60,0.35261788964271545
58,6659608,0,XGBoost,12,60,0.1376405507326126
59,2984944,0,XGBoost,12,60,0.2541225850582123
60,9719251,0,XGBoost,12,60,0.555887758731842
61,539682,0,XGBoost,12,60,0.1097053587436676
62,3490662,0,XGBoost,12,60,0.815837562084198
63,642571,0,XGBoost,12,60,0.6122390627861023
64,6085551,0,XGBoost,12,60,0.3621041178703308
65,3450089,0,XGBoost,12,60,0.1951894611120224
66,2050332,0,XGBoost,12,60,0.2760881185531616
67,8097011,0,XGBoost,12,60,0.18767717480659485
68,1095309,0,XGBoost,12,60,0.7467628121376038
69,5850717,0,XGBoost,12,60,0.23260639607906342
70,520239,0,XGBoost,12,60,0.5415322184562683
71,11537607,0,XGBoost,12,60,0.6981188058853149
72,10362211,0,XGBoost,12,60,0.8468652963638306
73,1853221,0,XGBoost,12,60,0.24216334521770477
74,5743906,0,XGBoost,12,60,0.2865513861179352
75,3655672,0,XGBoost,12,60,0.1385006606578827
76,8018657,0,XGBoost,12,60,0.18581220507621765
77,7965009,0,XGBoost,12,60,0.08078313618898392
78,10876281,0,XGBoost,12,60,0.1269720047712326
79,218606,0,XGBoost,12,60,0.288532555103302
80,4573881,0,XGBoost,12,60,0.5602272748947144
81,1153294,0,XGBoost,12,60,0.35116204619407654
82,2433847,0,XGBoost,12,60,0.37694817781448364
83,5498504,0,XGBoost,12,60,0.26789841055870056
84,4353957,1,XGBoost,12,60,0.44062766432762146
85,810662,0,XGBoost,12,60,0.3204304277896881
86,5288319,0,XGBoost,12,60,0.19696806371212006
87,7022768,0,XGBoost,12,60,0.4279342293739319
88,5169273,0,XGBoost,12,60,0.16963571310043335
89,2660248,0,XGBoost,12,60,0.22413933277130127
90,4934523,1,XGBoost,12,60,0.6029711961746216
91,2144042,0,XGBoost,12,60,0.320136696100235
92,3934133,0,XGBoost,12,60,0.3339240550994873
93,9342374,0,XGBoost,12,60,0.22784703969955444
94,4469039,0,XGBoost,12,60,0.3076510727405548
95,12844,0,XGBoost,12,60,0.14351074397563934
96,5139816,0,XGBoost,12,60,0.19713222980499268
97,7871211,0,XGBoost,12,60,0.2762589752674103
98,8844818,0,XGBoost,12,60,0.3678364157676697
99,1841057,0,XGBoost,12,60,0.15729950368404388
100,1923039,0,XGBoost,12,60,0.7203470468521118
1,5714601,0,LightGBM,12,60,0.4376713283818007
2,6499887,0,LightGBM,12,60,0.35275194954777367
3,4550493,0,LightGBM,12,60,0.21737600726672385
4,11466673,0,LightGBM,12,60,0.7668871764620019
5,2479601,0,LightGBM,12,60,0.3698912010738117
6,8378544,0,LightGBM,12,60,0.5225674659075492
7,9201661,0,LightGBM,12,60,0.34378856383594014
8,330739,0,LightGBM,12,60,0.2843877999954899
9,901826,0,LightGBM,12,60,0.24060248729071315
10,1972573,0,LightGBM,12,60,0.2735944470381312
11,7509166,0,LightGBM,12,60,0.15974833764330074
12,3752798,0,LightGBM,12,60,0.335536298897958
13,7013909,0,LightGBM,12,60,0.6233413035563523
14,563996,0,LightGBM,12,60,0.05630760711469738
15,5171809,0,LightGBM,12,60,0.1841715623412984
16,3053337,0,LightGBM,12,60,0.3586166592441869
17,3675893,0,LightGBM,12,60,0.20208429303524955
18,724622,0,LightGBM,12,60,0.23549592128583946
19,7449726,0,LightGBM,12,60,0.4618646144037875
20,5918297,0,LightGBM,12,60,0.7447445475612208
21,10779582,0,LightGBM,12,60,0.2520038825706185
22,6537621,0,LightGBM,12,60,0.299983182594607
23,5495648,0,LightGBM,12,60,0.23603718895669218
24,7391994,0,LightGBM,12,60,0.22523218803994718
25,3110284,0,LightGBM,12,60,0.37664625204032093
26,8677719,0,LightGBM,12,60,0.16917009620516654
27,9504487,0,LightGBM,12,60,0.1950661631116867
28,6158348,0,LightGBM,12,60,0.16801474090090449
29,10690171,0,LightGBM,12,60,0.30058461475145615
30,3131218,0,LightGBM,12,60,0.23319252123911388
31,2285187,0,LightGBM,12,60,0.4952489955728366
32,6452177,1,LightGBM,12,60,0.5141987384227119
33,8427549,0,LightGBM,12,60,0.15932039548145632
34,6759021,0,LightGBM,12,60,0.2128594491278186
35,7880934,0,LightGBM,12,60,0.24664426634339948
36,3429043,0,LightGBM,12,60,0.6680931673355603
37,2115993,1,LightGBM,12,60,0.5533708501936493
38,11019618,0,LightGBM,12,60,0.6233711923991555
39,1893158,0,LightGBM,12,60,0.22845083812681996
40,10146223,0,LightGBM,12,60,0.2883065568891745
41,3441821,0,LightGBM,12,60,0.3253090200836091
42,4391589,0,LightGBM,12,60,0.2574876485708592
43,6504503,0,LightGBM,12,60,0.14575715556493443
44,1462289,0,LightGBM,12,60,0.26990900768551374
45,1301122,0,LightGBM,12,60,0.25217307517737036
46,3618383,0,LightGBM,12,60,0.42074563182418084
47,10378934,0,LightGBM,12,60,0.37761960033561487
48,6939186,0,LightGBM,12,60,0.16101183079436526
49,6808059,0,LightGBM,12,60,0.2393512913309713
50,10313516,0,LightGBM,12,60,0.39290505950109783
51,7379114,0,LightGBM,12,60,0.14022505935857615
52,8311713,1,LightGBM,12,60,0.21957454196569143
53,3243039,0,LightGBM,12,60,0.2141387321258541
54,634821,0,LightGBM,12,60,0.32925775931752965
55,9241417,0,LightGBM,12,60,0.12560953067348138
56,8932838,0,LightGBM,12,60,0.2747043023560826
57,10420144,0,LightGBM,12,60,0.29691987600056835
58,6659608,0,LightGBM,12,60,0.1801937140222199
59,2984944,0,LightGBM,12,60,0.19974818927046378
60,9719251,0,LightGBM,12,60,0.594898976028137
61,539682,0,LightGBM,12,60,0.14211951322564123
62,3490662,0,LightGBM,12,60,0.7964851021573407
63,642571,0,LightGBM,12,60,0.637394614097837
64,6085551,0,LightGBM,12,60,0.3010554276570269
65,3450089,0,LightGBM,12,60,0.26119304191206005
66,2050332,0,LightGBM,12,60,0.28911227857210114
67,8097011,0,LightGBM,12,60,0.3479905419556257
68,1095309,0,LightGBM,12,60,0.7200164117042996
69,5850717,0,LightGBM,12,60,0.27344341878292955
70,520239,0,LightGBM,12,60,0.44704706894650403
71,11537607,0,LightGBM,12,60,0.6976214118999005
72,10362211,0,LightGBM,12,60,0.8239715163755469
73,1853221,0,LightGBM,12,60,0.220730848625582
74,5743906,0,LightGBM,12,60,0.25117901683556043
75,3655672,0,LightGBM,12,60,0.16425938985000313
76,8018657,0,LightGBM,12,60,0.1887433124852138
77,7965009,0,LightGBM,12,60,0.10097653624724534
78,10876281,0,LightGBM,12,60,0.19307431100283162
79,218606,0,LightGBM,12,60,0.300283522619926
80,4573881,0,LightGBM,12,60,0.5491773507945206
81,1153294,0,LightGBM,12,60,0.3403696747110675
82,2433847,0,LightGBM,12,60,0.5404927640263075
83,5498504,0,LightGBM,12,60,0.3103780929408186
84,4353957,1,LightGBM,12,60,0.5818323969941915
85,810662,0,LightGBM,12,60,0.29935413807883726
86,5288319,0,LightGBM,12,60,0.21842031520869956
87,7022768,0,LightGBM,12,60,0.38381386683472135
88,5169273,0,LightGBM,12,60,0.1763134660898513
89,2660248,0,LightGBM,12,60,0.21345935805525473
90,4934523,1,LightGBM,12,60,0.7574641959587948
91,2144042,0,LightGBM,12,60,0.2886275993843235
92,3934133,0,LightGBM,12,60,0.31909942901468047
93,9342374,0,LightGBM,12,60,0.30949900474901604
94,4469039,0,LightGBM,12,60,0.3174294520751959
95,12844,0,LightGBM,12,60,0.17656965599702165
96,5139816,0,LightGBM,12,60,0.20322771817917124
97,7871211,0,LightGBM,12,60,0.2756367419198893
98,8844818,0,LightGBM,12,60,0.5357257435014604
99,1841057,0,LightGBM,12,60,0.2246060755714671
100,1923039,0,LightGBM,12,60,0.7841149185044898
1,5714601,0,LSTM,13,65,0.016416577622294426
2,6499887,0,LSTM,13,65,0.7092006802558899
3,4550493,0,LSTM,13,65,0.022363008931279182
4,11466673,0,LSTM,13,65,0.008046520873904228
5,2479601,0,LSTM,13,65,0.7691100835800171
6,8378544,0,LSTM,13,65,0.8821932077407837
7,9201661,0,LSTM,13,65,0.051011208444833755
8,330739,0,LSTM,13,65,0.015048692934215069
9,901826,0,LSTM,13,65,0.693037748336792
10,1972573,0,LSTM,13,65,0.6342996954917908
11,7509166,0,LSTM,13,65,0.18927879631519318
12,3752798,0,LSTM,13,65,0.11447857320308685
13,7013909,0,LSTM,13,65,0.9128772020339966
14,563996,0,LSTM,13,65,0.28883516788482666
15,5171809,0,LSTM,13,65,0.02830030396580696
16,3053337,0,LSTM,13,65,0.06921771913766861
17,3675893,0,LSTM,13,65,0.24068428575992584
18,724622,0,LSTM,13,65,0.025681518018245697
19,7449726,0,LSTM,13,65,0.06800811737775803
20,5918297,0,LSTM,13,65,0.8145158886909485
21,10779582,0,LSTM,13,65,0.007914034649729729
22,6537621,0,LSTM,13,65,0.2271757423877716
23,5495648,0,LSTM,13,65,0.008005473762750626
24,7391994,0,LSTM,13,65,0.14547638595104218
25,3110284,0,LSTM,13,65,0.5405301451683044
26,8677719,0,LSTM,13,65,0.10530536621809006
27,9504487,0,LSTM,13,65,0.06412068754434586
28,6158348,0,LSTM,13,65,0.39300888776779175
29,10690171,0,LSTM,13,65,0.7565160393714905
30,3131218,0,LSTM,13,65,0.7969353199005127
31,2285187,0,LSTM,13,65,0.6791883707046509
32,6452177,1,LSTM,13,65,0.5313206911087036
33,8427549,0,LSTM,13,65,0.01895487867295742
34,6759021,0,LSTM,13,65,0.08070220798254013
35,7880934,0,LSTM,13,65,0.2023974508047104
36,3429043,0,LSTM,13,65,0.9213143587112427
37,2115993,1,LSTM,13,65,0.46707579493522644
38,11019618,0,LSTM,13,65,0.05113445222377777
39,1893158,0,LSTM,13,65,0.4308268129825592
40,10146223,0,LSTM,13,65,0.5556971430778503
41,3441821,0,LSTM,13,65,0.11213774234056473
42,4391589,0,LSTM,13,65,0.02096545696258545
43,6504503,0,LSTM,13,65,0.00912417471408844
44,1462289,0,LSTM,13,65,0.13075919449329376
45,1301122,0,LSTM,13,65,0.09026648104190826
46,3618383,0,LSTM,13,65,0.5595064163208008
47,10378934,0,LSTM,13,65,0.6844996213912964
48,6939186,0,LSTM,13,65,0.43462827801704407
49,6808059,0,LSTM,13,65,0.10448160022497177
50,10313516,0,LSTM,13,65,0.3467976450920105
51,7379114,0,LSTM,13,65,0.3463798463344574
52,8311713,1,LSTM,13,65,0.26959124207496643
53,3243039,0,LSTM,13,65,0.01588551327586174
54,634821,0,LSTM,13,65,0.25362759828567505
55,9241417,0,LSTM,13,65,0.17385032773017883
56,8932838,0,LSTM,13,65,0.6008442640304565
57,10420144,0,LSTM,13,65,0.49150148034095764
58,6659608,0,LSTM,13,65,0.7255256772041321
59,2984944,0,LSTM,13,65,0.860795795917511
60,9719251,0,LSTM,13,65,0.7284903526306152
61,539682,0,LSTM,13,65,0.13393272459506989
62,3490662,0,LSTM,13,65,0.8921526074409485
63,642571,0,LSTM,13,65,0.027009863406419754
64,6085551,0,LSTM,13,65,0.05776634067296982
65,3450089,0,LSTM,13,65,0.28788965940475464
66,2050332,0,LSTM,13,65,0.10886867344379425
67,8097011,0,LSTM,13,65,0.013830387033522129
68,1095309,0,LSTM,13,65,0.890687108039856
69,5850717,0,LSTM,13,65,0.08629495650529861
70,520239,0,LSTM,13,65,0.652927041053772
71,11537607,0,LSTM,13,65,0.807137131690979
72,10362211,0,LSTM,13,65,0.8365100622177124
73,1853221,0,LSTM,13,65,0.4539114534854889
74,5743906,0,LSTM,13,65,0.2739035189151764
75,3655672,0,LSTM,13,65,0.20392650365829468
76,8018657,0,LSTM,13,65,0.04002164676785469
77,7965009,0,LSTM,13,65,0.07883325219154358
78,10876281,0,LSTM,13,65,0.011722528375685215
79,218606,0,LSTM,13,65,0.38726621866226196
80,4573881,0,LSTM,13,65,0.0968647450208664
81,1153294,0,LSTM,13,65,0.12520889937877655
82,2433847,0,LSTM,13,65,0.00498506985604763
83,5498504,0,LSTM,13,65,0.13700154423713684
84,4353957,1,LSTM,13,65,0.1690312772989273
85,810662,0,LSTM,13,65,0.009272124618291855
86,5288319,0,LSTM,13,65,0.08693596720695496
87,7022768,0,LSTM,13,65,0.592370331287384
88,5169273,0,LSTM,13,65,0.1612509936094284
89,2660248,0,LSTM,13,65,0.13982190191745758
90,4934523,1,LSTM,13,65,0.8940950036048889
91,2144042,0,LSTM,13,65,0.6229214668273926
92,3934133,0,LSTM,13,65,0.56464684009552
93,9342374,0,LSTM,13,65,0.0018093108665198088
94,4469039,0,LSTM,13,65,0.9026880264282227
95,12844,0,LSTM,13,65,0.18661455810070038
96,5139816,0,LSTM,13,65,0.6934629678726196
97,7871211,0,LSTM,13,65,0.6713130474090576
98,8844818,0,LSTM,13,65,0.015860911458730698
99,1841057,0,LSTM,13,65,0.015984827652573586
100,1923039,0,LSTM,13,65,0.03194760903716087
1,5714601,0,GRU,13,65,0.11945638805627823
2,6499887,0,GRU,13,65,0.46364718675613403
3,4550493,0,GRU,13,65,0.1840951144695282
4,11466673,0,GRU,13,65,0.05239880830049515
5,2479601,0,GRU,13,65,0.692300021648407
6,8378544,0,GRU,13,65,0.7999123930931091
7,9201661,0,GRU,13,65,0.30284973978996277
8,330739,0,GRU,13,65,0.05503307282924652
9,901826,0,GRU,13,65,0.41073504090309143
10,1972573,0,GRU,13,65,0.442160427570343
11,7509166,0,GRU,13,65,0.22602319717407227
12,3752798,0,GRU,13,65,0.14066828787326813
13,7013909,0,GRU,13,65,0.7577590346336365
14,563996,0,GRU,13,65,0.34938547015190125
15,5171809,0,GRU,13,65,0.0681556910276413
16,3053337,0,GRU,13,65,0.024462640285491943
17,3675893,0,GRU,13,65,0.2983759343624115
18,724622,0,GRU,13,65,0.05532084032893181
19,7449726,0,GRU,13,65,0.12159034609794617
20,5918297,0,GRU,13,65,0.7720685005187988
21,10779582,0,GRU,13,65,0.050310540944337845
22,6537621,0,GRU,13,65,0.28455379605293274
23,5495648,0,GRU,13,65,0.022028056904673576
24,7391994,0,GRU,13,65,0.15484492480754852
25,3110284,0,GRU,13,65,0.46277034282684326
26,8677719,0,GRU,13,65,0.19313646852970123
27,9504487,0,GRU,13,65,0.09903629124164581
28,6158348,0,GRU,13,65,0.4510163366794586
29,10690171,0,GRU,13,65,0.568976640701294
30,3131218,0,GRU,13,65,0.6578792333602905
31,2285187,0,GRU,13,65,0.5722806453704834
32,6452177,1,GRU,13,65,0.44837164878845215
33,8427549,0,GRU,13,65,0.07969994843006134
34,6759021,0,GRU,13,65,0.19370777904987335
35,7880934,0,GRU,13,65,0.20421206951141357
36,3429043,0,GRU,13,65,0.8169139623641968
37,2115993,1,GRU,13,65,0.40567007660865784
38,11019618,0,GRU,13,65,0.13520708680152893
39,1893158,0,GRU,13,65,0.3051748275756836
40,10146223,0,GRU,13,65,0.4700174927711487
41,3441821,0,GRU,13,65,0.17751337587833405
42,4391589,0,GRU,13,65,0.09771907329559326
43,6504503,0,GRU,13,65,0.02772744745016098
44,1462289,0,GRU,13,65,0.24094873666763306
45,1301122,0,GRU,13,65,0.13523291051387787
46,3618383,0,GRU,13,65,0.4846961200237274
47,10378934,0,GRU,13,65,0.588556170463562
48,6939186,0,GRU,13,65,0.5421016216278076
49,6808059,0,GRU,13,65,0.19975025951862335
50,10313516,0,GRU,13,65,0.43033793568611145
51,7379114,0,GRU,13,65,0.41641685366630554
52,8311713,1,GRU,13,65,0.37209799885749817
53,3243039,0,GRU,13,65,0.06838293373584747
54,634821,0,GRU,13,65,0.3559339642524719
55,9241417,0,GRU,13,65,0.21828901767730713
56,8932838,0,GRU,13,65,0.5901625752449036
57,10420144,0,GRU,13,65,0.4519428014755249
58,6659608,0,GRU,13,65,0.5775721669197083
59,2984944,0,GRU,13,65,0.8662168979644775
60,9719251,0,GRU,13,65,0.5711942911148071
61,539682,0,GRU,13,65,0.20370370149612427
62,3490662,0,GRU,13,65,0.8227726221084595
63,642571,0,GRU,13,65,0.08081215620040894
64,6085551,0,GRU,13,65,0.2869579792022705
65,3450089,0,GRU,13,65,0.2382378876209259
66,2050332,0,GRU,13,65,0.15397164225578308
67,8097011,0,GRU,13,65,0.05652977153658867
68,1095309,0,GRU,13,65,0.732025146484375
69,5850717,0,GRU,13,65,0.16961397230625153
70,520239,0,GRU,13,65,0.5302339792251587
71,11537607,0,GRU,13,65,0.5998313426971436
72,10362211,0,GRU,13,65,0.48429954051971436
73,1853221,0,GRU,13,65,0.47194722294807434
74,5743906,0,GRU,13,65,0.35002440214157104
75,3655672,0,GRU,13,65,0.2495119869709015
76,8018657,0,GRU,13,65,0.09011615812778473
77,7965009,0,GRU,13,65,0.12175512313842773
78,10876281,0,GRU,13,65,0.05553693324327469
79,218606,0,GRU,13,65,0.39357468485832214
80,4573881,0,GRU,13,65,0.08929213136434555
81,1153294,0,GRU,13,65,0.17715506255626678
82,2433847,0,GRU,13,65,0.04303596913814545
83,5498504,0,GRU,13,65,0.16797107458114624
84,4353957,1,GRU,13,65,0.6162283420562744
85,810662,0,GRU,13,65,0.09170296788215637
86,5288319,0,GRU,13,65,0.13138146698474884
87,7022768,0,GRU,13,65,0.5501134395599365
88,5169273,0,GRU,13,65,0.20262734591960907
89,2660248,0,GRU,13,65,0.16818660497665405
90,4934523,1,GRU,13,65,0.8767462968826294
91,2144042,0,GRU,13,65,0.5052782297134399
92,3934133,0,GRU,13,65,0.45887523889541626
93,9342374,0,GRU,13,65,0.013477792963385582
94,4469039,0,GRU,13,65,0.8741047382354736
95,12844,0,GRU,13,65,0.28252190351486206
96,5139816,0,GRU,13,65,0.5891741514205933
97,7871211,0,GRU,13,65,0.6675941944122314
98,8844818,0,GRU,13,65,0.08410120010375977
99,1841057,0,GRU,13,65,0.05848520249128342
100,1923039,0,GRU,13,65,0.11624342948198318
1,5714601,0,GRU + Attention,13,65,0.15279699862003326
2,6499887,0,GRU + Attention,13,65,0.4405663311481476
3,4550493,0,GRU + Attention,13,65,0.24469828605651855
4,11466673,0,GRU + Attention,13,65,0.06899150460958481
5,2479601,0,GRU + Attention,13,65,0.7037945985794067
6,8378544,0,GRU + Attention,13,65,0.668537974357605
7,9201661,0,GRU + Attention,13,65,0.2462211400270462
8,330739,0,GRU + Attention,13,65,0.05503237247467041
9,901826,0,GRU + Attention,13,65,0.2560481131076813
10,1972573,0,GRU + Attention,13,65,0.43281665444374084
11,7509166,0,GRU + Attention,13,65,0.15357302129268646
12,3752798,0,GRU + Attention,13,65,0.10692659765481949
13,7013909,0,GRU + Attention,13,65,0.7937448620796204
14,563996,0,GRU + Attention,13,65,0.23524703085422516
15,5171809,0,GRU + Attention,13,65,0.02592359110713005
16,3053337,0,GRU + Attention,13,65,0.08074164390563965
17,3675893,0,GRU + Attention,13,65,0.27796971797943115
18,724622,0,GRU + Attention,13,65,0.05913478881120682
19,7449726,0,GRU + Attention,13,65,0.07420603185892105
20,5918297,0,GRU + Attention,13,65,0.6436530351638794
21,10779582,0,GRU + Attention,13,65,0.053169384598731995
22,6537621,0,GRU + Attention,13,65,0.44332975149154663
23,5495648,0,GRU + Attention,13,65,0.05045077204704285
24,7391994,0,GRU + Attention,13,65,0.2027672380208969
25,3110284,0,GRU + Attention,13,65,0.5037753582000732
26,8677719,0,GRU + Attention,13,65,0.30430060625076294
27,9504487,0,GRU + Attention,13,65,0.15823252499103546
28,6158348,0,GRU + Attention,13,65,0.2642577588558197
29,10690171,0,GRU + Attention,13,65,0.6967718005180359
30,3131218,0,GRU + Attention,13,65,0.7434216737747192
31,2285187,0,GRU + Attention,13,65,0.6134014129638672
32,6452177,1,GRU + Attention,13,65,0.5439571142196655
33,8427549,0,GRU + Attention,13,65,0.026876229792833328
34,6759021,0,GRU + Attention,13,65,0.06944780051708221
35,7880934,0,GRU + Attention,13,65,0.2679242193698883
36,3429043,0,GRU + Attention,13,65,0.7935614585876465
37,2115993,1,GRU + Attention,13,65,0.3040444552898407
38,11019618,0,GRU + Attention,13,65,0.44563788175582886
39,1893158,0,GRU + Attention,13,65,0.1852099895477295
40,10146223,0,GRU + Attention,13,65,0.48628243803977966
41,3441821,0,GRU + Attention,13,65,0.16411437094211578
42,4391589,0,GRU + Attention,13,65,0.07175213098526001
43,6504503,0,GRU + Attention,13,65,0.029736271128058434
44,1462289,0,GRU + Attention,13,65,0.07394343614578247
45,1301122,0,GRU + Attention,13,65,0.13526934385299683
46,3618383,0,GRU + Attention,13,65,0.5894755125045776
47,10378934,0,GRU + Attention,13,65,0.5625726580619812
48,6939186,0,GRU + Attention,13,65,0.46947115659713745
49,6808059,0,GRU + Attention,13,65,0.19185224175453186
50,10313516,0,GRU + Attention,13,65,0.47044360637664795
51,7379114,0,GRU + Attention,13,65,0.4188493490219116
52,8311713,1,GRU + Attention,13,65,0.34398889541625977
53,3243039,0,GRU + Attention,13,65,0.12191490083932877
54,634821,0,GRU + Attention,13,65,0.3055143356323242
55,9241417,0,GRU + Attention,13,65,0.16850200295448303
56,8932838,0,GRU + Attention,13,65,0.47241881489753723
57,10420144,0,GRU + Attention,13,65,0.4574991762638092
58,6659608,0,GRU + Attention,13,65,0.4187174439430237
59,2984944,0,GRU + Attention,13,65,0.770468533039093
60,9719251,0,GRU + Attention,13,65,0.4799768030643463
61,539682,0,GRU + Attention,13,65,0.15479981899261475
62,3490662,0,GRU + Attention,13,65,0.6450645327568054
63,642571,0,GRU + Attention,13,65,0.20953847467899323
64,6085551,0,GRU + Attention,13,65,0.2766658365726471
65,3450089,0,GRU + Attention,13,65,0.2795129716396332
66,2050332,0,GRU + Attention,13,65,0.2544005811214447
67,8097011,0,GRU + Attention,13,65,0.026298604905605316
68,1095309,0,GRU + Attention,13,65,0.6158959269523621
69,5850717,0,GRU + Attention,13,65,0.22222161293029785
70,520239,0,GRU + Attention,13,65,0.6564062833786011
71,11537607,0,GRU + Attention,13,65,0.6425619125366211
72,10362211,0,GRU + Attention,13,65,0.7512339353561401
73,1853221,0,GRU + Attention,13,65,0.4710800051689148
74,5743906,0,GRU + Attention,13,65,0.2454993575811386
75,3655672,0,GRU + Attention,13,65,0.10644792765378952
76,8018657,0,GRU + Attention,13,65,0.0536329448223114
77,7965009,0,GRU + Attention,13,65,0.039907265454530716
78,10876281,0,GRU + Attention,13,65,0.020739534869790077
79,218606,0,GRU + Attention,13,65,0.4358731210231781
80,4573881,0,GRU + Attention,13,65,0.060949455946683884
81,1153294,0,GRU + Attention,13,65,0.3873513340950012
82,2433847,0,GRU + Attention,13,65,0.21199166774749756
83,5498504,0,GRU + Attention,13,65,0.16470429301261902
84,4353957,1,GRU + Attention,13,65,0.4454926550388336
85,810662,0,GRU + Attention,13,65,0.0659417137503624
86,5288319,0,GRU + Attention,13,65,0.12126506865024567
87,7022768,0,GRU + Attention,13,65,0.5043150186538696
88,5169273,0,GRU + Attention,13,65,0.1426401138305664
89,2660248,0,GRU + Attention,13,65,0.2249070107936859
90,4934523,1,GRU + Attention,13,65,0.8029828071594238
91,2144042,0,GRU + Attention,13,65,0.5837067365646362
92,3934133,0,GRU + Attention,13,65,0.4388374984264374
93,9342374,0,GRU + Attention,13,65,0.04236501455307007
94,4469039,0,GRU + Attention,13,65,0.7417140007019043
95,12844,0,GRU + Attention,13,65,0.22795087099075317
96,5139816,0,GRU + Attention,13,65,0.5745182037353516
97,7871211,0,GRU + Attention,13,65,0.5134992599487305
98,8844818,0,GRU + Attention,13,65,0.07093531638383865
99,1841057,0,GRU + Attention,13,65,0.053150590509176254
100,1923039,0,GRU + Attention,13,65,0.4203989803791046
1,5714601,0,XGBoost,13,65,0.35705167055130005
2,6499887,0,XGBoost,13,65,0.3221989870071411
3,4550493,0,XGBoost,13,65,0.2809368968009949
4,11466673,0,XGBoost,13,65,0.6626734137535095
5,2479601,0,XGBoost,13,65,0.3610534071922302
6,8378544,0,XGBoost,13,65,0.5193779468536377
7,9201661,0,XGBoost,13,65,0.38976189494132996
8,330739,0,XGBoost,13,65,0.25060349702835083
9,901826,0,XGBoost,13,65,0.28869107365608215
10,1972573,0,XGBoost,13,65,0.3179788291454315
11,7509166,0,XGBoost,13,65,0.12972921133041382
12,3752798,0,XGBoost,13,65,0.2390517294406891
13,7013909,0,XGBoost,13,65,0.6809470057487488
14,563996,0,XGBoost,13,65,0.053786538541316986
15,5171809,0,XGBoost,13,65,0.21463528275489807
16,3053337,0,XGBoost,13,65,0.4281827211380005
17,3675893,0,XGBoost,13,65,0.2087317407131195
18,724622,0,XGBoost,13,65,0.21702797710895538
19,7449726,0,XGBoost,13,65,0.35620149970054626
20,5918297,0,XGBoost,13,65,0.7907218337059021
21,10779582,0,XGBoost,13,65,0.17885178327560425
22,6537621,0,XGBoost,13,65,0.34208211302757263
23,5495648,0,XGBoost,13,65,0.19335174560546875
24,7391994,0,XGBoost,13,65,0.13235601782798767
25,3110284,0,XGBoost,13,65,0.06947813183069229
26,8677719,0,XGBoost,13,65,0.10776559263467789
27,9504487,0,XGBoost,13,65,0.17444215714931488
28,6158348,0,XGBoost,13,65,0.11429335922002792
29,10690171,0,XGBoost,13,65,0.32910358905792236
30,3131218,0,XGBoost,13,65,0.19581452012062073
31,2285187,0,XGBoost,13,65,0.5143174529075623
32,6452177,1,XGBoost,13,65,0.4925038814544678
33,8427549,0,XGBoost,13,65,0.15695072710514069
34,6759021,0,XGBoost,13,65,0.253925621509552
35,7880934,0,XGBoost,13,65,0.2633146345615387
36,3429043,0,XGBoost,13,65,0.6995301246643066
37,2115993,1,XGBoost,13,65,0.5974657535552979
38,11019618,0,XGBoost,13,65,0.7681820392608643
39,1893158,0,XGBoost,13,65,0.22251445055007935
40,10146223,0,XGBoost,13,65,0.263531357049942
41,3441821,0,XGBoost,13,65,0.2373708188533783
42,4391589,0,XGBoost,13,65,0.1767314076423645
43,6504503,0,XGBoost,13,65,0.14818882942199707
44,1462289,0,XGBoost,13,65,0.3048743009567261
45,1301122,0,XGBoost,13,65,0.26257431507110596
46,3618383,0,XGBoost,13,65,0.4089774787425995
47,10378934,0,XGBoost,13,65,0.36281538009643555
48,6939186,0,XGBoost,13,65,0.21220745146274567
49,6808059,0,XGBoost,13,65,0.31204694509506226
50,10313516,0,XGBoost,13,65,0.6490473747253418
51,7379114,0,XGBoost,13,65,0.27200624346733093
52,8311713,1,XGBoost,13,65,0.180783212184906
53,3243039,0,XGBoost,13,65,0.20990507304668427
54,634821,0,XGBoost,13,65,0.2590198516845703
55,9241417,0,XGBoost,13,65,0.10804428160190582
56,8932838,0,XGBoost,13,65,0.35896703600883484
57,10420144,0,XGBoost,13,65,0.35261788964271545
58,6659608,0,XGBoost,13,65,0.1376405507326126
59,2984944,0,XGBoost,13,65,0.2541225850582123
60,9719251,0,XGBoost,13,65,0.555887758731842
61,539682,0,XGBoost,13,65,0.1097053587436676
62,3490662,0,XGBoost,13,65,0.815837562084198
63,642571,0,XGBoost,13,65,0.6122390627861023
64,6085551,0,XGBoost,13,65,0.3621041178703308
65,3450089,0,XGBoost,13,65,0.1951894611120224
66,2050332,0,XGBoost,13,65,0.2760881185531616
67,8097011,0,XGBoost,13,65,0.18767717480659485
68,1095309,0,XGBoost,13,65,0.7467628121376038
69,5850717,0,XGBoost,13,65,0.23260639607906342
70,520239,0,XGBoost,13,65,0.5415322184562683
71,11537607,0,XGBoost,13,65,0.6981188058853149
72,10362211,0,XGBoost,13,65,0.8445691466331482
73,1853221,0,XGBoost,13,65,0.24216334521770477
74,5743906,0,XGBoost,13,65,0.2865513861179352
75,3655672,0,XGBoost,13,65,0.1385006606578827
76,8018657,0,XGBoost,13,65,0.18581220507621765
77,7965009,0,XGBoost,13,65,0.08078313618898392
78,10876281,0,XGBoost,13,65,0.1269720047712326
79,218606,0,XGBoost,13,65,0.288532555103302
80,4573881,0,XGBoost,13,65,0.5602272748947144
81,1153294,0,XGBoost,13,65,0.35116204619407654
82,2433847,0,XGBoost,13,65,0.37694817781448364
83,5498504,0,XGBoost,13,65,0.26789841055870056
84,4353957,1,XGBoost,13,65,0.44062766432762146
85,810662,0,XGBoost,13,65,0.3204304277896881
86,5288319,0,XGBoost,13,65,0.19696806371212006
87,7022768,0,XGBoost,13,65,0.4279342293739319
88,5169273,0,XGBoost,13,65,0.16963571310043335
89,2660248,0,XGBoost,13,65,0.22413933277130127
90,4934523,1,XGBoost,13,65,0.6029711961746216
91,2144042,0,XGBoost,13,65,0.320136696100235
92,3934133,0,XGBoost,13,65,0.3339240550994873
93,9342374,0,XGBoost,13,65,0.22784703969955444
94,4469039,0,XGBoost,13,65,0.3076510727405548
95,12844,0,XGBoost,13,65,0.14351074397563934
96,5139816,0,XGBoost,13,65,0.19713222980499268
97,7871211,0,XGBoost,13,65,0.2762589752674103
98,8844818,0,XGBoost,13,65,0.3678364157676697
99,1841057,0,XGBoost,13,65,0.15729950368404388
100,1923039,0,XGBoost,13,65,0.7509680986404419
1,5714601,0,LightGBM,13,65,0.4376713283818007
2,6499887,0,LightGBM,13,65,0.35275194954777367
3,4550493,0,LightGBM,13,65,0.21737600726672385
4,11466673,0,LightGBM,13,65,0.7668871764620019
5,2479601,0,LightGBM,13,65,0.3698912010738117
6,8378544,0,LightGBM,13,65,0.5225674659075492
7,9201661,0,LightGBM,13,65,0.34378856383594014
8,330739,0,LightGBM,13,65,0.2843877999954899
9,901826,0,LightGBM,13,65,0.24060248729071315
10,1972573,0,LightGBM,13,65,0.2735944470381312
11,7509166,0,LightGBM,13,65,0.15974833764330074
12,3752798,0,LightGBM,13,65,0.335536298897958
13,7013909,0,LightGBM,13,65,0.6233413035563523
14,563996,0,LightGBM,13,65,0.05630760711469738
15,5171809,0,LightGBM,13,65,0.1841715623412984
16,3053337,0,LightGBM,13,65,0.3586166592441869
17,3675893,0,LightGBM,13,65,0.20208429303524955
18,724622,0,LightGBM,13,65,0.23549592128583946
19,7449726,0,LightGBM,13,65,0.4618646144037875
20,5918297,0,LightGBM,13,65,0.7379455098766567
21,10779582,0,LightGBM,13,65,0.2520038825706185
22,6537621,0,LightGBM,13,65,0.299983182594607
23,5495648,0,LightGBM,13,65,0.23603718895669218
24,7391994,0,LightGBM,13,65,0.22523218803994718
25,3110284,0,LightGBM,13,65,0.37664625204032093
26,8677719,0,LightGBM,13,65,0.16917009620516654
27,9504487,0,LightGBM,13,65,0.1950661631116867
28,6158348,0,LightGBM,13,65,0.16801474090090449
29,10690171,0,LightGBM,13,65,0.30058461475145615
30,3131218,0,LightGBM,13,65,0.23319252123911388
31,2285187,0,LightGBM,13,65,0.4952489955728366
32,6452177,1,LightGBM,13,65,0.5141987384227119
33,8427549,0,LightGBM,13,65,0.15932039548145632
34,6759021,0,LightGBM,13,65,0.2128594491278186
35,7880934,0,LightGBM,13,65,0.24664426634339948
36,3429043,0,LightGBM,13,65,0.6680931673355603
37,2115993,1,LightGBM,13,65,0.5533708501936493
38,11019618,0,LightGBM,13,65,0.6233711923991555
39,1893158,0,LightGBM,13,65,0.22845083812681996
40,10146223,0,LightGBM,13,65,0.2883065568891745
41,3441821,0,LightGBM,13,65,0.3253090200836091
42,4391589,0,LightGBM,13,65,0.2574876485708592
43,6504503,0,LightGBM,13,65,0.14575715556493443
44,1462289,0,LightGBM,13,65,0.26990900768551374
45,1301122,0,LightGBM,13,65,0.25217307517737036
46,3618383,0,LightGBM,13,65,0.42074563182418084
47,10378934,0,LightGBM,13,65,0.37761960033561487
48,6939186,0,LightGBM,13,65,0.16101183079436526
49,6808059,0,LightGBM,13,65,0.2393512913309713
50,10313516,0,LightGBM,13,65,0.39290505950109783
51,7379114,0,LightGBM,13,65,0.14022505935857615
52,8311713,1,LightGBM,13,65,0.21957454196569143
53,3243039,0,LightGBM,13,65,0.2141387321258541
54,634821,0,LightGBM,13,65,0.32925775931752965
55,9241417,0,LightGBM,13,65,0.12560953067348138
56,8932838,0,LightGBM,13,65,0.2747043023560826
57,10420144,0,LightGBM,13,65,0.29691987600056835
58,6659608,0,LightGBM,13,65,0.1801937140222199
59,2984944,0,LightGBM,13,65,0.19974818927046378
60,9719251,0,LightGBM,13,65,0.594898976028137
61,539682,0,LightGBM,13,65,0.14211951322564123
62,3490662,0,LightGBM,13,65,0.7964851021573407
63,642571,0,LightGBM,13,65,0.637394614097837
64,6085551,0,LightGBM,13,65,0.3010554276570269
65,3450089,0,LightGBM,13,65,0.26119304191206005
66,2050332,0,LightGBM,13,65,0.28911227857210114
67,8097011,0,LightGBM,13,65,0.3479905419556257
68,1095309,0,LightGBM,13,65,0.7200164117042996
69,5850717,0,LightGBM,13,65,0.27344341878292955
70,520239,0,LightGBM,13,65,0.44704706894650403
71,11537607,0,LightGBM,13,65,0.6976214118999005
72,10362211,0,LightGBM,13,65,0.8173802635057977
73,1853221,0,LightGBM,13,65,0.220730848625582
74,5743906,0,LightGBM,13,65,0.25117901683556043
75,3655672,0,LightGBM,13,65,0.16425938985000313
76,8018657,0,LightGBM,13,65,0.1887433124852138
77,7965009,0,LightGBM,13,65,0.10097653624724534
78,10876281,0,LightGBM,13,65,0.19307431100283162
79,218606,0,LightGBM,13,65,0.300283522619926
80,4573881,0,LightGBM,13,65,0.5491773507945206
81,1153294,0,LightGBM,13,65,0.3403696747110675
82,2433847,0,LightGBM,13,65,0.5404927640263075
83,5498504,0,LightGBM,13,65,0.3103780929408186
84,4353957,1,LightGBM,13,65,0.5818323969941915
85,810662,0,LightGBM,13,65,0.29935413807883726
86,5288319,0,LightGBM,13,65,0.21842031520869956
87,7022768,0,LightGBM,13,65,0.38381386683472135
88,5169273,0,LightGBM,13,65,0.1763134660898513
89,2660248,0,LightGBM,13,65,0.21345935805525473
90,4934523,1,LightGBM,13,65,0.7574641959587948
91,2144042,0,LightGBM,13,65,0.2886275993843235
92,3934133,0,LightGBM,13,65,0.31909942901468047
93,9342374,0,LightGBM,13,65,0.30949900474901604
94,4469039,0,LightGBM,13,65,0.3174294520751959
95,12844,0,LightGBM,13,65,0.17656965599702165
96,5139816,0,LightGBM,13,65,0.20322771817917124
97,7871211,0,LightGBM,13,65,0.2756367419198893
98,8844818,0,LightGBM,13,65,0.5357257435014604
99,1841057,0,LightGBM,13,65,0.2246060755714671
100,1923039,0,LightGBM,13,65,0.8814071305036248
1,5714601,0,LSTM,14,70,0.016416577622294426
2,6499887,0,LSTM,14,70,0.7092006802558899
3,4550493,0,LSTM,14,70,0.022363008931279182
4,11466673,0,LSTM,14,70,0.008046520873904228
5,2479601,0,LSTM,14,70,0.7691100835800171
6,8378544,0,LSTM,14,70,0.8821932077407837
7,9201661,0,LSTM,14,70,0.051011208444833755
8,330739,0,LSTM,14,70,0.015048692934215069
9,901826,0,LSTM,14,70,0.693037748336792
10,1972573,0,LSTM,14,70,0.6342996954917908
11,7509166,0,LSTM,14,70,0.18927879631519318
12,3752798,0,LSTM,14,70,0.11447857320308685
13,7013909,0,LSTM,14,70,0.9128772020339966
14,563996,0,LSTM,14,70,0.28883516788482666
15,5171809,0,LSTM,14,70,0.02830030396580696
16,3053337,0,LSTM,14,70,0.06921771913766861
17,3675893,0,LSTM,14,70,0.24068428575992584
18,724622,0,LSTM,14,70,0.025681518018245697
19,7449726,0,LSTM,14,70,0.06800811737775803
20,5918297,0,LSTM,14,70,0.7038816213607788
21,10779582,0,LSTM,14,70,0.007914034649729729
22,6537621,0,LSTM,14,70,0.2271757423877716
23,5495648,0,LSTM,14,70,0.008005473762750626
24,7391994,0,LSTM,14,70,0.14547638595104218
25,3110284,0,LSTM,14,70,0.5405301451683044
26,8677719,0,LSTM,14,70,0.10530536621809006
27,9504487,0,LSTM,14,70,0.06412068754434586
28,6158348,0,LSTM,14,70,0.39300888776779175
29,10690171,0,LSTM,14,70,0.7565160393714905
30,3131218,0,LSTM,14,70,0.7969353199005127
31,2285187,0,LSTM,14,70,0.6791883707046509
32,6452177,1,LSTM,14,70,0.5313206911087036
33,8427549,0,LSTM,14,70,0.01895487867295742
34,6759021,0,LSTM,14,70,0.08070220798254013
35,7880934,0,LSTM,14,70,0.2023974508047104
36,3429043,0,LSTM,14,70,0.9213143587112427
37,2115993,1,LSTM,14,70,0.46707579493522644
38,11019618,0,LSTM,14,70,0.05113445222377777
39,1893158,0,LSTM,14,70,0.4308268129825592
40,10146223,0,LSTM,14,70,0.5556971430778503
41,3441821,0,LSTM,14,70,0.11213774234056473
42,4391589,0,LSTM,14,70,0.02096545696258545
43,6504503,0,LSTM,14,70,0.00912417471408844
44,1462289,0,LSTM,14,70,0.13075919449329376
45,1301122,0,LSTM,14,70,0.09026648104190826
46,3618383,0,LSTM,14,70,0.5595064163208008
47,10378934,0,LSTM,14,70,0.6844996213912964
48,6939186,0,LSTM,14,70,0.43462827801704407
49,6808059,0,LSTM,14,70,0.10448160022497177
50,10313516,0,LSTM,14,70,0.3467976450920105
51,7379114,0,LSTM,14,70,0.3463798463344574
52,8311713,1,LSTM,14,70,0.26959124207496643
53,3243039,0,LSTM,14,70,0.01588551327586174
54,634821,0,LSTM,14,70,0.25362759828567505
55,9241417,0,LSTM,14,70,0.17385032773017883
56,8932838,0,LSTM,14,70,0.6008442640304565
57,10420144,0,LSTM,14,70,0.49150148034095764
58,6659608,0,LSTM,14,70,0.7255256772041321
59,2984944,0,LSTM,14,70,0.860795795917511
60,9719251,0,LSTM,14,70,0.7284903526306152
61,539682,0,LSTM,14,70,0.13393272459506989
62,3490662,0,LSTM,14,70,0.8921526074409485
63,642571,0,LSTM,14,70,0.027009863406419754
64,6085551,0,LSTM,14,70,0.05776634067296982
65,3450089,0,LSTM,14,70,0.28788965940475464
66,2050332,0,LSTM,14,70,0.10886867344379425
67,8097011,0,LSTM,14,70,0.013830387033522129
68,1095309,0,LSTM,14,70,0.890687108039856
69,5850717,0,LSTM,14,70,0.08629495650529861
70,520239,0,LSTM,14,70,0.652927041053772
71,11537607,0,LSTM,14,70,0.807137131690979
72,10362211,0,LSTM,14,70,0.8845142126083374
73,1853221,0,LSTM,14,70,0.4539114534854889
74,5743906,0,LSTM,14,70,0.2739035189151764
75,3655672,0,LSTM,14,70,0.20392650365829468
76,8018657,0,LSTM,14,70,0.04002164676785469
77,7965009,0,LSTM,14,70,0.07883325219154358
78,10876281,0,LSTM,14,70,0.011722528375685215
79,218606,0,LSTM,14,70,0.38726621866226196
80,4573881,0,LSTM,14,70,0.0968647450208664
81,1153294,0,LSTM,14,70,0.12520889937877655
82,2433847,0,LSTM,14,70,0.00498506985604763
83,5498504,0,LSTM,14,70,0.13700154423713684
84,4353957,1,LSTM,14,70,0.1690312772989273
85,810662,0,LSTM,14,70,0.009272124618291855
86,5288319,0,LSTM,14,70,0.08693596720695496
87,7022768,0,LSTM,14,70,0.592370331287384
88,5169273,0,LSTM,14,70,0.1612509936094284
89,2660248,0,LSTM,14,70,0.13982190191745758
90,4934523,1,LSTM,14,70,0.8940950036048889
91,2144042,0,LSTM,14,70,0.6229214668273926
92,3934133,0,LSTM,14,70,0.56464684009552
93,9342374,0,LSTM,14,70,0.0018093108665198088
94,4469039,0,LSTM,14,70,0.9026880264282227
95,12844,0,LSTM,14,70,0.18661455810070038
96,5139816,0,LSTM,14,70,0.6934629678726196
97,7871211,0,LSTM,14,70,0.6713130474090576
98,8844818,0,LSTM,14,70,0.015860911458730698
99,1841057,0,LSTM,14,70,0.015984827652573586
100,1923039,0,LSTM,14,70,0.03194760903716087
1,5714601,0,GRU,14,70,0.11945638805627823
2,6499887,0,GRU,14,70,0.46364718675613403
3,4550493,0,GRU,14,70,0.1840951144695282
4,11466673,0,GRU,14,70,0.05239880830049515
5,2479601,0,GRU,14,70,0.692300021648407
6,8378544,0,GRU,14,70,0.7999123930931091
7,9201661,0,GRU,14,70,0.30284973978996277
8,330739,0,GRU,14,70,0.05503307282924652
9,901826,0,GRU,14,70,0.41073504090309143
10,1972573,0,GRU,14,70,0.442160427570343
11,7509166,0,GRU,14,70,0.22602319717407227
12,3752798,0,GRU,14,70,0.14066828787326813
13,7013909,0,GRU,14,70,0.7577590346336365
14,563996,0,GRU,14,70,0.34938547015190125
15,5171809,0,GRU,14,70,0.0681556910276413
16,3053337,0,GRU,14,70,0.024462640285491943
17,3675893,0,GRU,14,70,0.2983759343624115
18,724622,0,GRU,14,70,0.05532084032893181
19,7449726,0,GRU,14,70,0.12159034609794617
20,5918297,0,GRU,14,70,0.7557561993598938
21,10779582,0,GRU,14,70,0.050310540944337845
22,6537621,0,GRU,14,70,0.28455379605293274
23,5495648,0,GRU,14,70,0.022028056904673576
24,7391994,0,GRU,14,70,0.15484492480754852
25,3110284,0,GRU,14,70,0.46277034282684326
26,8677719,0,GRU,14,70,0.19313646852970123
27,9504487,0,GRU,14,70,0.09903629124164581
28,6158348,0,GRU,14,70,0.4510163366794586
29,10690171,0,GRU,14,70,0.568976640701294
30,3131218,0,GRU,14,70,0.6578792333602905
31,2285187,0,GRU,14,70,0.5722806453704834
32,6452177,1,GRU,14,70,0.44837164878845215
33,8427549,0,GRU,14,70,0.07969994843006134
34,6759021,0,GRU,14,70,0.19370777904987335
35,7880934,0,GRU,14,70,0.20421206951141357
36,3429043,0,GRU,14,70,0.8169139623641968
37,2115993,1,GRU,14,70,0.40567007660865784
38,11019618,0,GRU,14,70,0.13520708680152893
39,1893158,0,GRU,14,70,0.3051748275756836
40,10146223,0,GRU,14,70,0.4700174927711487
41,3441821,0,GRU,14,70,0.17751337587833405
42,4391589,0,GRU,14,70,0.09771907329559326
43,6504503,0,GRU,14,70,0.02772744745016098
44,1462289,0,GRU,14,70,0.24094873666763306
45,1301122,0,GRU,14,70,0.13523291051387787
46,3618383,0,GRU,14,70,0.4846961200237274
47,10378934,0,GRU,14,70,0.588556170463562
48,6939186,0,GRU,14,70,0.5421016216278076
49,6808059,0,GRU,14,70,0.19975025951862335
50,10313516,0,GRU,14,70,0.43033793568611145
51,7379114,0,GRU,14,70,0.41641685366630554
52,8311713,1,GRU,14,70,0.37209799885749817
53,3243039,0,GRU,14,70,0.06838293373584747
54,634821,0,GRU,14,70,0.3559339642524719
55,9241417,0,GRU,14,70,0.21828901767730713
56,8932838,0,GRU,14,70,0.5901625752449036
57,10420144,0,GRU,14,70,0.4519428014755249
58,6659608,0,GRU,14,70,0.5775721669197083
59,2984944,0,GRU,14,70,0.8662168979644775
60,9719251,0,GRU,14,70,0.5711942911148071
61,539682,0,GRU,14,70,0.20370370149612427
62,3490662,0,GRU,14,70,0.8227726221084595
63,642571,0,GRU,14,70,0.08081215620040894
64,6085551,0,GRU,14,70,0.2869579792022705
65,3450089,0,GRU,14,70,0.2382378876209259
66,2050332,0,GRU,14,70,0.15397164225578308
67,8097011,0,GRU,14,70,0.05652977153658867
68,1095309,0,GRU,14,70,0.732025146484375
69,5850717,0,GRU,14,70,0.16961397230625153
70,520239,0,GRU,14,70,0.5302339792251587
71,11537607,0,GRU,14,70,0.5998313426971436
72,10362211,0,GRU,14,70,0.6807994842529297
73,1853221,0,GRU,14,70,0.47194722294807434
74,5743906,0,GRU,14,70,0.35002440214157104
75,3655672,0,GRU,14,70,0.2495119869709015
76,8018657,0,GRU,14,70,0.09011615812778473
77,7965009,0,GRU,14,70,0.12175512313842773
78,10876281,0,GRU,14,70,0.05553693324327469
79,218606,0,GRU,14,70,0.39357468485832214
80,4573881,0,GRU,14,70,0.08929213136434555
81,1153294,0,GRU,14,70,0.17715506255626678
82,2433847,0,GRU,14,70,0.04303596913814545
83,5498504,0,GRU,14,70,0.16797107458114624
84,4353957,1,GRU,14,70,0.6162283420562744
85,810662,0,GRU,14,70,0.09170296788215637
86,5288319,0,GRU,14,70,0.13138146698474884
87,7022768,0,GRU,14,70,0.5501134395599365
88,5169273,0,GRU,14,70,0.20262734591960907
89,2660248,0,GRU,14,70,0.16818660497665405
90,4934523,1,GRU,14,70,0.8767462968826294
91,2144042,0,GRU,14,70,0.5052782297134399
92,3934133,0,GRU,14,70,0.45887523889541626
93,9342374,0,GRU,14,70,0.013477792963385582
94,4469039,0,GRU,14,70,0.8741047382354736
95,12844,0,GRU,14,70,0.28252190351486206
96,5139816,0,GRU,14,70,0.5891741514205933
97,7871211,0,GRU,14,70,0.6675941944122314
98,8844818,0,GRU,14,70,0.08410120010375977
99,1841057,0,GRU,14,70,0.05848520249128342
100,1923039,0,GRU,14,70,0.11624342948198318
1,5714601,0,GRU + Attention,14,70,0.15279699862003326
2,6499887,0,GRU + Attention,14,70,0.4405663311481476
3,4550493,0,GRU + Attention,14,70,0.24469828605651855
4,11466673,0,GRU + Attention,14,70,0.06899150460958481
5,2479601,0,GRU + Attention,14,70,0.7037945985794067
6,8378544,0,GRU + Attention,14,70,0.668537974357605
7,9201661,0,GRU + Attention,14,70,0.2462211400270462
8,330739,0,GRU + Attention,14,70,0.05503237247467041
9,901826,0,GRU + Attention,14,70,0.2560481131076813
10,1972573,0,GRU + Attention,14,70,0.43281665444374084
11,7509166,0,GRU + Attention,14,70,0.15357302129268646
12,3752798,0,GRU + Attention,14,70,0.10692659765481949
13,7013909,0,GRU + Attention,14,70,0.7937448620796204
14,563996,0,GRU + Attention,14,70,0.23524703085422516
15,5171809,0,GRU + Attention,14,70,0.02592359110713005
16,3053337,0,GRU + Attention,14,70,0.08074164390563965
17,3675893,0,GRU + Attention,14,70,0.27796971797943115
18,724622,0,GRU + Attention,14,70,0.05913478881120682
19,7449726,0,GRU + Attention,14,70,0.07420603185892105
20,5918297,0,GRU + Attention,14,70,0.6400725841522217
21,10779582,0,GRU + Attention,14,70,0.053169384598731995
22,6537621,0,GRU + Attention,14,70,0.44332975149154663
23,5495648,0,GRU + Attention,14,70,0.05045077204704285
24,7391994,0,GRU + Attention,14,70,0.2027672380208969
25,3110284,0,GRU + Attention,14,70,0.5037753582000732
26,8677719,0,GRU + Attention,14,70,0.30430060625076294
27,9504487,0,GRU + Attention,14,70,0.15823252499103546
28,6158348,0,GRU + Attention,14,70,0.2642577588558197
29,10690171,0,GRU + Attention,14,70,0.6967718005180359
30,3131218,0,GRU + Attention,14,70,0.7434216737747192
31,2285187,0,GRU + Attention,14,70,0.6134014129638672
32,6452177,1,GRU + Attention,14,70,0.5439571142196655
33,8427549,0,GRU + Attention,14,70,0.026876229792833328
34,6759021,0,GRU + Attention,14,70,0.06944780051708221
35,7880934,0,GRU + Attention,14,70,0.2679242193698883
36,3429043,0,GRU + Attention,14,70,0.7935614585876465
37,2115993,1,GRU + Attention,14,70,0.3040444552898407
38,11019618,0,GRU + Attention,14,70,0.44563788175582886
39,1893158,0,GRU + Attention,14,70,0.1852099895477295
40,10146223,0,GRU + Attention,14,70,0.48628243803977966
41,3441821,0,GRU + Attention,14,70,0.16411437094211578
42,4391589,0,GRU + Attention,14,70,0.07175213098526001
43,6504503,0,GRU + Attention,14,70,0.029736271128058434
44,1462289,0,GRU + Attention,14,70,0.07394343614578247
45,1301122,0,GRU + Attention,14,70,0.13526934385299683
46,3618383,0,GRU + Attention,14,70,0.5894755125045776
47,10378934,0,GRU + Attention,14,70,0.5625726580619812
48,6939186,0,GRU + Attention,14,70,0.46947115659713745
49,6808059,0,GRU + Attention,14,70,0.19185224175453186
50,10313516,0,GRU + Attention,14,70,0.47044360637664795
51,7379114,0,GRU + Attention,14,70,0.4188493490219116
52,8311713,1,GRU + Attention,14,70,0.34398889541625977
53,3243039,0,GRU + Attention,14,70,0.12191490083932877
54,634821,0,GRU + Attention,14,70,0.3055143356323242
55,9241417,0,GRU + Attention,14,70,0.16850200295448303
56,8932838,0,GRU + Attention,14,70,0.47241881489753723
57,10420144,0,GRU + Attention,14,70,0.4574991762638092
58,6659608,0,GRU + Attention,14,70,0.4187174439430237
59,2984944,0,GRU + Attention,14,70,0.770468533039093
60,9719251,0,GRU + Attention,14,70,0.4799768030643463
61,539682,0,GRU + Attention,14,70,0.15479981899261475
62,3490662,0,GRU + Attention,14,70,0.6450645327568054
63,642571,0,GRU + Attention,14,70,0.20953847467899323
64,6085551,0,GRU + Attention,14,70,0.2766658365726471
65,3450089,0,GRU + Attention,14,70,0.2795129716396332
66,2050332,0,GRU + Attention,14,70,0.2544005811214447
67,8097011,0,GRU + Attention,14,70,0.026298604905605316
68,1095309,0,GRU + Attention,14,70,0.6158959269523621
69,5850717,0,GRU + Attention,14,70,0.22222161293029785
70,520239,0,GRU + Attention,14,70,0.6564062833786011
71,11537607,0,GRU + Attention,14,70,0.6425619125366211
72,10362211,0,GRU + Attention,14,70,0.7387977838516235
73,1853221,0,GRU + Attention,14,70,0.4710800051689148
74,5743906,0,GRU + Attention,14,70,0.2454993575811386
75,3655672,0,GRU + Attention,14,70,0.10644792765378952
76,8018657,0,GRU + Attention,14,70,0.0536329448223114
77,7965009,0,GRU + Attention,14,70,0.039907265454530716
78,10876281,0,GRU + Attention,14,70,0.020739534869790077
79,218606,0,GRU + Attention,14,70,0.4358731210231781
80,4573881,0,GRU + Attention,14,70,0.060949455946683884
81,1153294,0,GRU + Attention,14,70,0.3873513340950012
82,2433847,0,GRU + Attention,14,70,0.21199166774749756
83,5498504,0,GRU + Attention,14,70,0.16470429301261902
84,4353957,1,GRU + Attention,14,70,0.4454926550388336
85,810662,0,GRU + Attention,14,70,0.0659417137503624
86,5288319,0,GRU + Attention,14,70,0.12126506865024567
87,7022768,0,GRU + Attention,14,70,0.5043150186538696
88,5169273,0,GRU + Attention,14,70,0.1426401138305664
89,2660248,0,GRU + Attention,14,70,0.2249070107936859
90,4934523,1,GRU + Attention,14,70,0.8029828071594238
91,2144042,0,GRU + Attention,14,70,0.5837067365646362
92,3934133,0,GRU + Attention,14,70,0.4388374984264374
93,9342374,0,GRU + Attention,14,70,0.04236501455307007
94,4469039,0,GRU + Attention,14,70,0.7417140007019043
95,12844,0,GRU + Attention,14,70,0.22795087099075317
96,5139816,0,GRU + Attention,14,70,0.5745182037353516
97,7871211,0,GRU + Attention,14,70,0.5134992599487305
98,8844818,0,GRU + Attention,14,70,0.07093531638383865
99,1841057,0,GRU + Attention,14,70,0.053150590509176254
100,1923039,0,GRU + Attention,14,70,0.4203989803791046
1,5714601,0,XGBoost,14,70,0.35705167055130005
2,6499887,0,XGBoost,14,70,0.3221989870071411
3,4550493,0,XGBoost,14,70,0.2809368968009949
4,11466673,0,XGBoost,14,70,0.6626734137535095
5,2479601,0,XGBoost,14,70,0.3610534071922302
6,8378544,0,XGBoost,14,70,0.5193779468536377
7,9201661,0,XGBoost,14,70,0.38976189494132996
8,330739,0,XGBoost,14,70,0.25060349702835083
9,901826,0,XGBoost,14,70,0.28869107365608215
10,1972573,0,XGBoost,14,70,0.3179788291454315
11,7509166,0,XGBoost,14,70,0.12972921133041382
12,3752798,0,XGBoost,14,70,0.2390517294406891
13,7013909,0,XGBoost,14,70,0.6809470057487488
14,563996,0,XGBoost,14,70,0.053786538541316986
15,5171809,0,XGBoost,14,70,0.21463528275489807
16,3053337,0,XGBoost,14,70,0.4281827211380005
17,3675893,0,XGBoost,14,70,0.2087317407131195
18,724622,0,XGBoost,14,70,0.21702797710895538
19,7449726,0,XGBoost,14,70,0.35620149970054626
20,5918297,0,XGBoost,14,70,0.6823710203170776
21,10779582,0,XGBoost,14,70,0.17885178327560425
22,6537621,0,XGBoost,14,70,0.34208211302757263
23,5495648,0,XGBoost,14,70,0.19335174560546875
24,7391994,0,XGBoost,14,70,0.13235601782798767
25,3110284,0,XGBoost,14,70,0.06947813183069229
26,8677719,0,XGBoost,14,70,0.10776559263467789
27,9504487,0,XGBoost,14,70,0.17444215714931488
28,6158348,0,XGBoost,14,70,0.11429335922002792
29,10690171,0,XGBoost,14,70,0.32910358905792236
30,3131218,0,XGBoost,14,70,0.19581452012062073
31,2285187,0,XGBoost,14,70,0.5143174529075623
32,6452177,1,XGBoost,14,70,0.4925038814544678
33,8427549,0,XGBoost,14,70,0.15695072710514069
34,6759021,0,XGBoost,14,70,0.253925621509552
35,7880934,0,XGBoost,14,70,0.2633146345615387
36,3429043,0,XGBoost,14,70,0.6995301246643066
37,2115993,1,XGBoost,14,70,0.5974657535552979
38,11019618,0,XGBoost,14,70,0.7681820392608643
39,1893158,0,XGBoost,14,70,0.22251445055007935
40,10146223,0,XGBoost,14,70,0.263531357049942
41,3441821,0,XGBoost,14,70,0.2373708188533783
42,4391589,0,XGBoost,14,70,0.1767314076423645
43,6504503,0,XGBoost,14,70,0.14818882942199707
44,1462289,0,XGBoost,14,70,0.3048743009567261
45,1301122,0,XGBoost,14,70,0.26257431507110596
46,3618383,0,XGBoost,14,70,0.4089774787425995
47,10378934,0,XGBoost,14,70,0.36281538009643555
48,6939186,0,XGBoost,14,70,0.21220745146274567
49,6808059,0,XGBoost,14,70,0.31204694509506226
50,10313516,0,XGBoost,14,70,0.6490473747253418
51,7379114,0,XGBoost,14,70,0.27200624346733093
52,8311713,1,XGBoost,14,70,0.180783212184906
53,3243039,0,XGBoost,14,70,0.20990507304668427
54,634821,0,XGBoost,14,70,0.2590198516845703
55,9241417,0,XGBoost,14,70,0.10804428160190582
56,8932838,0,XGBoost,14,70,0.35896703600883484
57,10420144,0,XGBoost,14,70,0.35261788964271545
58,6659608,0,XGBoost,14,70,0.1376405507326126
59,2984944,0,XGBoost,14,70,0.2541225850582123
60,9719251,0,XGBoost,14,70,0.555887758731842
61,539682,0,XGBoost,14,70,0.1097053587436676
62,3490662,0,XGBoost,14,70,0.815837562084198
63,642571,0,XGBoost,14,70,0.6122390627861023
64,6085551,0,XGBoost,14,70,0.3621041178703308
65,3450089,0,XGBoost,14,70,0.1951894611120224
66,2050332,0,XGBoost,14,70,0.2760881185531616
67,8097011,0,XGBoost,14,70,0.18767717480659485
68,1095309,0,XGBoost,14,70,0.7467628121376038
69,5850717,0,XGBoost,14,70,0.23260639607906342
70,520239,0,XGBoost,14,70,0.5415322184562683
71,11537607,0,XGBoost,14,70,0.6981188058853149
72,10362211,0,XGBoost,14,70,0.840490996837616
73,1853221,0,XGBoost,14,70,0.24216334521770477
74,5743906,0,XGBoost,14,70,0.2865513861179352
75,3655672,0,XGBoost,14,70,0.1385006606578827
76,8018657,0,XGBoost,14,70,0.18581220507621765
77,7965009,0,XGBoost,14,70,0.08078313618898392
78,10876281,0,XGBoost,14,70,0.1269720047712326
79,218606,0,XGBoost,14,70,0.288532555103302
80,4573881,0,XGBoost,14,70,0.5602272748947144
81,1153294,0,XGBoost,14,70,0.35116204619407654
82,2433847,0,XGBoost,14,70,0.37694817781448364
83,5498504,0,XGBoost,14,70,0.26789841055870056
84,4353957,1,XGBoost,14,70,0.44062766432762146
85,810662,0,XGBoost,14,70,0.3204304277896881
86,5288319,0,XGBoost,14,70,0.19696806371212006
87,7022768,0,XGBoost,14,70,0.4279342293739319
88,5169273,0,XGBoost,14,70,0.16963571310043335
89,2660248,0,XGBoost,14,70,0.22413933277130127
90,4934523,1,XGBoost,14,70,0.6029711961746216
91,2144042,0,XGBoost,14,70,0.320136696100235
92,3934133,0,XGBoost,14,70,0.3339240550994873
93,9342374,0,XGBoost,14,70,0.22784703969955444
94,4469039,0,XGBoost,14,70,0.3076510727405548
95,12844,0,XGBoost,14,70,0.14351074397563934
96,5139816,0,XGBoost,14,70,0.19713222980499268
97,7871211,0,XGBoost,14,70,0.2762589752674103
98,8844818,0,XGBoost,14,70,0.3678364157676697
99,1841057,0,XGBoost,14,70,0.15729950368404388
100,1923039,0,XGBoost,14,70,0.7509680986404419
1,5714601,0,LightGBM,14,70,0.4376713283818007
2,6499887,0,LightGBM,14,70,0.35275194954777367
3,4550493,0,LightGBM,14,70,0.21737600726672385
4,11466673,0,LightGBM,14,70,0.7668871764620019
5,2479601,0,LightGBM,14,70,0.3698912010738117
6,8378544,0,LightGBM,14,70,0.5225674659075492
7,9201661,0,LightGBM,14,70,0.34378856383594014
8,330739,0,LightGBM,14,70,0.2843877999954899
9,901826,0,LightGBM,14,70,0.24060248729071315
10,1972573,0,LightGBM,14,70,0.2735944470381312
11,7509166,0,LightGBM,14,70,0.15974833764330074
12,3752798,0,LightGBM,14,70,0.335536298897958
13,7013909,0,LightGBM,14,70,0.6233413035563523
14,563996,0,LightGBM,14,70,0.05630760711469738
15,5171809,0,LightGBM,14,70,0.1841715623412984
16,3053337,0,LightGBM,14,70,0.3586166592441869
17,3675893,0,LightGBM,14,70,0.20208429303524955
18,724622,0,LightGBM,14,70,0.23549592128583946
19,7449726,0,LightGBM,14,70,0.4618646144037875
20,5918297,0,LightGBM,14,70,0.7152238331423727
21,10779582,0,LightGBM,14,70,0.2520038825706185
22,6537621,0,LightGBM,14,70,0.299983182594607
23,5495648,0,LightGBM,14,70,0.23603718895669218
24,7391994,0,LightGBM,14,70,0.22523218803994718
25,3110284,0,LightGBM,14,70,0.37664625204032093
26,8677719,0,LightGBM,14,70,0.16917009620516654
27,9504487,0,LightGBM,14,70,0.1950661631116867
28,6158348,0,LightGBM,14,70,0.16801474090090449
29,10690171,0,LightGBM,14,70,0.30058461475145615
30,3131218,0,LightGBM,14,70,0.23319252123911388
31,2285187,0,LightGBM,14,70,0.4952489955728366
32,6452177,1,LightGBM,14,70,0.5141987384227119
33,8427549,0,LightGBM,14,70,0.15932039548145632
34,6759021,0,LightGBM,14,70,0.2128594491278186
35,7880934,0,LightGBM,14,70,0.24664426634339948
36,3429043,0,LightGBM,14,70,0.6680931673355603
37,2115993,1,LightGBM,14,70,0.5533708501936493
38,11019618,0,LightGBM,14,70,0.6233711923991555
39,1893158,0,LightGBM,14,70,0.22845083812681996
40,10146223,0,LightGBM,14,70,0.2883065568891745
41,3441821,0,LightGBM,14,70,0.3253090200836091
42,4391589,0,LightGBM,14,70,0.2574876485708592
43,6504503,0,LightGBM,14,70,0.14575715556493443
44,1462289,0,LightGBM,14,70,0.26990900768551374
45,1301122,0,LightGBM,14,70,0.25217307517737036
46,3618383,0,LightGBM,14,70,0.42074563182418084
47,10378934,0,LightGBM,14,70,0.37761960033561487
48,6939186,0,LightGBM,14,70,0.16101183079436526
49,6808059,0,LightGBM,14,70,0.2393512913309713
50,10313516,0,LightGBM,14,70,0.39290505950109783
51,7379114,0,LightGBM,14,70,0.14022505935857615
52,8311713,1,LightGBM,14,70,0.21957454196569143
53,3243039,0,LightGBM,14,70,0.2141387321258541
54,634821,0,LightGBM,14,70,0.32925775931752965
55,9241417,0,LightGBM,14,70,0.12560953067348138
56,8932838,0,LightGBM,14,70,0.2747043023560826
57,10420144,0,LightGBM,14,70,0.29691987600056835
58,6659608,0,LightGBM,14,70,0.1801937140222199
59,2984944,0,LightGBM,14,70,0.19974818927046378
60,9719251,0,LightGBM,14,70,0.594898976028137
61,539682,0,LightGBM,14,70,0.14211951322564123
62,3490662,0,LightGBM,14,70,0.7964851021573407
63,642571,0,LightGBM,14,70,0.637394614097837
64,6085551,0,LightGBM,14,70,0.3010554276570269
65,3450089,0,LightGBM,14,70,0.26119304191206005
66,2050332,0,LightGBM,14,70,0.28911227857210114
67,8097011,0,LightGBM,14,70,0.3479905419556257
68,1095309,0,LightGBM,14,70,0.7200164117042996
69,5850717,0,LightGBM,14,70,0.27344341878292955
70,520239,0,LightGBM,14,70,0.44704706894650403
71,11537607,0,LightGBM,14,70,0.6976214118999005
72,10362211,0,LightGBM,14,70,0.8208864179387689
73,1853221,0,LightGBM,14,70,0.220730848625582
74,5743906,0,LightGBM,14,70,0.25117901683556043
75,3655672,0,LightGBM,14,70,0.16425938985000313
76,8018657,0,LightGBM,14,70,0.1887433124852138
77,7965009,0,LightGBM,14,70,0.10097653624724534
78,10876281,0,LightGBM,14,70,0.19307431100283162
79,218606,0,LightGBM,14,70,0.300283522619926
80,4573881,0,LightGBM,14,70,0.5491773507945206
81,1153294,0,LightGBM,14,70,0.3403696747110675
82,2433847,0,LightGBM,14,70,0.5404927640263075
83,5498504,0,LightGBM,14,70,0.3103780929408186
84,4353957,1,LightGBM,14,70,0.5818323969941915
85,810662,0,LightGBM,14,70,0.29935413807883726
86,5288319,0,LightGBM,14,70,0.21842031520869956
87,7022768,0,LightGBM,14,70,0.38381386683472135
88,5169273,0,LightGBM,14,70,0.1763134660898513
89,2660248,0,LightGBM,14,70,0.21345935805525473
90,4934523,1,LightGBM,14,70,0.7574641959587948
91,2144042,0,LightGBM,14,70,0.2886275993843235
92,3934133,0,LightGBM,14,70,0.31909942901468047
93,9342374,0,LightGBM,14,70,0.30949900474901604
94,4469039,0,LightGBM,14,70,0.3174294520751959
95,12844,0,LightGBM,14,70,0.17656965599702165
96,5139816,0,LightGBM,14,70,0.20322771817917124
97,7871211,0,LightGBM,14,70,0.2756367419198893
98,8844818,0,LightGBM,14,70,0.5357257435014604
99,1841057,0,LightGBM,14,70,0.2246060755714671
100,1923039,0,LightGBM,14,70,0.8814071305036248
1,5714601,0,LSTM,15,75,0.016416577622294426
2,6499887,0,LSTM,15,75,0.7092006802558899
3,4550493,0,LSTM,15,75,0.022363008931279182
4,11466673,0,LSTM,15,75,0.008046520873904228
5,2479601,0,LSTM,15,75,0.7691100835800171
6,8378544,0,LSTM,15,75,0.8821932077407837
7,9201661,0,LSTM,15,75,0.051011208444833755
8,330739,0,LSTM,15,75,0.015048692934215069
9,901826,0,LSTM,15,75,0.693037748336792
10,1972573,0,LSTM,15,75,0.6342996954917908
11,7509166,0,LSTM,15,75,0.18927879631519318
12,3752798,0,LSTM,15,75,0.11447857320308685
13,7013909,0,LSTM,15,75,0.9128772020339966
14,563996,0,LSTM,15,75,0.28883516788482666
15,5171809,0,LSTM,15,75,0.02830030396580696
16,3053337,0,LSTM,15,75,0.06921771913766861
17,3675893,0,LSTM,15,75,0.24068428575992584
18,724622,0,LSTM,15,75,0.025681518018245697
19,7449726,0,LSTM,15,75,0.06800811737775803
20,5918297,0,LSTM,15,75,0.7565693855285645
21,10779582,0,LSTM,15,75,0.007914034649729729
22,6537621,0,LSTM,15,75,0.2271757423877716
23,5495648,0,LSTM,15,75,0.008005473762750626
24,7391994,0,LSTM,15,75,0.14547638595104218
25,3110284,0,LSTM,15,75,0.5405301451683044
26,8677719,0,LSTM,15,75,0.10530536621809006
27,9504487,0,LSTM,15,75,0.06412068754434586
28,6158348,0,LSTM,15,75,0.39300888776779175
29,10690171,0,LSTM,15,75,0.7565160393714905
30,3131218,0,LSTM,15,75,0.7969353199005127
31,2285187,0,LSTM,15,75,0.6791883707046509
32,6452177,1,LSTM,15,75,0.5313206911087036
33,8427549,0,LSTM,15,75,0.01895487867295742
34,6759021,0,LSTM,15,75,0.08070220798254013
35,7880934,0,LSTM,15,75,0.2023974508047104
36,3429043,0,LSTM,15,75,0.9213143587112427
37,2115993,1,LSTM,15,75,0.46707579493522644
38,11019618,0,LSTM,15,75,0.05113445222377777
39,1893158,0,LSTM,15,75,0.4308268129825592
40,10146223,0,LSTM,15,75,0.5556971430778503
41,3441821,0,LSTM,15,75,0.11213774234056473
42,4391589,0,LSTM,15,75,0.02096545696258545
43,6504503,0,LSTM,15,75,0.00912417471408844
44,1462289,0,LSTM,15,75,0.13075919449329376
45,1301122,0,LSTM,15,75,0.09026648104190826
46,3618383,0,LSTM,15,75,0.5595064163208008
47,10378934,0,LSTM,15,75,0.6844996213912964
48,6939186,0,LSTM,15,75,0.43462827801704407
49,6808059,0,LSTM,15,75,0.10448160022497177
50,10313516,0,LSTM,15,75,0.3467976450920105
51,7379114,0,LSTM,15,75,0.3463798463344574
52,8311713,1,LSTM,15,75,0.26959124207496643
53,3243039,0,LSTM,15,75,0.01588551327586174
54,634821,0,LSTM,15,75,0.25362759828567505
55,9241417,0,LSTM,15,75,0.17385032773017883
56,8932838,0,LSTM,15,75,0.6008442640304565
57,10420144,0,LSTM,15,75,0.49150148034095764
58,6659608,0,LSTM,15,75,0.7255256772041321
59,2984944,0,LSTM,15,75,0.860795795917511
60,9719251,0,LSTM,15,75,0.7284903526306152
61,539682,0,LSTM,15,75,0.13393272459506989
62,3490662,0,LSTM,15,75,0.8921526074409485
63,642571,0,LSTM,15,75,0.027009863406419754
64,6085551,0,LSTM,15,75,0.05776634067296982
65,3450089,0,LSTM,15,75,0.28788965940475464
66,2050332,0,LSTM,15,75,0.10886867344379425
67,8097011,0,LSTM,15,75,0.013830387033522129
68,1095309,0,LSTM,15,75,0.890687108039856
69,5850717,0,LSTM,15,75,0.08629495650529861
70,520239,0,LSTM,15,75,0.652927041053772
71,11537607,0,LSTM,15,75,0.807137131690979
72,10362211,0,LSTM,15,75,0.8490833044052124
73,1853221,0,LSTM,15,75,0.4539114534854889
74,5743906,0,LSTM,15,75,0.2739035189151764
75,3655672,0,LSTM,15,75,0.20392650365829468
76,8018657,0,LSTM,15,75,0.04002164676785469
77,7965009,0,LSTM,15,75,0.07883325219154358
78,10876281,0,LSTM,15,75,0.011722528375685215
79,218606,0,LSTM,15,75,0.38726621866226196
80,4573881,0,LSTM,15,75,0.0968647450208664
81,1153294,0,LSTM,15,75,0.12520889937877655
82,2433847,0,LSTM,15,75,0.00498506985604763
83,5498504,0,LSTM,15,75,0.13700154423713684
84,4353957,1,LSTM,15,75,0.1690312772989273
85,810662,0,LSTM,15,75,0.009272124618291855
86,5288319,0,LSTM,15,75,0.08693596720695496
87,7022768,0,LSTM,15,75,0.592370331287384
88,5169273,0,LSTM,15,75,0.1612509936094284
89,2660248,0,LSTM,15,75,0.13982190191745758
90,4934523,1,LSTM,15,75,0.8940950036048889
91,2144042,0,LSTM,15,75,0.6229214668273926
92,3934133,0,LSTM,15,75,0.56464684009552
93,9342374,0,LSTM,15,75,0.0018093108665198088
94,4469039,0,LSTM,15,75,0.9026880264282227
95,12844,0,LSTM,15,75,0.18661455810070038
96,5139816,0,LSTM,15,75,0.6934629678726196
97,7871211,0,LSTM,15,75,0.6713130474090576
98,8844818,0,LSTM,15,75,0.015860911458730698
99,1841057,0,LSTM,15,75,0.015984827652573586
100,1923039,0,LSTM,15,75,0.03194760903716087
1,5714601,0,GRU,15,75,0.11945638805627823
2,6499887,0,GRU,15,75,0.46364718675613403
3,4550493,0,GRU,15,75,0.1840951144695282
4,11466673,0,GRU,15,75,0.05239880830049515
5,2479601,0,GRU,15,75,0.692300021648407
6,8378544,0,GRU,15,75,0.7999123930931091
7,9201661,0,GRU,15,75,0.30284973978996277
8,330739,0,GRU,15,75,0.05503307282924652
9,901826,0,GRU,15,75,0.41073504090309143
10,1972573,0,GRU,15,75,0.442160427570343
11,7509166,0,GRU,15,75,0.22602319717407227
12,3752798,0,GRU,15,75,0.14066828787326813
13,7013909,0,GRU,15,75,0.7577590346336365
14,563996,0,GRU,15,75,0.34938547015190125
15,5171809,0,GRU,15,75,0.0681556910276413
16,3053337,0,GRU,15,75,0.024462640285491943
17,3675893,0,GRU,15,75,0.2983759343624115
18,724622,0,GRU,15,75,0.05532084032893181
19,7449726,0,GRU,15,75,0.12159034609794617
20,5918297,0,GRU,15,75,0.821166455745697
21,10779582,0,GRU,15,75,0.050310540944337845
22,6537621,0,GRU,15,75,0.28455379605293274
23,5495648,0,GRU,15,75,0.022028056904673576
24,7391994,0,GRU,15,75,0.15484492480754852
25,3110284,0,GRU,15,75,0.46277034282684326
26,8677719,0,GRU,15,75,0.19313646852970123
27,9504487,0,GRU,15,75,0.09903629124164581
28,6158348,0,GRU,15,75,0.4510163366794586
29,10690171,0,GRU,15,75,0.568976640701294
30,3131218,0,GRU,15,75,0.6578792333602905
31,2285187,0,GRU,15,75,0.5722806453704834
32,6452177,1,GRU,15,75,0.44837164878845215
33,8427549,0,GRU,15,75,0.07969994843006134
34,6759021,0,GRU,15,75,0.19370777904987335
35,7880934,0,GRU,15,75,0.20421206951141357
36,3429043,0,GRU,15,75,0.8169139623641968
37,2115993,1,GRU,15,75,0.40567007660865784
38,11019618,0,GRU,15,75,0.13520708680152893
39,1893158,0,GRU,15,75,0.3051748275756836
40,10146223,0,GRU,15,75,0.4700174927711487
41,3441821,0,GRU,15,75,0.17751337587833405
42,4391589,0,GRU,15,75,0.09771907329559326
43,6504503,0,GRU,15,75,0.02772744745016098
44,1462289,0,GRU,15,75,0.24094873666763306
45,1301122,0,GRU,15,75,0.13523291051387787
46,3618383,0,GRU,15,75,0.4846961200237274
47,10378934,0,GRU,15,75,0.588556170463562
48,6939186,0,GRU,15,75,0.5421016216278076
49,6808059,0,GRU,15,75,0.19975025951862335
50,10313516,0,GRU,15,75,0.43033793568611145
51,7379114,0,GRU,15,75,0.41641685366630554
52,8311713,1,GRU,15,75,0.37209799885749817
53,3243039,0,GRU,15,75,0.06838293373584747
54,634821,0,GRU,15,75,0.3559339642524719
55,9241417,0,GRU,15,75,0.21828901767730713
56,8932838,0,GRU,15,75,0.5901625752449036
57,10420144,0,GRU,15,75,0.4519428014755249
58,6659608,0,GRU,15,75,0.5775721669197083
59,2984944,0,GRU,15,75,0.8662168979644775
60,9719251,0,GRU,15,75,0.5711942911148071
61,539682,0,GRU,15,75,0.20370370149612427
62,3490662,0,GRU,15,75,0.8227726221084595
63,642571,0,GRU,15,75,0.08081215620040894
64,6085551,0,GRU,15,75,0.2869579792022705
65,3450089,0,GRU,15,75,0.2382378876209259
66,2050332,0,GRU,15,75,0.15397164225578308
67,8097011,0,GRU,15,75,0.05652977153658867
68,1095309,0,GRU,15,75,0.732025146484375
69,5850717,0,GRU,15,75,0.16961397230625153
70,520239,0,GRU,15,75,0.5302339792251587
71,11537607,0,GRU,15,75,0.5998313426971436
72,10362211,0,GRU,15,75,0.802682638168335
73,1853221,0,GRU,15,75,0.47194722294807434
74,5743906,0,GRU,15,75,0.35002440214157104
75,3655672,0,GRU,15,75,0.2495119869709015
76,8018657,0,GRU,15,75,0.09011615812778473
77,7965009,0,GRU,15,75,0.12175512313842773
78,10876281,0,GRU,15,75,0.05553693324327469
79,218606,0,GRU,15,75,0.39357468485832214
80,4573881,0,GRU,15,75,0.08929213136434555
81,1153294,0,GRU,15,75,0.17715506255626678
82,2433847,0,GRU,15,75,0.04303596913814545
83,5498504,0,GRU,15,75,0.16797107458114624
84,4353957,1,GRU,15,75,0.6162283420562744
85,810662,0,GRU,15,75,0.09170296788215637
86,5288319,0,GRU,15,75,0.13138146698474884
87,7022768,0,GRU,15,75,0.5501134395599365
88,5169273,0,GRU,15,75,0.20262734591960907
89,2660248,0,GRU,15,75,0.16818660497665405
90,4934523,1,GRU,15,75,0.8767462968826294
91,2144042,0,GRU,15,75,0.5052782297134399
92,3934133,0,GRU,15,75,0.45887523889541626
93,9342374,0,GRU,15,75,0.013477792963385582
94,4469039,0,GRU,15,75,0.8741047382354736
95,12844,0,GRU,15,75,0.28252190351486206
96,5139816,0,GRU,15,75,0.5891741514205933
97,7871211,0,GRU,15,75,0.6675941944122314
98,8844818,0,GRU,15,75,0.08410120010375977
99,1841057,0,GRU,15,75,0.05848520249128342
100,1923039,0,GRU,15,75,0.11624342948198318
1,5714601,0,GRU + Attention,15,75,0.15279699862003326
2,6499887,0,GRU + Attention,15,75,0.4405663311481476
3,4550493,0,GRU + Attention,15,75,0.24469828605651855
4,11466673,0,GRU + Attention,15,75,0.06899150460958481
5,2479601,0,GRU + Attention,15,75,0.7037945985794067
6,8378544,0,GRU + Attention,15,75,0.668537974357605
7,9201661,0,GRU + Attention,15,75,0.2462211400270462
8,330739,0,GRU + Attention,15,75,0.05503237247467041
9,901826,0,GRU + Attention,15,75,0.2560481131076813
10,1972573,0,GRU + Attention,15,75,0.43281665444374084
11,7509166,0,GRU + Attention,15,75,0.15357302129268646
12,3752798,0,GRU + Attention,15,75,0.10692659765481949
13,7013909,0,GRU + Attention,15,75,0.7937448620796204
14,563996,0,GRU + Attention,15,75,0.23524703085422516
15,5171809,0,GRU + Attention,15,75,0.02592359110713005
16,3053337,0,GRU + Attention,15,75,0.08074164390563965
17,3675893,0,GRU + Attention,15,75,0.27796971797943115
18,724622,0,GRU + Attention,15,75,0.05913478881120682
19,7449726,0,GRU + Attention,15,75,0.07420603185892105
20,5918297,0,GRU + Attention,15,75,0.6559925079345703
21,10779582,0,GRU + Attention,15,75,0.053169384598731995
22,6537621,0,GRU + Attention,15,75,0.44332975149154663
23,5495648,0,GRU + Attention,15,75,0.05045077204704285
24,7391994,0,GRU + Attention,15,75,0.2027672380208969
25,3110284,0,GRU + Attention,15,75,0.5037753582000732
26,8677719,0,GRU + Attention,15,75,0.30430060625076294
27,9504487,0,GRU + Attention,15,75,0.15823252499103546
28,6158348,0,GRU + Attention,15,75,0.2642577588558197
29,10690171,0,GRU + Attention,15,75,0.6967718005180359
30,3131218,0,GRU + Attention,15,75,0.7434216737747192
31,2285187,0,GRU + Attention,15,75,0.6134014129638672
32,6452177,1,GRU + Attention,15,75,0.5439571142196655
33,8427549,0,GRU + Attention,15,75,0.026876229792833328
34,6759021,0,GRU + Attention,15,75,0.06944780051708221
35,7880934,0,GRU + Attention,15,75,0.2679242193698883
36,3429043,0,GRU + Attention,15,75,0.7935614585876465
37,2115993,1,GRU + Attention,15,75,0.3040444552898407
38,11019618,0,GRU + Attention,15,75,0.44563788175582886
39,1893158,0,GRU + Attention,15,75,0.1852099895477295
40,10146223,0,GRU + Attention,15,75,0.48628243803977966
41,3441821,0,GRU + Attention,15,75,0.16411437094211578
42,4391589,0,GRU + Attention,15,75,0.07175213098526001
43,6504503,0,GRU + Attention,15,75,0.029736271128058434
44,1462289,0,GRU + Attention,15,75,0.07394343614578247
45,1301122,0,GRU + Attention,15,75,0.13526934385299683
46,3618383,0,GRU + Attention,15,75,0.5894755125045776
47,10378934,0,GRU + Attention,15,75,0.5625726580619812
48,6939186,0,GRU + Attention,15,75,0.46947115659713745
49,6808059,0,GRU + Attention,15,75,0.19185224175453186
50,10313516,0,GRU + Attention,15,75,0.47044360637664795
51,7379114,0,GRU + Attention,15,75,0.4188493490219116
52,8311713,1,GRU + Attention,15,75,0.34398889541625977
53,3243039,0,GRU + Attention,15,75,0.12191490083932877
54,634821,0,GRU + Attention,15,75,0.3055143356323242
55,9241417,0,GRU + Attention,15,75,0.16850200295448303
56,8932838,0,GRU + Attention,15,75,0.47241881489753723
57,10420144,0,GRU + Attention,15,75,0.4574991762638092
58,6659608,0,GRU + Attention,15,75,0.4187174439430237
59,2984944,0,GRU + Attention,15,75,0.770468533039093
60,9719251,0,GRU + Attention,15,75,0.4799768030643463
61,539682,0,GRU + Attention,15,75,0.15479981899261475
62,3490662,0,GRU + Attention,15,75,0.6450645327568054
63,642571,0,GRU + Attention,15,75,0.20953847467899323
64,6085551,0,GRU + Attention,15,75,0.2766658365726471
65,3450089,0,GRU + Attention,15,75,0.2795129716396332
66,2050332,0,GRU + Attention,15,75,0.2544005811214447
67,8097011,0,GRU + Attention,15,75,0.026298604905605316
68,1095309,0,GRU + Attention,15,75,0.6158959269523621
69,5850717,0,GRU + Attention,15,75,0.22222161293029785
70,520239,0,GRU + Attention,15,75,0.6564062833786011
71,11537607,0,GRU + Attention,15,75,0.6425619125366211
72,10362211,0,GRU + Attention,15,75,0.7464151978492737
73,1853221,0,GRU + Attention,15,75,0.4710800051689148
74,5743906,0,GRU + Attention,15,75,0.2454993575811386
75,3655672,0,GRU + Attention,15,75,0.10644792765378952
76,8018657,0,GRU + Attention,15,75,0.0536329448223114
77,7965009,0,GRU + Attention,15,75,0.039907265454530716
78,10876281,0,GRU + Attention,15,75,0.020739534869790077
79,218606,0,GRU + Attention,15,75,0.4358731210231781
80,4573881,0,GRU + Attention,15,75,0.060949455946683884
81,1153294,0,GRU + Attention,15,75,0.3873513340950012
82,2433847,0,GRU + Attention,15,75,0.21199166774749756
83,5498504,0,GRU + Attention,15,75,0.16470429301261902
84,4353957,1,GRU + Attention,15,75,0.4454926550388336
85,810662,0,GRU + Attention,15,75,0.0659417137503624
86,5288319,0,GRU + Attention,15,75,0.12126506865024567
87,7022768,0,GRU + Attention,15,75,0.5043150186538696
88,5169273,0,GRU + Attention,15,75,0.1426401138305664
89,2660248,0,GRU + Attention,15,75,0.2249070107936859
90,4934523,1,GRU + Attention,15,75,0.8029828071594238
91,2144042,0,GRU + Attention,15,75,0.5837067365646362
92,3934133,0,GRU + Attention,15,75,0.4388374984264374
93,9342374,0,GRU + Attention,15,75,0.04236501455307007
94,4469039,0,GRU + Attention,15,75,0.7417140007019043
95,12844,0,GRU + Attention,15,75,0.22795087099075317
96,5139816,0,GRU + Attention,15,75,0.5745182037353516
97,7871211,0,GRU + Attention,15,75,0.5134992599487305
98,8844818,0,GRU + Attention,15,75,0.07093531638383865
99,1841057,0,GRU + Attention,15,75,0.053150590509176254
100,1923039,0,GRU + Attention,15,75,0.4203989803791046
1,5714601,0,XGBoost,15,75,0.35705167055130005
2,6499887,0,XGBoost,15,75,0.3221989870071411
3,4550493,0,XGBoost,15,75,0.2809368968009949
4,11466673,0,XGBoost,15,75,0.6626734137535095
5,2479601,0,XGBoost,15,75,0.3610534071922302
6,8378544,0,XGBoost,15,75,0.5193779468536377
7,9201661,0,XGBoost,15,75,0.38976189494132996
8,330739,0,XGBoost,15,75,0.25060349702835083
9,901826,0,XGBoost,15,75,0.28869107365608215
10,1972573,0,XGBoost,15,75,0.3179788291454315
11,7509166,0,XGBoost,15,75,0.12972921133041382
12,3752798,0,XGBoost,15,75,0.2390517294406891
13,7013909,0,XGBoost,15,75,0.6809470057487488
14,563996,0,XGBoost,15,75,0.053786538541316986
15,5171809,0,XGBoost,15,75,0.21463528275489807
16,3053337,0,XGBoost,15,75,0.4281827211380005
17,3675893,0,XGBoost,15,75,0.2087317407131195
18,724622,0,XGBoost,15,75,0.21702797710895538
19,7449726,0,XGBoost,15,75,0.35620149970054626
20,5918297,0,XGBoost,15,75,0.7447786927223206
21,10779582,0,XGBoost,15,75,0.17885178327560425
22,6537621,0,XGBoost,15,75,0.34208211302757263
23,5495648,0,XGBoost,15,75,0.19335174560546875
24,7391994,0,XGBoost,15,75,0.13235601782798767
25,3110284,0,XGBoost,15,75,0.06947813183069229
26,8677719,0,XGBoost,15,75,0.10776559263467789
27,9504487,0,XGBoost,15,75,0.17444215714931488
28,6158348,0,XGBoost,15,75,0.11429335922002792
29,10690171,0,XGBoost,15,75,0.32910358905792236
30,3131218,0,XGBoost,15,75,0.19581452012062073
31,2285187,0,XGBoost,15,75,0.5143174529075623
32,6452177,1,XGBoost,15,75,0.4925038814544678
33,8427549,0,XGBoost,15,75,0.15695072710514069
34,6759021,0,XGBoost,15,75,0.253925621509552
35,7880934,0,XGBoost,15,75,0.2633146345615387
36,3429043,0,XGBoost,15,75,0.6995301246643066
37,2115993,1,XGBoost,15,75,0.5974657535552979
38,11019618,0,XGBoost,15,75,0.7681820392608643
39,1893158,0,XGBoost,15,75,0.22251445055007935
40,10146223,0,XGBoost,15,75,0.263531357049942
41,3441821,0,XGBoost,15,75,0.2373708188533783
42,4391589,0,XGBoost,15,75,0.1767314076423645
43,6504503,0,XGBoost,15,75,0.14818882942199707
44,1462289,0,XGBoost,15,75,0.3048743009567261
45,1301122,0,XGBoost,15,75,0.26257431507110596
46,3618383,0,XGBoost,15,75,0.4089774787425995
47,10378934,0,XGBoost,15,75,0.36281538009643555
48,6939186,0,XGBoost,15,75,0.21220745146274567
49,6808059,0,XGBoost,15,75,0.31204694509506226
50,10313516,0,XGBoost,15,75,0.6490473747253418
51,7379114,0,XGBoost,15,75,0.27200624346733093
52,8311713,1,XGBoost,15,75,0.180783212184906
53,3243039,0,XGBoost,15,75,0.20990507304668427
54,634821,0,XGBoost,15,75,0.2590198516845703
55,9241417,0,XGBoost,15,75,0.10804428160190582
56,8932838,0,XGBoost,15,75,0.35896703600883484
57,10420144,0,XGBoost,15,75,0.35261788964271545
58,6659608,0,XGBoost,15,75,0.1376405507326126
59,2984944,0,XGBoost,15,75,0.2541225850582123
60,9719251,0,XGBoost,15,75,0.555887758731842
61,539682,0,XGBoost,15,75,0.1097053587436676
62,3490662,0,XGBoost,15,75,0.815837562084198
63,642571,0,XGBoost,15,75,0.6122390627861023
64,6085551,0,XGBoost,15,75,0.3621041178703308
65,3450089,0,XGBoost,15,75,0.1951894611120224
66,2050332,0,XGBoost,15,75,0.2760881185531616
67,8097011,0,XGBoost,15,75,0.18767717480659485
68,1095309,0,XGBoost,15,75,0.7467628121376038
69,5850717,0,XGBoost,15,75,0.23260639607906342
70,520239,0,XGBoost,15,75,0.5415322184562683
71,11537607,0,XGBoost,15,75,0.6981188058853149
72,10362211,0,XGBoost,15,75,0.8895930647850037
73,1853221,0,XGBoost,15,75,0.24216334521770477
74,5743906,0,XGBoost,15,75,0.2865513861179352
75,3655672,0,XGBoost,15,75,0.1385006606578827
76,8018657,0,XGBoost,15,75,0.18581220507621765
77,7965009,0,XGBoost,15,75,0.08078313618898392
78,10876281,0,XGBoost,15,75,0.1269720047712326
79,218606,0,XGBoost,15,75,0.288532555103302
80,4573881,0,XGBoost,15,75,0.5602272748947144
81,1153294,0,XGBoost,15,75,0.35116204619407654
82,2433847,0,XGBoost,15,75,0.37694817781448364
83,5498504,0,XGBoost,15,75,0.26789841055870056
84,4353957,1,XGBoost,15,75,0.44062766432762146
85,810662,0,XGBoost,15,75,0.3204304277896881
86,5288319,0,XGBoost,15,75,0.19696806371212006
87,7022768,0,XGBoost,15,75,0.4279342293739319
88,5169273,0,XGBoost,15,75,0.16963571310043335
89,2660248,0,XGBoost,15,75,0.22413933277130127
90,4934523,1,XGBoost,15,75,0.6029711961746216
91,2144042,0,XGBoost,15,75,0.320136696100235
92,3934133,0,XGBoost,15,75,0.3339240550994873
93,9342374,0,XGBoost,15,75,0.22784703969955444
94,4469039,0,XGBoost,15,75,0.3076510727405548
95,12844,0,XGBoost,15,75,0.14351074397563934
96,5139816,0,XGBoost,15,75,0.19713222980499268
97,7871211,0,XGBoost,15,75,0.2762589752674103
98,8844818,0,XGBoost,15,75,0.3678364157676697
99,1841057,0,XGBoost,15,75,0.15729950368404388
100,1923039,0,XGBoost,15,75,0.7509680986404419
1,5714601,0,LightGBM,15,75,0.4376713283818007
2,6499887,0,LightGBM,15,75,0.35275194954777367
3,4550493,0,LightGBM,15,75,0.21737600726672385
4,11466673,0,LightGBM,15,75,0.7668871764620019
5,2479601,0,LightGBM,15,75,0.3698912010738117
6,8378544,0,LightGBM,15,75,0.5225674659075492
7,9201661,0,LightGBM,15,75,0.34378856383594014
8,330739,0,LightGBM,15,75,0.2843877999954899
9,901826,0,LightGBM,15,75,0.24060248729071315
10,1972573,0,LightGBM,15,75,0.2735944470381312
11,7509166,0,LightGBM,15,75,0.15974833764330074
12,3752798,0,LightGBM,15,75,0.335536298897958
13,7013909,0,LightGBM,15,75,0.6233413035563523
14,563996,0,LightGBM,15,75,0.05630760711469738
15,5171809,0,LightGBM,15,75,0.1841715623412984
16,3053337,0,LightGBM,15,75,0.3586166592441869
17,3675893,0,LightGBM,15,75,0.20208429303524955
18,724622,0,LightGBM,15,75,0.23549592128583946
19,7449726,0,LightGBM,15,75,0.4618646144037875
20,5918297,0,LightGBM,15,75,0.7437615155491769
21,10779582,0,LightGBM,15,75,0.2520038825706185
22,6537621,0,LightGBM,15,75,0.299983182594607
23,5495648,0,LightGBM,15,75,0.23603718895669218
24,7391994,0,LightGBM,15,75,0.22523218803994718
25,3110284,0,LightGBM,15,75,0.37664625204032093
26,8677719,0,LightGBM,15,75,0.16917009620516654
27,9504487,0,LightGBM,15,75,0.1950661631116867
28,6158348,0,LightGBM,15,75,0.16801474090090449
29,10690171,0,LightGBM,15,75,0.30058461475145615
30,3131218,0,LightGBM,15,75,0.23319252123911388
31,2285187,0,LightGBM,15,75,0.4952489955728366
32,6452177,1,LightGBM,15,75,0.5141987384227119
33,8427549,0,LightGBM,15,75,0.15932039548145632
34,6759021,0,LightGBM,15,75,0.2128594491278186
35,7880934,0,LightGBM,15,75,0.24664426634339948
36,3429043,0,LightGBM,15,75,0.6680931673355603
37,2115993,1,LightGBM,15,75,0.5533708501936493
38,11019618,0,LightGBM,15,75,0.6233711923991555
39,1893158,0,LightGBM,15,75,0.22845083812681996
40,10146223,0,LightGBM,15,75,0.2883065568891745
41,3441821,0,LightGBM,15,75,0.3253090200836091
42,4391589,0,LightGBM,15,75,0.2574876485708592
43,6504503,0,LightGBM,15,75,0.14575715556493443
44,1462289,0,LightGBM,15,75,0.26990900768551374
45,1301122,0,LightGBM,15,75,0.25217307517737036
46,3618383,0,LightGBM,15,75,0.42074563182418084
47,10378934,0,LightGBM,15,75,0.37761960033561487
48,6939186,0,LightGBM,15,75,0.16101183079436526
49,6808059,0,LightGBM,15,75,0.2393512913309713
50,10313516,0,LightGBM,15,75,0.39290505950109783
51,7379114,0,LightGBM,15,75,0.14022505935857615
52,8311713,1,LightGBM,15,75,0.21957454196569143
53,3243039,0,LightGBM,15,75,0.2141387321258541
54,634821,0,LightGBM,15,75,0.32925775931752965
55,9241417,0,LightGBM,15,75,0.12560953067348138
56,8932838,0,LightGBM,15,75,0.2747043023560826
57,10420144,0,LightGBM,15,75,0.29691987600056835
58,6659608,0,LightGBM,15,75,0.1801937140222199
59,2984944,0,LightGBM,15,75,0.19974818927046378
60,9719251,0,LightGBM,15,75,0.594898976028137
61,539682,0,LightGBM,15,75,0.14211951322564123
62,3490662,0,LightGBM,15,75,0.7964851021573407
63,642571,0,LightGBM,15,75,0.637394614097837
64,6085551,0,LightGBM,15,75,0.3010554276570269
65,3450089,0,LightGBM,15,75,0.26119304191206005
66,2050332,0,LightGBM,15,75,0.28911227857210114
67,8097011,0,LightGBM,15,75,0.3479905419556257
68,1095309,0,LightGBM,15,75,0.7200164117042996
69,5850717,0,LightGBM,15,75,0.27344341878292955
70,520239,0,LightGBM,15,75,0.44704706894650403
71,11537607,0,LightGBM,15,75,0.6976214118999005
72,10362211,0,LightGBM,15,75,0.8545110793416915
73,1853221,0,LightGBM,15,75,0.220730848625582
74,5743906,0,LightGBM,15,75,0.25117901683556043
75,3655672,0,LightGBM,15,75,0.16425938985000313
76,8018657,0,LightGBM,15,75,0.1887433124852138
77,7965009,0,LightGBM,15,75,0.10097653624724534
78,10876281,0,LightGBM,15,75,0.19307431100283162
79,218606,0,LightGBM,15,75,0.300283522619926
80,4573881,0,LightGBM,15,75,0.5491773507945206
81,1153294,0,LightGBM,15,75,0.3403696747110675
82,2433847,0,LightGBM,15,75,0.5404927640263075
83,5498504,0,LightGBM,15,75,0.3103780929408186
84,4353957,1,LightGBM,15,75,0.5818323969941915
85,810662,0,LightGBM,15,75,0.29935413807883726
86,5288319,0,LightGBM,15,75,0.21842031520869956
87,7022768,0,LightGBM,15,75,0.38381386683472135
88,5169273,0,LightGBM,15,75,0.1763134660898513
89,2660248,0,LightGBM,15,75,0.21345935805525473
90,4934523,1,LightGBM,15,75,0.7574641959587948
91,2144042,0,LightGBM,15,75,0.2886275993843235
92,3934133,0,LightGBM,15,75,0.31909942901468047
93,9342374,0,LightGBM,15,75,0.30949900474901604
94,4469039,0,LightGBM,15,75,0.3174294520751959
95,12844,0,LightGBM,15,75,0.17656965599702165
96,5139816,0,LightGBM,15,75,0.20322771817917124
97,7871211,0,LightGBM,15,75,0.2756367419198893
98,8844818,0,LightGBM,15,75,0.5357257435014604
99,1841057,0,LightGBM,15,75,0.2246060755714671
100,1923039,0,LightGBM,15,75,0.8814071305036248
1,5714601,0,LSTM,16,80,0.016416577622294426
2,6499887,0,LSTM,16,80,0.7092006802558899
3,4550493,0,LSTM,16,80,0.022363008931279182
4,11466673,0,LSTM,16,80,0.008046520873904228
5,2479601,0,LSTM,16,80,0.7691100835800171
6,8378544,0,LSTM,16,80,0.8821932077407837
7,9201661,0,LSTM,16,80,0.051011208444833755
8,330739,0,LSTM,16,80,0.015048692934215069
9,901826,0,LSTM,16,80,0.693037748336792
10,1972573,0,LSTM,16,80,0.6342996954917908
11,7509166,0,LSTM,16,80,0.18927879631519318
12,3752798,0,LSTM,16,80,0.11447857320308685
13,7013909,0,LSTM,16,80,0.9128772020339966
14,563996,0,LSTM,16,80,0.28883516788482666
15,5171809,0,LSTM,16,80,0.02830030396580696
16,3053337,0,LSTM,16,80,0.06921771913766861
17,3675893,0,LSTM,16,80,0.24068428575992584
18,724622,0,LSTM,16,80,0.025681518018245697
19,7449726,0,LSTM,16,80,0.06800811737775803
20,5918297,0,LSTM,16,80,0.15978124737739563
21,10779582,0,LSTM,16,80,0.007914034649729729
22,6537621,0,LSTM,16,80,0.2271757423877716
23,5495648,0,LSTM,16,80,0.008005473762750626
24,7391994,0,LSTM,16,80,0.14547638595104218
25,3110284,0,LSTM,16,80,0.5405301451683044
26,8677719,0,LSTM,16,80,0.10530536621809006
27,9504487,0,LSTM,16,80,0.06412068754434586
28,6158348,0,LSTM,16,80,0.39300888776779175
29,10690171,0,LSTM,16,80,0.7565160393714905
30,3131218,0,LSTM,16,80,0.7969353199005127
31,2285187,0,LSTM,16,80,0.6791883707046509
32,6452177,1,LSTM,16,80,0.5313206911087036
33,8427549,0,LSTM,16,80,0.01895487867295742
34,6759021,0,LSTM,16,80,0.08070220798254013
35,7880934,0,LSTM,16,80,0.2023974508047104
36,3429043,0,LSTM,16,80,0.9213143587112427
37,2115993,1,LSTM,16,80,0.46707579493522644
38,11019618,0,LSTM,16,80,0.05113445222377777
39,1893158,0,LSTM,16,80,0.4308268129825592
40,10146223,0,LSTM,16,80,0.5556971430778503
41,3441821,0,LSTM,16,80,0.11213774234056473
42,4391589,0,LSTM,16,80,0.02096545696258545
43,6504503,0,LSTM,16,80,0.00912417471408844
44,1462289,0,LSTM,16,80,0.13075919449329376
45,1301122,0,LSTM,16,80,0.09026648104190826
46,3618383,0,LSTM,16,80,0.5595064163208008
47,10378934,0,LSTM,16,80,0.6844996213912964
48,6939186,0,LSTM,16,80,0.43462827801704407
49,6808059,0,LSTM,16,80,0.10448160022497177
50,10313516,0,LSTM,16,80,0.3467976450920105
51,7379114,0,LSTM,16,80,0.3463798463344574
52,8311713,1,LSTM,16,80,0.26959124207496643
53,3243039,0,LSTM,16,80,0.01588551327586174
54,634821,0,LSTM,16,80,0.25362759828567505
55,9241417,0,LSTM,16,80,0.17385032773017883
56,8932838,0,LSTM,16,80,0.6008442640304565
57,10420144,0,LSTM,16,80,0.49150148034095764
58,6659608,0,LSTM,16,80,0.7255256772041321
59,2984944,0,LSTM,16,80,0.860795795917511
60,9719251,0,LSTM,16,80,0.7284903526306152
61,539682,0,LSTM,16,80,0.13393272459506989
62,3490662,0,LSTM,16,80,0.8921526074409485
63,642571,0,LSTM,16,80,0.027009863406419754
64,6085551,0,LSTM,16,80,0.05776634067296982
65,3450089,0,LSTM,16,80,0.28788965940475464
66,2050332,0,LSTM,16,80,0.10886867344379425
67,8097011,0,LSTM,16,80,0.013830387033522129
68,1095309,0,LSTM,16,80,0.890687108039856
69,5850717,0,LSTM,16,80,0.08629495650529861
70,520239,0,LSTM,16,80,0.652927041053772
71,11537607,0,LSTM,16,80,0.807137131690979
72,10362211,0,LSTM,16,80,0.906266450881958
73,1853221,0,LSTM,16,80,0.4539114534854889
74,5743906,0,LSTM,16,80,0.2739035189151764
75,3655672,0,LSTM,16,80,0.20392650365829468
76,8018657,0,LSTM,16,80,0.04002164676785469
77,7965009,0,LSTM,16,80,0.07883325219154358
78,10876281,0,LSTM,16,80,0.011722528375685215
79,218606,0,LSTM,16,80,0.38726621866226196
80,4573881,0,LSTM,16,80,0.0968647450208664
81,1153294,0,LSTM,16,80,0.12520889937877655
82,2433847,0,LSTM,16,80,0.00498506985604763
83,5498504,0,LSTM,16,80,0.13700154423713684
84,4353957,1,LSTM,16,80,0.1690312772989273
85,810662,0,LSTM,16,80,0.009272124618291855
86,5288319,0,LSTM,16,80,0.08693596720695496
87,7022768,0,LSTM,16,80,0.592370331287384
88,5169273,0,LSTM,16,80,0.1612509936094284
89,2660248,0,LSTM,16,80,0.13982190191745758
90,4934523,1,LSTM,16,80,0.8940950036048889
91,2144042,0,LSTM,16,80,0.6229214668273926
92,3934133,0,LSTM,16,80,0.56464684009552
93,9342374,0,LSTM,16,80,0.0018093108665198088
94,4469039,0,LSTM,16,80,0.9026880264282227
95,12844,0,LSTM,16,80,0.18661455810070038
96,5139816,0,LSTM,16,80,0.6934629678726196
97,7871211,0,LSTM,16,80,0.6713130474090576
98,8844818,0,LSTM,16,80,0.015860911458730698
99,1841057,0,LSTM,16,80,0.015984827652573586
100,1923039,0,LSTM,16,80,0.03194760903716087
1,5714601,0,GRU,16,80,0.11945638805627823
2,6499887,0,GRU,16,80,0.46364718675613403
3,4550493,0,GRU,16,80,0.1840951144695282
4,11466673,0,GRU,16,80,0.05239880830049515
5,2479601,0,GRU,16,80,0.692300021648407
6,8378544,0,GRU,16,80,0.7999123930931091
7,9201661,0,GRU,16,80,0.30284973978996277
8,330739,0,GRU,16,80,0.05503307282924652
9,901826,0,GRU,16,80,0.41073504090309143
10,1972573,0,GRU,16,80,0.442160427570343
11,7509166,0,GRU,16,80,0.22602319717407227
12,3752798,0,GRU,16,80,0.14066828787326813
13,7013909,0,GRU,16,80,0.7577590346336365
14,563996,0,GRU,16,80,0.34938547015190125
15,5171809,0,GRU,16,80,0.0681556910276413
16,3053337,0,GRU,16,80,0.024462640285491943
17,3675893,0,GRU,16,80,0.2983759343624115
18,724622,0,GRU,16,80,0.05532084032893181
19,7449726,0,GRU,16,80,0.12159034609794617
20,5918297,0,GRU,16,80,0.38653168082237244
21,10779582,0,GRU,16,80,0.050310540944337845
22,6537621,0,GRU,16,80,0.28455379605293274
23,5495648,0,GRU,16,80,0.022028056904673576
24,7391994,0,GRU,16,80,0.15484492480754852
25,3110284,0,GRU,16,80,0.46277034282684326
26,8677719,0,GRU,16,80,0.19313646852970123
27,9504487,0,GRU,16,80,0.09903629124164581
28,6158348,0,GRU,16,80,0.4510163366794586
29,10690171,0,GRU,16,80,0.568976640701294
30,3131218,0,GRU,16,80,0.6578792333602905
31,2285187,0,GRU,16,80,0.5722806453704834
32,6452177,1,GRU,16,80,0.44837164878845215
33,8427549,0,GRU,16,80,0.07969994843006134
34,6759021,0,GRU,16,80,0.19370777904987335
35,7880934,0,GRU,16,80,0.20421206951141357
36,3429043,0,GRU,16,80,0.8169139623641968
37,2115993,1,GRU,16,80,0.40567007660865784
38,11019618,0,GRU,16,80,0.13520708680152893
39,1893158,0,GRU,16,80,0.3051748275756836
40,10146223,0,GRU,16,80,0.4700174927711487
41,3441821,0,GRU,16,80,0.17751337587833405
42,4391589,0,GRU,16,80,0.09771907329559326
43,6504503,0,GRU,16,80,0.02772744745016098
44,1462289,0,GRU,16,80,0.24094873666763306
45,1301122,0,GRU,16,80,0.13523291051387787
46,3618383,0,GRU,16,80,0.4846961200237274
47,10378934,0,GRU,16,80,0.588556170463562
48,6939186,0,GRU,16,80,0.5421016216278076
49,6808059,0,GRU,16,80,0.19975025951862335
50,10313516,0,GRU,16,80,0.43033793568611145
51,7379114,0,GRU,16,80,0.41641685366630554
52,8311713,1,GRU,16,80,0.37209799885749817
53,3243039,0,GRU,16,80,0.06838293373584747
54,634821,0,GRU,16,80,0.3559339642524719
55,9241417,0,GRU,16,80,0.21828901767730713
56,8932838,0,GRU,16,80,0.5901625752449036
57,10420144,0,GRU,16,80,0.4519428014755249
58,6659608,0,GRU,16,80,0.5775721669197083
59,2984944,0,GRU,16,80,0.8662168979644775
60,9719251,0,GRU,16,80,0.5711942911148071
61,539682,0,GRU,16,80,0.20370370149612427
62,3490662,0,GRU,16,80,0.8227726221084595
63,642571,0,GRU,16,80,0.08081215620040894
64,6085551,0,GRU,16,80,0.2869579792022705
65,3450089,0,GRU,16,80,0.2382378876209259
66,2050332,0,GRU,16,80,0.15397164225578308
67,8097011,0,GRU,16,80,0.05652977153658867
68,1095309,0,GRU,16,80,0.732025146484375
69,5850717,0,GRU,16,80,0.16961397230625153
70,520239,0,GRU,16,80,0.5302339792251587
71,11537607,0,GRU,16,80,0.5998313426971436
72,10362211,0,GRU,16,80,0.728931188583374
73,1853221,0,GRU,16,80,0.47194722294807434
74,5743906,0,GRU,16,80,0.35002440214157104
75,3655672,0,GRU,16,80,0.2495119869709015
76,8018657,0,GRU,16,80,0.09011615812778473
77,7965009,0,GRU,16,80,0.12175512313842773
78,10876281,0,GRU,16,80,0.05553693324327469
79,218606,0,GRU,16,80,0.39357468485832214
80,4573881,0,GRU,16,80,0.08929213136434555
81,1153294,0,GRU,16,80,0.17715506255626678
82,2433847,0,GRU,16,80,0.04303596913814545
83,5498504,0,GRU,16,80,0.16797107458114624
84,4353957,1,GRU,16,80,0.6162283420562744
85,810662,0,GRU,16,80,0.09170296788215637
86,5288319,0,GRU,16,80,0.13138146698474884
87,7022768,0,GRU,16,80,0.5501134395599365
88,5169273,0,GRU,16,80,0.20262734591960907
89,2660248,0,GRU,16,80,0.16818660497665405
90,4934523,1,GRU,16,80,0.8767462968826294
91,2144042,0,GRU,16,80,0.5052782297134399
92,3934133,0,GRU,16,80,0.45887523889541626
93,9342374,0,GRU,16,80,0.013477792963385582
94,4469039,0,GRU,16,80,0.8741047382354736
95,12844,0,GRU,16,80,0.28252190351486206
96,5139816,0,GRU,16,80,0.5891741514205933
97,7871211,0,GRU,16,80,0.6675941944122314
98,8844818,0,GRU,16,80,0.08410120010375977
99,1841057,0,GRU,16,80,0.05848520249128342
100,1923039,0,GRU,16,80,0.11624342948198318
1,5714601,0,GRU + Attention,16,80,0.15279699862003326
2,6499887,0,GRU + Attention,16,80,0.4405663311481476
3,4550493,0,GRU + Attention,16,80,0.24469828605651855
4,11466673,0,GRU + Attention,16,80,0.06899150460958481
5,2479601,0,GRU + Attention,16,80,0.7037945985794067
6,8378544,0,GRU + Attention,16,80,0.668537974357605
7,9201661,0,GRU + Attention,16,80,0.2462211400270462
8,330739,0,GRU + Attention,16,80,0.05503237247467041
9,901826,0,GRU + Attention,16,80,0.2560481131076813
10,1972573,0,GRU + Attention,16,80,0.43281665444374084
11,7509166,0,GRU + Attention,16,80,0.15357302129268646
12,3752798,0,GRU + Attention,16,80,0.10692659765481949
13,7013909,0,GRU + Attention,16,80,0.7937448620796204
14,563996,0,GRU + Attention,16,80,0.23524703085422516
15,5171809,0,GRU + Attention,16,80,0.02592359110713005
16,3053337,0,GRU + Attention,16,80,0.08074164390563965
17,3675893,0,GRU + Attention,16,80,0.27796971797943115
18,724622,0,GRU + Attention,16,80,0.05913478881120682
19,7449726,0,GRU + Attention,16,80,0.07420603185892105
20,5918297,0,GRU + Attention,16,80,0.5942870378494263
21,10779582,0,GRU + Attention,16,80,0.053169384598731995
22,6537621,0,GRU + Attention,16,80,0.44332975149154663
23,5495648,0,GRU + Attention,16,80,0.05045077204704285
24,7391994,0,GRU + Attention,16,80,0.2027672380208969
25,3110284,0,GRU + Attention,16,80,0.5037753582000732
26,8677719,0,GRU + Attention,16,80,0.30430060625076294
27,9504487,0,GRU + Attention,16,80,0.15823252499103546
28,6158348,0,GRU + Attention,16,80,0.2642577588558197
29,10690171,0,GRU + Attention,16,80,0.6967718005180359
30,3131218,0,GRU + Attention,16,80,0.7434216737747192
31,2285187,0,GRU + Attention,16,80,0.6134014129638672
32,6452177,1,GRU + Attention,16,80,0.5439571142196655
33,8427549,0,GRU + Attention,16,80,0.026876229792833328
34,6759021,0,GRU + Attention,16,80,0.06944780051708221
35,7880934,0,GRU + Attention,16,80,0.2679242193698883
36,3429043,0,GRU + Attention,16,80,0.7935614585876465
37,2115993,1,GRU + Attention,16,80,0.3040444552898407
38,11019618,0,GRU + Attention,16,80,0.44563788175582886
39,1893158,0,GRU + Attention,16,80,0.1852099895477295
40,10146223,0,GRU + Attention,16,80,0.48628243803977966
41,3441821,0,GRU + Attention,16,80,0.16411437094211578
42,4391589,0,GRU + Attention,16,80,0.07175213098526001
43,6504503,0,GRU + Attention,16,80,0.029736271128058434
44,1462289,0,GRU + Attention,16,80,0.07394343614578247
45,1301122,0,GRU + Attention,16,80,0.13526934385299683
46,3618383,0,GRU + Attention,16,80,0.5894755125045776
47,10378934,0,GRU + Attention,16,80,0.5625726580619812
48,6939186,0,GRU + Attention,16,80,0.46947115659713745
49,6808059,0,GRU + Attention,16,80,0.19185224175453186
50,10313516,0,GRU + Attention,16,80,0.47044360637664795
51,7379114,0,GRU + Attention,16,80,0.4188493490219116
52,8311713,1,GRU + Attention,16,80,0.34398889541625977
53,3243039,0,GRU + Attention,16,80,0.12191490083932877
54,634821,0,GRU + Attention,16,80,0.3055143356323242
55,9241417,0,GRU + Attention,16,80,0.16850200295448303
56,8932838,0,GRU + Attention,16,80,0.47241881489753723
57,10420144,0,GRU + Attention,16,80,0.4574991762638092
58,6659608,0,GRU + Attention,16,80,0.4187174439430237
59,2984944,0,GRU + Attention,16,80,0.770468533039093
60,9719251,0,GRU + Attention,16,80,0.4799768030643463
61,539682,0,GRU + Attention,16,80,0.15479981899261475
62,3490662,0,GRU + Attention,16,80,0.6450645327568054
63,642571,0,GRU + Attention,16,80,0.20953847467899323
64,6085551,0,GRU + Attention,16,80,0.2766658365726471
65,3450089,0,GRU + Attention,16,80,0.2795129716396332
66,2050332,0,GRU + Attention,16,80,0.2544005811214447
67,8097011,0,GRU + Attention,16,80,0.026298604905605316
68,1095309,0,GRU + Attention,16,80,0.6158959269523621
69,5850717,0,GRU + Attention,16,80,0.22222161293029785
70,520239,0,GRU + Attention,16,80,0.6564062833786011
71,11537607,0,GRU + Attention,16,80,0.6425619125366211
72,10362211,0,GRU + Attention,16,80,0.7498682737350464
73,1853221,0,GRU + Attention,16,80,0.4710800051689148
74,5743906,0,GRU + Attention,16,80,0.2454993575811386
75,3655672,0,GRU + Attention,16,80,0.10644792765378952
76,8018657,0,GRU + Attention,16,80,0.0536329448223114
77,7965009,0,GRU + Attention,16,80,0.039907265454530716
78,10876281,0,GRU + Attention,16,80,0.020739534869790077
79,218606,0,GRU + Attention,16,80,0.4358731210231781
80,4573881,0,GRU + Attention,16,80,0.060949455946683884
81,1153294,0,GRU + Attention,16,80,0.3873513340950012
82,2433847,0,GRU + Attention,16,80,0.21199166774749756
83,5498504,0,GRU + Attention,16,80,0.16470429301261902
84,4353957,1,GRU + Attention,16,80,0.4454926550388336
85,810662,0,GRU + Attention,16,80,0.0659417137503624
86,5288319,0,GRU + Attention,16,80,0.12126506865024567
87,7022768,0,GRU + Attention,16,80,0.5043150186538696
88,5169273,0,GRU + Attention,16,80,0.1426401138305664
89,2660248,0,GRU + Attention,16,80,0.2249070107936859
90,4934523,1,GRU + Attention,16,80,0.8029828071594238
91,2144042,0,GRU + Attention,16,80,0.5837067365646362
92,3934133,0,GRU + Attention,16,80,0.4388374984264374
93,9342374,0,GRU + Attention,16,80,0.04236501455307007
94,4469039,0,GRU + Attention,16,80,0.7417140007019043
95,12844,0,GRU + Attention,16,80,0.22795087099075317
96,5139816,0,GRU + Attention,16,80,0.5745182037353516
97,7871211,0,GRU + Attention,16,80,0.5134992599487305
98,8844818,0,GRU + Attention,16,80,0.07093531638383865
99,1841057,0,GRU + Attention,16,80,0.053150590509176254
100,1923039,0,GRU + Attention,16,80,0.4203989803791046
1,5714601,0,XGBoost,16,80,0.35705167055130005
2,6499887,0,XGBoost,16,80,0.3221989870071411
3,4550493,0,XGBoost,16,80,0.2809368968009949
4,11466673,0,XGBoost,16,80,0.6626734137535095
5,2479601,0,XGBoost,16,80,0.3610534071922302
6,8378544,0,XGBoost,16,80,0.5193779468536377
7,9201661,0,XGBoost,16,80,0.38976189494132996
8,330739,0,XGBoost,16,80,0.25060349702835083
9,901826,0,XGBoost,16,80,0.28869107365608215
10,1972573,0,XGBoost,16,80,0.3179788291454315
11,7509166,0,XGBoost,16,80,0.12972921133041382
12,3752798,0,XGBoost,16,80,0.2390517294406891
13,7013909,0,XGBoost,16,80,0.6809470057487488
14,563996,0,XGBoost,16,80,0.053786538541316986
15,5171809,0,XGBoost,16,80,0.21463528275489807
16,3053337,0,XGBoost,16,80,0.4281827211380005
17,3675893,0,XGBoost,16,80,0.2087317407131195
18,724622,0,XGBoost,16,80,0.21702797710895538
19,7449726,0,XGBoost,16,80,0.35620149970054626
20,5918297,0,XGBoost,16,80,0.6316608190536499
21,10779582,0,XGBoost,16,80,0.17885178327560425
22,6537621,0,XGBoost,16,80,0.34208211302757263
23,5495648,0,XGBoost,16,80,0.19335174560546875
24,7391994,0,XGBoost,16,80,0.13235601782798767
25,3110284,0,XGBoost,16,80,0.06947813183069229
26,8677719,0,XGBoost,16,80,0.10776559263467789
27,9504487,0,XGBoost,16,80,0.17444215714931488
28,6158348,0,XGBoost,16,80,0.11429335922002792
29,10690171,0,XGBoost,16,80,0.32910358905792236
30,3131218,0,XGBoost,16,80,0.19581452012062073
31,2285187,0,XGBoost,16,80,0.5143174529075623
32,6452177,1,XGBoost,16,80,0.4925038814544678
33,8427549,0,XGBoost,16,80,0.15695072710514069
34,6759021,0,XGBoost,16,80,0.253925621509552
35,7880934,0,XGBoost,16,80,0.2633146345615387
36,3429043,0,XGBoost,16,80,0.6995301246643066
37,2115993,1,XGBoost,16,80,0.5974657535552979
38,11019618,0,XGBoost,16,80,0.7681820392608643
39,1893158,0,XGBoost,16,80,0.22251445055007935
40,10146223,0,XGBoost,16,80,0.263531357049942
41,3441821,0,XGBoost,16,80,0.2373708188533783
42,4391589,0,XGBoost,16,80,0.1767314076423645
43,6504503,0,XGBoost,16,80,0.14818882942199707
44,1462289,0,XGBoost,16,80,0.3048743009567261
45,1301122,0,XGBoost,16,80,0.26257431507110596
46,3618383,0,XGBoost,16,80,0.4089774787425995
47,10378934,0,XGBoost,16,80,0.36281538009643555
48,6939186,0,XGBoost,16,80,0.21220745146274567
49,6808059,0,XGBoost,16,80,0.31204694509506226
50,10313516,0,XGBoost,16,80,0.6490473747253418
51,7379114,0,XGBoost,16,80,0.27200624346733093
52,8311713,1,XGBoost,16,80,0.180783212184906
53,3243039,0,XGBoost,16,80,0.20990507304668427
54,634821,0,XGBoost,16,80,0.2590198516845703
55,9241417,0,XGBoost,16,80,0.10804428160190582
56,8932838,0,XGBoost,16,80,0.35896703600883484
57,10420144,0,XGBoost,16,80,0.35261788964271545
58,6659608,0,XGBoost,16,80,0.1376405507326126
59,2984944,0,XGBoost,16,80,0.2541225850582123
60,9719251,0,XGBoost,16,80,0.555887758731842
61,539682,0,XGBoost,16,80,0.1097053587436676
62,3490662,0,XGBoost,16,80,0.815837562084198
63,642571,0,XGBoost,16,80,0.6122390627861023
64,6085551,0,XGBoost,16,80,0.3621041178703308
65,3450089,0,XGBoost,16,80,0.1951894611120224
66,2050332,0,XGBoost,16,80,0.2760881185531616
67,8097011,0,XGBoost,16,80,0.18767717480659485
68,1095309,0,XGBoost,16,80,0.7467628121376038
69,5850717,0,XGBoost,16,80,0.23260639607906342
70,520239,0,XGBoost,16,80,0.5415322184562683
71,11537607,0,XGBoost,16,80,0.6981188058853149
72,10362211,0,XGBoost,16,80,0.8804369568824768
73,1853221,0,XGBoost,16,80,0.24216334521770477
74,5743906,0,XGBoost,16,80,0.2865513861179352
75,3655672,0,XGBoost,16,80,0.1385006606578827
76,8018657,0,XGBoost,16,80,0.18581220507621765
77,7965009,0,XGBoost,16,80,0.08078313618898392
78,10876281,0,XGBoost,16,80,0.1269720047712326
79,218606,0,XGBoost,16,80,0.288532555103302
80,4573881,0,XGBoost,16,80,0.5602272748947144
81,1153294,0,XGBoost,16,80,0.35116204619407654
82,2433847,0,XGBoost,16,80,0.37694817781448364
83,5498504,0,XGBoost,16,80,0.26789841055870056
84,4353957,1,XGBoost,16,80,0.44062766432762146
85,810662,0,XGBoost,16,80,0.3204304277896881
86,5288319,0,XGBoost,16,80,0.19696806371212006
87,7022768,0,XGBoost,16,80,0.4279342293739319
88,5169273,0,XGBoost,16,80,0.16963571310043335
89,2660248,0,XGBoost,16,80,0.22413933277130127
90,4934523,1,XGBoost,16,80,0.6029711961746216
91,2144042,0,XGBoost,16,80,0.320136696100235
92,3934133,0,XGBoost,16,80,0.3339240550994873
93,9342374,0,XGBoost,16,80,0.22784703969955444
94,4469039,0,XGBoost,16,80,0.3076510727405548
95,12844,0,XGBoost,16,80,0.14351074397563934
96,5139816,0,XGBoost,16,80,0.19713222980499268
97,7871211,0,XGBoost,16,80,0.2762589752674103
98,8844818,0,XGBoost,16,80,0.3678364157676697
99,1841057,0,XGBoost,16,80,0.15729950368404388
100,1923039,0,XGBoost,16,80,0.7509680986404419
1,5714601,0,LightGBM,16,80,0.4376713283818007
2,6499887,0,LightGBM,16,80,0.35275194954777367
3,4550493,0,LightGBM,16,80,0.21737600726672385
4,11466673,0,LightGBM,16,80,0.7668871764620019
5,2479601,0,LightGBM,16,80,0.3698912010738117
6,8378544,0,LightGBM,16,80,0.5225674659075492
7,9201661,0,LightGBM,16,80,0.34378856383594014
8,330739,0,LightGBM,16,80,0.2843877999954899
9,901826,0,LightGBM,16,80,0.24060248729071315
10,1972573,0,LightGBM,16,80,0.2735944470381312
11,7509166,0,LightGBM,16,80,0.15974833764330074
12,3752798,0,LightGBM,16,80,0.335536298897958
13,7013909,0,LightGBM,16,80,0.6233413035563523
14,563996,0,LightGBM,16,80,0.05630760711469738
15,5171809,0,LightGBM,16,80,0.1841715623412984
16,3053337,0,LightGBM,16,80,0.3586166592441869
17,3675893,0,LightGBM,16,80,0.20208429303524955
18,724622,0,LightGBM,16,80,0.23549592128583946
19,7449726,0,LightGBM,16,80,0.4618646144037875
20,5918297,0,LightGBM,16,80,0.7075356193873948
21,10779582,0,LightGBM,16,80,0.2520038825706185
22,6537621,0,LightGBM,16,80,0.299983182594607
23,5495648,0,LightGBM,16,80,0.23603718895669218
24,7391994,0,LightGBM,16,80,0.22523218803994718
25,3110284,0,LightGBM,16,80,0.37664625204032093
26,8677719,0,LightGBM,16,80,0.16917009620516654
27,9504487,0,LightGBM,16,80,0.1950661631116867
28,6158348,0,LightGBM,16,80,0.16801474090090449
29,10690171,0,LightGBM,16,80,0.30058461475145615
30,3131218,0,LightGBM,16,80,0.23319252123911388
31,2285187,0,LightGBM,16,80,0.4952489955728366
32,6452177,1,LightGBM,16,80,0.5141987384227119
33,8427549,0,LightGBM,16,80,0.15932039548145632
34,6759021,0,LightGBM,16,80,0.2128594491278186
35,7880934,0,LightGBM,16,80,0.24664426634339948
36,3429043,0,LightGBM,16,80,0.6680931673355603
37,2115993,1,LightGBM,16,80,0.5533708501936493
38,11019618,0,LightGBM,16,80,0.6233711923991555
39,1893158,0,LightGBM,16,80,0.22845083812681996
40,10146223,0,LightGBM,16,80,0.2883065568891745
41,3441821,0,LightGBM,16,80,0.3253090200836091
42,4391589,0,LightGBM,16,80,0.2574876485708592
43,6504503,0,LightGBM,16,80,0.14575715556493443
44,1462289,0,LightGBM,16,80,0.26990900768551374
45,1301122,0,LightGBM,16,80,0.25217307517737036
46,3618383,0,LightGBM,16,80,0.42074563182418084
47,10378934,0,LightGBM,16,80,0.37761960033561487
48,6939186,0,LightGBM,16,80,0.16101183079436526
49,6808059,0,LightGBM,16,80,0.2393512913309713
50,10313516,0,LightGBM,16,80,0.39290505950109783
51,7379114,0,LightGBM,16,80,0.14022505935857615
52,8311713,1,LightGBM,16,80,0.21957454196569143
53,3243039,0,LightGBM,16,80,0.2141387321258541
54,634821,0,LightGBM,16,80,0.32925775931752965
55,9241417,0,LightGBM,16,80,0.12560953067348138
56,8932838,0,LightGBM,16,80,0.2747043023560826
57,10420144,0,LightGBM,16,80,0.29691987600056835
58,6659608,0,LightGBM,16,80,0.1801937140222199
59,2984944,0,LightGBM,16,80,0.19974818927046378
60,9719251,0,LightGBM,16,80,0.594898976028137
61,539682,0,LightGBM,16,80,0.14211951322564123
62,3490662,0,LightGBM,16,80,0.7964851021573407
63,642571,0,LightGBM,16,80,0.637394614097837
64,6085551,0,LightGBM,16,80,0.3010554276570269
65,3450089,0,LightGBM,16,80,0.26119304191206005
66,2050332,0,LightGBM,16,80,0.28911227857210114
67,8097011,0,LightGBM,16,80,0.3479905419556257
68,1095309,0,LightGBM,16,80,0.7200164117042996
69,5850717,0,LightGBM,16,80,0.27344341878292955
70,520239,0,LightGBM,16,80,0.44704706894650403
71,11537607,0,LightGBM,16,80,0.6976214118999005
72,10362211,0,LightGBM,16,80,0.7763933255948086
73,1853221,0,LightGBM,16,80,0.220730848625582
74,5743906,0,LightGBM,16,80,0.25117901683556043
75,3655672,0,LightGBM,16,80,0.16425938985000313
76,8018657,0,LightGBM,16,80,0.1887433124852138
77,7965009,0,LightGBM,16,80,0.10097653624724534
78,10876281,0,LightGBM,16,80,0.19307431100283162
79,218606,0,LightGBM,16,80,0.300283522619926
80,4573881,0,LightGBM,16,80,0.5491773507945206
81,1153294,0,LightGBM,16,80,0.3403696747110675
82,2433847,0,LightGBM,16,80,0.5404927640263075
83,5498504,0,LightGBM,16,80,0.3103780929408186
84,4353957,1,LightGBM,16,80,0.5818323969941915
85,810662,0,LightGBM,16,80,0.29935413807883726
86,5288319,0,LightGBM,16,80,0.21842031520869956
87,7022768,0,LightGBM,16,80,0.38381386683472135
88,5169273,0,LightGBM,16,80,0.1763134660898513
89,2660248,0,LightGBM,16,80,0.21345935805525473
90,4934523,1,LightGBM,16,80,0.7574641959587948
91,2144042,0,LightGBM,16,80,0.2886275993843235
92,3934133,0,LightGBM,16,80,0.31909942901468047
93,9342374,0,LightGBM,16,80,0.30949900474901604
94,4469039,0,LightGBM,16,80,0.3174294520751959
95,12844,0,LightGBM,16,80,0.17656965599702165
96,5139816,0,LightGBM,16,80,0.20322771817917124
97,7871211,0,LightGBM,16,80,0.2756367419198893
98,8844818,0,LightGBM,16,80,0.5357257435014604
99,1841057,0,LightGBM,16,80,0.2246060755714671
100,1923039,0,LightGBM,16,80,0.8814071305036248
1,5714601,0,LSTM,17,85,0.016416577622294426
2,6499887,0,LSTM,17,85,0.7092006802558899
3,4550493,0,LSTM,17,85,0.022363008931279182
4,11466673,0,LSTM,17,85,0.008046520873904228
5,2479601,0,LSTM,17,85,0.7691100835800171
6,8378544,0,LSTM,17,85,0.8821932077407837
7,9201661,0,LSTM,17,85,0.051011208444833755
8,330739,0,LSTM,17,85,0.015048692934215069
9,901826,0,LSTM,17,85,0.693037748336792
10,1972573,0,LSTM,17,85,0.6342996954917908
11,7509166,0,LSTM,17,85,0.18927879631519318
12,3752798,0,LSTM,17,85,0.11447857320308685
13,7013909,0,LSTM,17,85,0.9128772020339966
14,563996,0,LSTM,17,85,0.28883516788482666
15,5171809,0,LSTM,17,85,0.02830030396580696
16,3053337,0,LSTM,17,85,0.06921771913766861
17,3675893,0,LSTM,17,85,0.24068428575992584
18,724622,0,LSTM,17,85,0.025681518018245697
19,7449726,0,LSTM,17,85,0.06800811737775803
20,5918297,0,LSTM,17,85,0.38521048426628113
21,10779582,0,LSTM,17,85,0.007914034649729729
22,6537621,0,LSTM,17,85,0.2271757423877716
23,5495648,0,LSTM,17,85,0.008005473762750626
24,7391994,0,LSTM,17,85,0.14547638595104218
25,3110284,0,LSTM,17,85,0.5405301451683044
26,8677719,0,LSTM,17,85,0.10530536621809006
27,9504487,0,LSTM,17,85,0.06412068754434586
28,6158348,0,LSTM,17,85,0.39300888776779175
29,10690171,0,LSTM,17,85,0.7565160393714905
30,3131218,0,LSTM,17,85,0.7969353199005127
31,2285187,0,LSTM,17,85,0.6791883707046509
32,6452177,1,LSTM,17,85,0.5313206911087036
33,8427549,0,LSTM,17,85,0.01895487867295742
34,6759021,0,LSTM,17,85,0.08070220798254013
35,7880934,0,LSTM,17,85,0.2023974508047104
36,3429043,0,LSTM,17,85,0.9213143587112427
37,2115993,1,LSTM,17,85,0.46707579493522644
38,11019618,0,LSTM,17,85,0.05113445222377777
39,1893158,0,LSTM,17,85,0.4308268129825592
40,10146223,0,LSTM,17,85,0.5556971430778503
41,3441821,0,LSTM,17,85,0.11213774234056473
42,4391589,0,LSTM,17,85,0.02096545696258545
43,6504503,0,LSTM,17,85,0.00912417471408844
44,1462289,0,LSTM,17,85,0.13075919449329376
45,1301122,0,LSTM,17,85,0.09026648104190826
46,3618383,0,LSTM,17,85,0.5595064163208008
47,10378934,0,LSTM,17,85,0.6844996213912964
48,6939186,0,LSTM,17,85,0.43462827801704407
49,6808059,0,LSTM,17,85,0.10448160022497177
50,10313516,0,LSTM,17,85,0.3467976450920105
51,7379114,0,LSTM,17,85,0.3463798463344574
52,8311713,1,LSTM,17,85,0.26959124207496643
53,3243039,0,LSTM,17,85,0.01588551327586174
54,634821,0,LSTM,17,85,0.25362759828567505
55,9241417,0,LSTM,17,85,0.17385032773017883
56,8932838,0,LSTM,17,85,0.6008442640304565
57,10420144,0,LSTM,17,85,0.49150148034095764
58,6659608,0,LSTM,17,85,0.7255256772041321
59,2984944,0,LSTM,17,85,0.860795795917511
60,9719251,0,LSTM,17,85,0.7284903526306152
61,539682,0,LSTM,17,85,0.13393272459506989
62,3490662,0,LSTM,17,85,0.8921526074409485
63,642571,0,LSTM,17,85,0.027009863406419754
64,6085551,0,LSTM,17,85,0.05776634067296982
65,3450089,0,LSTM,17,85,0.28788965940475464
66,2050332,0,LSTM,17,85,0.10886867344379425
67,8097011,0,LSTM,17,85,0.013830387033522129
68,1095309,0,LSTM,17,85,0.890687108039856
69,5850717,0,LSTM,17,85,0.08629495650529861
70,520239,0,LSTM,17,85,0.652927041053772
71,11537607,0,LSTM,17,85,0.807137131690979
72,10362211,0,LSTM,17,85,0.9553021192550659
73,1853221,0,LSTM,17,85,0.4539114534854889
74,5743906,0,LSTM,17,85,0.2739035189151764
75,3655672,0,LSTM,17,85,0.20392650365829468
76,8018657,0,LSTM,17,85,0.04002164676785469
77,7965009,0,LSTM,17,85,0.07883325219154358
78,10876281,0,LSTM,17,85,0.011722528375685215
79,218606,0,LSTM,17,85,0.38726621866226196
80,4573881,0,LSTM,17,85,0.0968647450208664
81,1153294,0,LSTM,17,85,0.12520889937877655
82,2433847,0,LSTM,17,85,0.00498506985604763
83,5498504,0,LSTM,17,85,0.13700154423713684
84,4353957,1,LSTM,17,85,0.1690312772989273
85,810662,0,LSTM,17,85,0.009272124618291855
86,5288319,0,LSTM,17,85,0.08693596720695496
87,7022768,0,LSTM,17,85,0.592370331287384
88,5169273,0,LSTM,17,85,0.1612509936094284
89,2660248,0,LSTM,17,85,0.13982190191745758
90,4934523,1,LSTM,17,85,0.8940950036048889
91,2144042,0,LSTM,17,85,0.6229214668273926
92,3934133,0,LSTM,17,85,0.56464684009552
93,9342374,0,LSTM,17,85,0.0018093108665198088
94,4469039,0,LSTM,17,85,0.9026880264282227
95,12844,0,LSTM,17,85,0.18661455810070038
96,5139816,0,LSTM,17,85,0.6934629678726196
97,7871211,0,LSTM,17,85,0.6713130474090576
98,8844818,0,LSTM,17,85,0.015860911458730698
99,1841057,0,LSTM,17,85,0.015984827652573586
100,1923039,0,LSTM,17,85,0.03194760903716087
1,5714601,0,GRU,17,85,0.11945638805627823
2,6499887,0,GRU,17,85,0.46364718675613403
3,4550493,0,GRU,17,85,0.1840951144695282
4,11466673,0,GRU,17,85,0.05239880830049515
5,2479601,0,GRU,17,85,0.692300021648407
6,8378544,0,GRU,17,85,0.7999123930931091
7,9201661,0,GRU,17,85,0.30284973978996277
8,330739,0,GRU,17,85,0.05503307282924652
9,901826,0,GRU,17,85,0.41073504090309143
10,1972573,0,GRU,17,85,0.442160427570343
11,7509166,0,GRU,17,85,0.22602319717407227
12,3752798,0,GRU,17,85,0.14066828787326813
13,7013909,0,GRU,17,85,0.7577590346336365
14,563996,0,GRU,17,85,0.34938547015190125
15,5171809,0,GRU,17,85,0.0681556910276413
16,3053337,0,GRU,17,85,0.024462640285491943
17,3675893,0,GRU,17,85,0.2983759343624115
18,724622,0,GRU,17,85,0.05532084032893181
19,7449726,0,GRU,17,85,0.12159034609794617
20,5918297,0,GRU,17,85,0.6678924560546875
21,10779582,0,GRU,17,85,0.050310540944337845
22,6537621,0,GRU,17,85,0.28455379605293274
23,5495648,0,GRU,17,85,0.022028056904673576
24,7391994,0,GRU,17,85,0.15484492480754852
25,3110284,0,GRU,17,85,0.46277034282684326
26,8677719,0,GRU,17,85,0.19313646852970123
27,9504487,0,GRU,17,85,0.09903629124164581
28,6158348,0,GRU,17,85,0.4510163366794586
29,10690171,0,GRU,17,85,0.568976640701294
30,3131218,0,GRU,17,85,0.6578792333602905
31,2285187,0,GRU,17,85,0.5722806453704834
32,6452177,1,GRU,17,85,0.44837164878845215
33,8427549,0,GRU,17,85,0.07969994843006134
34,6759021,0,GRU,17,85,0.19370777904987335
35,7880934,0,GRU,17,85,0.20421206951141357
36,3429043,0,GRU,17,85,0.8169139623641968
37,2115993,1,GRU,17,85,0.40567007660865784
38,11019618,0,GRU,17,85,0.13520708680152893
39,1893158,0,GRU,17,85,0.3051748275756836
40,10146223,0,GRU,17,85,0.4700174927711487
41,3441821,0,GRU,17,85,0.17751337587833405
42,4391589,0,GRU,17,85,0.09771907329559326
43,6504503,0,GRU,17,85,0.02772744745016098
44,1462289,0,GRU,17,85,0.24094873666763306
45,1301122,0,GRU,17,85,0.13523291051387787
46,3618383,0,GRU,17,85,0.4846961200237274
47,10378934,0,GRU,17,85,0.588556170463562
48,6939186,0,GRU,17,85,0.5421016216278076
49,6808059,0,GRU,17,85,0.19975025951862335
50,10313516,0,GRU,17,85,0.43033793568611145
51,7379114,0,GRU,17,85,0.41641685366630554
52,8311713,1,GRU,17,85,0.37209799885749817
53,3243039,0,GRU,17,85,0.06838293373584747
54,634821,0,GRU,17,85,0.3559339642524719
55,9241417,0,GRU,17,85,0.21828901767730713
56,8932838,0,GRU,17,85,0.5901625752449036
57,10420144,0,GRU,17,85,0.4519428014755249
58,6659608,0,GRU,17,85,0.5775721669197083
59,2984944,0,GRU,17,85,0.8662168979644775
60,9719251,0,GRU,17,85,0.5711942911148071
61,539682,0,GRU,17,85,0.20370370149612427
62,3490662,0,GRU,17,85,0.8227726221084595
63,642571,0,GRU,17,85,0.08081215620040894
64,6085551,0,GRU,17,85,0.2869579792022705
65,3450089,0,GRU,17,85,0.2382378876209259
66,2050332,0,GRU,17,85,0.15397164225578308
67,8097011,0,GRU,17,85,0.05652977153658867
68,1095309,0,GRU,17,85,0.732025146484375
69,5850717,0,GRU,17,85,0.16961397230625153
70,520239,0,GRU,17,85,0.5302339792251587
71,11537607,0,GRU,17,85,0.5998313426971436
72,10362211,0,GRU,17,85,0.9184557795524597
73,1853221,0,GRU,17,85,0.47194722294807434
74,5743906,0,GRU,17,85,0.35002440214157104
75,3655672,0,GRU,17,85,0.2495119869709015
76,8018657,0,GRU,17,85,0.09011615812778473
77,7965009,0,GRU,17,85,0.12175512313842773
78,10876281,0,GRU,17,85,0.05553693324327469
79,218606,0,GRU,17,85,0.39357468485832214
80,4573881,0,GRU,17,85,0.08929213136434555
81,1153294,0,GRU,17,85,0.17715506255626678
82,2433847,0,GRU,17,85,0.04303596913814545
83,5498504,0,GRU,17,85,0.16797107458114624
84,4353957,1,GRU,17,85,0.6162283420562744
85,810662,0,GRU,17,85,0.09170296788215637
86,5288319,0,GRU,17,85,0.13138146698474884
87,7022768,0,GRU,17,85,0.5501134395599365
88,5169273,0,GRU,17,85,0.20262734591960907
89,2660248,0,GRU,17,85,0.16818660497665405
90,4934523,1,GRU,17,85,0.8767462968826294
91,2144042,0,GRU,17,85,0.5052782297134399
92,3934133,0,GRU,17,85,0.45887523889541626
93,9342374,0,GRU,17,85,0.013477792963385582
94,4469039,0,GRU,17,85,0.8741047382354736
95,12844,0,GRU,17,85,0.28252190351486206
96,5139816,0,GRU,17,85,0.5891741514205933
97,7871211,0,GRU,17,85,0.6675941944122314
98,8844818,0,GRU,17,85,0.08410120010375977
99,1841057,0,GRU,17,85,0.05848520249128342
100,1923039,0,GRU,17,85,0.11624342948198318
1,5714601,0,GRU + Attention,17,85,0.15279699862003326
2,6499887,0,GRU + Attention,17,85,0.4405663311481476
3,4550493,0,GRU + Attention,17,85,0.24469828605651855
4,11466673,0,GRU + Attention,17,85,0.06899150460958481
5,2479601,0,GRU + Attention,17,85,0.7037945985794067
6,8378544,0,GRU + Attention,17,85,0.668537974357605
7,9201661,0,GRU + Attention,17,85,0.2462211400270462
8,330739,0,GRU + Attention,17,85,0.05503237247467041
9,901826,0,GRU + Attention,17,85,0.2560481131076813
10,1972573,0,GRU + Attention,17,85,0.43281665444374084
11,7509166,0,GRU + Attention,17,85,0.15357302129268646
12,3752798,0,GRU + Attention,17,85,0.10692659765481949
13,7013909,0,GRU + Attention,17,85,0.7937448620796204
14,563996,0,GRU + Attention,17,85,0.23524703085422516
15,5171809,0,GRU + Attention,17,85,0.02592359110713005
16,3053337,0,GRU + Attention,17,85,0.08074164390563965
17,3675893,0,GRU + Attention,17,85,0.27796971797943115
18,724622,0,GRU + Attention,17,85,0.05913478881120682
19,7449726,0,GRU + Attention,17,85,0.07420603185892105
20,5918297,0,GRU + Attention,17,85,0.5895160436630249
21,10779582,0,GRU + Attention,17,85,0.053169384598731995
22,6537621,0,GRU + Attention,17,85,0.44332975149154663
23,5495648,0,GRU + Attention,17,85,0.05045077204704285
24,7391994,0,GRU + Attention,17,85,0.2027672380208969
25,3110284,0,GRU + Attention,17,85,0.5037753582000732
26,8677719,0,GRU + Attention,17,85,0.30430060625076294
27,9504487,0,GRU + Attention,17,85,0.15823252499103546
28,6158348,0,GRU + Attention,17,85,0.2642577588558197
29,10690171,0,GRU + Attention,17,85,0.6967718005180359
30,3131218,0,GRU + Attention,17,85,0.7434216737747192
31,2285187,0,GRU + Attention,17,85,0.6134014129638672
32,6452177,1,GRU + Attention,17,85,0.5439571142196655
33,8427549,0,GRU + Attention,17,85,0.026876229792833328
34,6759021,0,GRU + Attention,17,85,0.06944780051708221
35,7880934,0,GRU + Attention,17,85,0.2679242193698883
36,3429043,0,GRU + Attention,17,85,0.7935614585876465
37,2115993,1,GRU + Attention,17,85,0.3040444552898407
38,11019618,0,GRU + Attention,17,85,0.44563788175582886
39,1893158,0,GRU + Attention,17,85,0.1852099895477295
40,10146223,0,GRU + Attention,17,85,0.48628243803977966
41,3441821,0,GRU + Attention,17,85,0.16411437094211578
42,4391589,0,GRU + Attention,17,85,0.07175213098526001
43,6504503,0,GRU + Attention,17,85,0.029736271128058434
44,1462289,0,GRU + Attention,17,85,0.07394343614578247
45,1301122,0,GRU + Attention,17,85,0.13526934385299683
46,3618383,0,GRU + Attention,17,85,0.5894755125045776
47,10378934,0,GRU + Attention,17,85,0.5625726580619812
48,6939186,0,GRU + Attention,17,85,0.46947115659713745
49,6808059,0,GRU + Attention,17,85,0.19185224175453186
50,10313516,0,GRU + Attention,17,85,0.47044360637664795
51,7379114,0,GRU + Attention,17,85,0.4188493490219116
52,8311713,1,GRU + Attention,17,85,0.34398889541625977
53,3243039,0,GRU + Attention,17,85,0.12191490083932877
54,634821,0,GRU + Attention,17,85,0.3055143356323242
55,9241417,0,GRU + Attention,17,85,0.16850200295448303
56,8932838,0,GRU + Attention,17,85,0.47241881489753723
57,10420144,0,GRU + Attention,17,85,0.4574991762638092
58,6659608,0,GRU + Attention,17,85,0.4187174439430237
59,2984944,0,GRU + Attention,17,85,0.770468533039093
60,9719251,0,GRU + Attention,17,85,0.4799768030643463
61,539682,0,GRU + Attention,17,85,0.15479981899261475
62,3490662,0,GRU + Attention,17,85,0.6450645327568054
63,642571,0,GRU + Attention,17,85,0.20953847467899323
64,6085551,0,GRU + Attention,17,85,0.2766658365726471
65,3450089,0,GRU + Attention,17,85,0.2795129716396332
66,2050332,0,GRU + Attention,17,85,0.2544005811214447
67,8097011,0,GRU + Attention,17,85,0.026298604905605316
68,1095309,0,GRU + Attention,17,85,0.6158959269523621
69,5850717,0,GRU + Attention,17,85,0.22222161293029785
70,520239,0,GRU + Attention,17,85,0.6564062833786011
71,11537607,0,GRU + Attention,17,85,0.6425619125366211
72,10362211,0,GRU + Attention,17,85,0.8007006049156189
73,1853221,0,GRU + Attention,17,85,0.4710800051689148
74,5743906,0,GRU + Attention,17,85,0.2454993575811386
75,3655672,0,GRU + Attention,17,85,0.10644792765378952
76,8018657,0,GRU + Attention,17,85,0.0536329448223114
77,7965009,0,GRU + Attention,17,85,0.039907265454530716
78,10876281,0,GRU + Attention,17,85,0.020739534869790077
79,218606,0,GRU + Attention,17,85,0.4358731210231781
80,4573881,0,GRU + Attention,17,85,0.060949455946683884
81,1153294,0,GRU + Attention,17,85,0.3873513340950012
82,2433847,0,GRU + Attention,17,85,0.21199166774749756
83,5498504,0,GRU + Attention,17,85,0.16470429301261902
84,4353957,1,GRU + Attention,17,85,0.4454926550388336
85,810662,0,GRU + Attention,17,85,0.0659417137503624
86,5288319,0,GRU + Attention,17,85,0.12126506865024567
87,7022768,0,GRU + Attention,17,85,0.5043150186538696
88,5169273,0,GRU + Attention,17,85,0.1426401138305664
89,2660248,0,GRU + Attention,17,85,0.2249070107936859
90,4934523,1,GRU + Attention,17,85,0.8029828071594238
91,2144042,0,GRU + Attention,17,85,0.5837067365646362
92,3934133,0,GRU + Attention,17,85,0.4388374984264374
93,9342374,0,GRU + Attention,17,85,0.04236501455307007
94,4469039,0,GRU + Attention,17,85,0.7417140007019043
95,12844,0,GRU + Attention,17,85,0.22795087099075317
96,5139816,0,GRU + Attention,17,85,0.5745182037353516
97,7871211,0,GRU + Attention,17,85,0.5134992599487305
98,8844818,0,GRU + Attention,17,85,0.07093531638383865
99,1841057,0,GRU + Attention,17,85,0.053150590509176254
100,1923039,0,GRU + Attention,17,85,0.4203989803791046
1,5714601,0,XGBoost,17,85,0.35705167055130005
2,6499887,0,XGBoost,17,85,0.3221989870071411
3,4550493,0,XGBoost,17,85,0.2809368968009949
4,11466673,0,XGBoost,17,85,0.6626734137535095
5,2479601,0,XGBoost,17,85,0.3610534071922302
6,8378544,0,XGBoost,17,85,0.5193779468536377
7,9201661,0,XGBoost,17,85,0.38976189494132996
8,330739,0,XGBoost,17,85,0.25060349702835083
9,901826,0,XGBoost,17,85,0.28869107365608215
10,1972573,0,XGBoost,17,85,0.3179788291454315
11,7509166,0,XGBoost,17,85,0.12972921133041382
12,3752798,0,XGBoost,17,85,0.2390517294406891
13,7013909,0,XGBoost,17,85,0.6809470057487488
14,563996,0,XGBoost,17,85,0.053786538541316986
15,5171809,0,XGBoost,17,85,0.21463528275489807
16,3053337,0,XGBoost,17,85,0.4281827211380005
17,3675893,0,XGBoost,17,85,0.2087317407131195
18,724622,0,XGBoost,17,85,0.21702797710895538
19,7449726,0,XGBoost,17,85,0.35620149970054626
20,5918297,0,XGBoost,17,85,0.6551583409309387
21,10779582,0,XGBoost,17,85,0.17885178327560425
22,6537621,0,XGBoost,17,85,0.34208211302757263
23,5495648,0,XGBoost,17,85,0.19335174560546875
24,7391994,0,XGBoost,17,85,0.13235601782798767
25,3110284,0,XGBoost,17,85,0.06947813183069229
26,8677719,0,XGBoost,17,85,0.10776559263467789
27,9504487,0,XGBoost,17,85,0.17444215714931488
28,6158348,0,XGBoost,17,85,0.11429335922002792
29,10690171,0,XGBoost,17,85,0.32910358905792236
30,3131218,0,XGBoost,17,85,0.19581452012062073
31,2285187,0,XGBoost,17,85,0.5143174529075623
32,6452177,1,XGBoost,17,85,0.4925038814544678
33,8427549,0,XGBoost,17,85,0.15695072710514069
34,6759021,0,XGBoost,17,85,0.253925621509552
35,7880934,0,XGBoost,17,85,0.2633146345615387
36,3429043,0,XGBoost,17,85,0.6995301246643066
37,2115993,1,XGBoost,17,85,0.5974657535552979
38,11019618,0,XGBoost,17,85,0.7681820392608643
39,1893158,0,XGBoost,17,85,0.22251445055007935
40,10146223,0,XGBoost,17,85,0.263531357049942
41,3441821,0,XGBoost,17,85,0.2373708188533783
42,4391589,0,XGBoost,17,85,0.1767314076423645
43,6504503,0,XGBoost,17,85,0.14818882942199707
44,1462289,0,XGBoost,17,85,0.3048743009567261
45,1301122,0,XGBoost,17,85,0.26257431507110596
46,3618383,0,XGBoost,17,85,0.4089774787425995
47,10378934,0,XGBoost,17,85,0.36281538009643555
48,6939186,0,XGBoost,17,85,0.21220745146274567
49,6808059,0,XGBoost,17,85,0.31204694509506226
50,10313516,0,XGBoost,17,85,0.6490473747253418
51,7379114,0,XGBoost,17,85,0.27200624346733093
52,8311713,1,XGBoost,17,85,0.180783212184906
53,3243039,0,XGBoost,17,85,0.20990507304668427
54,634821,0,XGBoost,17,85,0.2590198516845703
55,9241417,0,XGBoost,17,85,0.10804428160190582
56,8932838,0,XGBoost,17,85,0.35896703600883484
57,10420144,0,XGBoost,17,85,0.35261788964271545
58,6659608,0,XGBoost,17,85,0.1376405507326126
59,2984944,0,XGBoost,17,85,0.2541225850582123
60,9719251,0,XGBoost,17,85,0.555887758731842
61,539682,0,XGBoost,17,85,0.1097053587436676
62,3490662,0,XGBoost,17,85,0.815837562084198
63,642571,0,XGBoost,17,85,0.6122390627861023
64,6085551,0,XGBoost,17,85,0.3621041178703308
65,3450089,0,XGBoost,17,85,0.1951894611120224
66,2050332,0,XGBoost,17,85,0.2760881185531616
67,8097011,0,XGBoost,17,85,0.18767717480659485
68,1095309,0,XGBoost,17,85,0.7467628121376038
69,5850717,0,XGBoost,17,85,0.23260639607906342
70,520239,0,XGBoost,17,85,0.5415322184562683
71,11537607,0,XGBoost,17,85,0.6981188058853149
72,10362211,0,XGBoost,17,85,0.8776183724403381
73,1853221,0,XGBoost,17,85,0.24216334521770477
74,5743906,0,XGBoost,17,85,0.2865513861179352
75,3655672,0,XGBoost,17,85,0.1385006606578827
76,8018657,0,XGBoost,17,85,0.18581220507621765
77,7965009,0,XGBoost,17,85,0.08078313618898392
78,10876281,0,XGBoost,17,85,0.1269720047712326
79,218606,0,XGBoost,17,85,0.288532555103302
80,4573881,0,XGBoost,17,85,0.5602272748947144
81,1153294,0,XGBoost,17,85,0.35116204619407654
82,2433847,0,XGBoost,17,85,0.37694817781448364
83,5498504,0,XGBoost,17,85,0.26789841055870056
84,4353957,1,XGBoost,17,85,0.44062766432762146
85,810662,0,XGBoost,17,85,0.3204304277896881
86,5288319,0,XGBoost,17,85,0.19696806371212006
87,7022768,0,XGBoost,17,85,0.4279342293739319
88,5169273,0,XGBoost,17,85,0.16963571310043335
89,2660248,0,XGBoost,17,85,0.22413933277130127
90,4934523,1,XGBoost,17,85,0.6029711961746216
91,2144042,0,XGBoost,17,85,0.320136696100235
92,3934133,0,XGBoost,17,85,0.3339240550994873
93,9342374,0,XGBoost,17,85,0.22784703969955444
94,4469039,0,XGBoost,17,85,0.3076510727405548
95,12844,0,XGBoost,17,85,0.14351074397563934
96,5139816,0,XGBoost,17,85,0.19713222980499268
97,7871211,0,XGBoost,17,85,0.2762589752674103
98,8844818,0,XGBoost,17,85,0.3678364157676697
99,1841057,0,XGBoost,17,85,0.15729950368404388
100,1923039,0,XGBoost,17,85,0.7509680986404419
1,5714601,0,LightGBM,17,85,0.4376713283818007
2,6499887,0,LightGBM,17,85,0.35275194954777367
3,4550493,0,LightGBM,17,85,0.21737600726672385
4,11466673,0,LightGBM,17,85,0.7668871764620019
5,2479601,0,LightGBM,17,85,0.3698912010738117
6,8378544,0,LightGBM,17,85,0.5225674659075492
7,9201661,0,LightGBM,17,85,0.34378856383594014
8,330739,0,LightGBM,17,85,0.2843877999954899
9,901826,0,LightGBM,17,85,0.24060248729071315
10,1972573,0,LightGBM,17,85,0.2735944470381312
11,7509166,0,LightGBM,17,85,0.15974833764330074
12,3752798,0,LightGBM,17,85,0.335536298897958
13,7013909,0,LightGBM,17,85,0.6233413035563523
14,563996,0,LightGBM,17,85,0.05630760711469738
15,5171809,0,LightGBM,17,85,0.1841715623412984
16,3053337,0,LightGBM,17,85,0.3586166592441869
17,3675893,0,LightGBM,17,85,0.20208429303524955
18,724622,0,LightGBM,17,85,0.23549592128583946
19,7449726,0,LightGBM,17,85,0.4618646144037875
20,5918297,0,LightGBM,17,85,0.6367653947163712
21,10779582,0,LightGBM,17,85,0.2520038825706185
22,6537621,0,LightGBM,17,85,0.299983182594607
23,5495648,0,LightGBM,17,85,0.23603718895669218
24,7391994,0,LightGBM,17,85,0.22523218803994718
25,3110284,0,LightGBM,17,85,0.37664625204032093
26,8677719,0,LightGBM,17,85,0.16917009620516654
27,9504487,0,LightGBM,17,85,0.1950661631116867
28,6158348,0,LightGBM,17,85,0.16801474090090449
29,10690171,0,LightGBM,17,85,0.30058461475145615
30,3131218,0,LightGBM,17,85,0.23319252123911388
31,2285187,0,LightGBM,17,85,0.4952489955728366
32,6452177,1,LightGBM,17,85,0.5141987384227119
33,8427549,0,LightGBM,17,85,0.15932039548145632
34,6759021,0,LightGBM,17,85,0.2128594491278186
35,7880934,0,LightGBM,17,85,0.24664426634339948
36,3429043,0,LightGBM,17,85,0.6680931673355603
37,2115993,1,LightGBM,17,85,0.5533708501936493
38,11019618,0,LightGBM,17,85,0.6233711923991555
39,1893158,0,LightGBM,17,85,0.22845083812681996
40,10146223,0,LightGBM,17,85,0.2883065568891745
41,3441821,0,LightGBM,17,85,0.3253090200836091
42,4391589,0,LightGBM,17,85,0.2574876485708592
43,6504503,0,LightGBM,17,85,0.14575715556493443
44,1462289,0,LightGBM,17,85,0.26990900768551374
45,1301122,0,LightGBM,17,85,0.25217307517737036
46,3618383,0,LightGBM,17,85,0.42074563182418084
47,10378934,0,LightGBM,17,85,0.37761960033561487
48,6939186,0,LightGBM,17,85,0.16101183079436526
49,6808059,0,LightGBM,17,85,0.2393512913309713
50,10313516,0,LightGBM,17,85,0.39290505950109783
51,7379114,0,LightGBM,17,85,0.14022505935857615
52,8311713,1,LightGBM,17,85,0.21957454196569143
53,3243039,0,LightGBM,17,85,0.2141387321258541
54,634821,0,LightGBM,17,85,0.32925775931752965
55,9241417,0,LightGBM,17,85,0.12560953067348138
56,8932838,0,LightGBM,17,85,0.2747043023560826
57,10420144,0,LightGBM,17,85,0.29691987600056835
58,6659608,0,LightGBM,17,85,0.1801937140222199
59,2984944,0,LightGBM,17,85,0.19974818927046378
60,9719251,0,LightGBM,17,85,0.594898976028137
61,539682,0,LightGBM,17,85,0.14211951322564123
62,3490662,0,LightGBM,17,85,0.7964851021573407
63,642571,0,LightGBM,17,85,0.637394614097837
64,6085551,0,LightGBM,17,85,0.3010554276570269
65,3450089,0,LightGBM,17,85,0.26119304191206005
66,2050332,0,LightGBM,17,85,0.28911227857210114
67,8097011,0,LightGBM,17,85,0.3479905419556257
68,1095309,0,LightGBM,17,85,0.7200164117042996
69,5850717,0,LightGBM,17,85,0.27344341878292955
70,520239,0,LightGBM,17,85,0.44704706894650403
71,11537607,0,LightGBM,17,85,0.6976214118999005
72,10362211,0,LightGBM,17,85,0.8263257377496026
73,1853221,0,LightGBM,17,85,0.220730848625582
74,5743906,0,LightGBM,17,85,0.25117901683556043
75,3655672,0,LightGBM,17,85,0.16425938985000313
76,8018657,0,LightGBM,17,85,0.1887433124852138
77,7965009,0,LightGBM,17,85,0.10097653624724534
78,10876281,0,LightGBM,17,85,0.19307431100283162
79,218606,0,LightGBM,17,85,0.300283522619926
80,4573881,0,LightGBM,17,85,0.5491773507945206
81,1153294,0,LightGBM,17,85,0.3403696747110675
82,2433847,0,LightGBM,17,85,0.5404927640263075
83,5498504,0,LightGBM,17,85,0.3103780929408186
84,4353957,1,LightGBM,17,85,0.5818323969941915
85,810662,0,LightGBM,17,85,0.29935413807883726
86,5288319,0,LightGBM,17,85,0.21842031520869956
87,7022768,0,LightGBM,17,85,0.38381386683472135
88,5169273,0,LightGBM,17,85,0.1763134660898513
89,2660248,0,LightGBM,17,85,0.21345935805525473
90,4934523,1,LightGBM,17,85,0.7574641959587948
91,2144042,0,LightGBM,17,85,0.2886275993843235
92,3934133,0,LightGBM,17,85,0.31909942901468047
93,9342374,0,LightGBM,17,85,0.30949900474901604
94,4469039,0,LightGBM,17,85,0.3174294520751959
95,12844,0,LightGBM,17,85,0.17656965599702165
96,5139816,0,LightGBM,17,85,0.20322771817917124
97,7871211,0,LightGBM,17,85,0.2756367419198893
98,8844818,0,LightGBM,17,85,0.5357257435014604
99,1841057,0,LightGBM,17,85,0.2246060755714671
100,1923039,0,LightGBM,17,85,0.8814071305036248
1,5714601,0,LSTM,18,90,0.016416577622294426
2,6499887,0,LSTM,18,90,0.7092006802558899
3,4550493,0,LSTM,18,90,0.022363008931279182
4,11466673,0,LSTM,18,90,0.008046520873904228
5,2479601,0,LSTM,18,90,0.7691100835800171
6,8378544,0,LSTM,18,90,0.8821932077407837
7,9201661,0,LSTM,18,90,0.051011208444833755
8,330739,0,LSTM,18,90,0.015048692934215069
9,901826,0,LSTM,18,90,0.693037748336792
10,1972573,0,LSTM,18,90,0.6342996954917908
11,7509166,0,LSTM,18,90,0.18927879631519318
12,3752798,0,LSTM,18,90,0.11447857320308685
13,7013909,0,LSTM,18,90,0.9128772020339966
14,563996,0,LSTM,18,90,0.28883516788482666
15,5171809,0,LSTM,18,90,0.02830030396580696
16,3053337,0,LSTM,18,90,0.06921771913766861
17,3675893,0,LSTM,18,90,0.24068428575992584
18,724622,0,LSTM,18,90,0.025681518018245697
19,7449726,0,LSTM,18,90,0.06800811737775803
20,5918297,0,LSTM,18,90,0.27651530504226685
21,10779582,0,LSTM,18,90,0.007914034649729729
22,6537621,0,LSTM,18,90,0.2271757423877716
23,5495648,0,LSTM,18,90,0.008005473762750626
24,7391994,0,LSTM,18,90,0.14547638595104218
25,3110284,0,LSTM,18,90,0.5405301451683044
26,8677719,0,LSTM,18,90,0.10530536621809006
27,9504487,0,LSTM,18,90,0.06412068754434586
28,6158348,0,LSTM,18,90,0.39300888776779175
29,10690171,0,LSTM,18,90,0.7565160393714905
30,3131218,0,LSTM,18,90,0.7969353199005127
31,2285187,0,LSTM,18,90,0.6791883707046509
32,6452177,1,LSTM,18,90,0.5313206911087036
33,8427549,0,LSTM,18,90,0.01895487867295742
34,6759021,0,LSTM,18,90,0.08070220798254013
35,7880934,0,LSTM,18,90,0.2023974508047104
36,3429043,0,LSTM,18,90,0.9213143587112427
37,2115993,1,LSTM,18,90,0.46707579493522644
38,11019618,0,LSTM,18,90,0.05113445222377777
39,1893158,0,LSTM,18,90,0.4308268129825592
40,10146223,0,LSTM,18,90,0.5556971430778503
41,3441821,0,LSTM,18,90,0.11213774234056473
42,4391589,0,LSTM,18,90,0.02096545696258545
43,6504503,0,LSTM,18,90,0.00912417471408844
44,1462289,0,LSTM,18,90,0.13075919449329376
45,1301122,0,LSTM,18,90,0.09026648104190826
46,3618383,0,LSTM,18,90,0.5595064163208008
47,10378934,0,LSTM,18,90,0.6844996213912964
48,6939186,0,LSTM,18,90,0.43462827801704407
49,6808059,0,LSTM,18,90,0.10448160022497177
50,10313516,0,LSTM,18,90,0.3467976450920105
51,7379114,0,LSTM,18,90,0.3463798463344574
52,8311713,1,LSTM,18,90,0.26959124207496643
53,3243039,0,LSTM,18,90,0.01588551327586174
54,634821,0,LSTM,18,90,0.25362759828567505
55,9241417,0,LSTM,18,90,0.17385032773017883
56,8932838,0,LSTM,18,90,0.6008442640304565
57,10420144,0,LSTM,18,90,0.49150148034095764
58,6659608,0,LSTM,18,90,0.7255256772041321
59,2984944,0,LSTM,18,90,0.860795795917511
60,9719251,0,LSTM,18,90,0.7284903526306152
61,539682,0,LSTM,18,90,0.13393272459506989
62,3490662,0,LSTM,18,90,0.8921526074409485
63,642571,0,LSTM,18,90,0.027009863406419754
64,6085551,0,LSTM,18,90,0.05776634067296982
65,3450089,0,LSTM,18,90,0.28788965940475464
66,2050332,0,LSTM,18,90,0.10886867344379425
67,8097011,0,LSTM,18,90,0.013830387033522129
68,1095309,0,LSTM,18,90,0.890687108039856
69,5850717,0,LSTM,18,90,0.08629495650529861
70,520239,0,LSTM,18,90,0.652927041053772
71,11537607,0,LSTM,18,90,0.807137131690979
72,10362211,0,LSTM,18,90,0.8186947703361511
73,1853221,0,LSTM,18,90,0.4539114534854889
74,5743906,0,LSTM,18,90,0.2739035189151764
75,3655672,0,LSTM,18,90,0.20392650365829468
76,8018657,0,LSTM,18,90,0.04002164676785469
77,7965009,0,LSTM,18,90,0.07883325219154358
78,10876281,0,LSTM,18,90,0.011722528375685215
79,218606,0,LSTM,18,90,0.38726621866226196
80,4573881,0,LSTM,18,90,0.0968647450208664
81,1153294,0,LSTM,18,90,0.12520889937877655
82,2433847,0,LSTM,18,90,0.00498506985604763
83,5498504,0,LSTM,18,90,0.13700154423713684
84,4353957,1,LSTM,18,90,0.1690312772989273
85,810662,0,LSTM,18,90,0.009272124618291855
86,5288319,0,LSTM,18,90,0.08693596720695496
87,7022768,0,LSTM,18,90,0.592370331287384
88,5169273,0,LSTM,18,90,0.1612509936094284
89,2660248,0,LSTM,18,90,0.13982190191745758
90,4934523,1,LSTM,18,90,0.8940950036048889
91,2144042,0,LSTM,18,90,0.6229214668273926
92,3934133,0,LSTM,18,90,0.56464684009552
93,9342374,0,LSTM,18,90,0.0018093108665198088
94,4469039,0,LSTM,18,90,0.9026880264282227
95,12844,0,LSTM,18,90,0.18661455810070038
96,5139816,0,LSTM,18,90,0.6934629678726196
97,7871211,0,LSTM,18,90,0.6713130474090576
98,8844818,0,LSTM,18,90,0.015860911458730698
99,1841057,0,LSTM,18,90,0.015984827652573586
100,1923039,0,LSTM,18,90,0.03194760903716087
1,5714601,0,GRU,18,90,0.11945638805627823
2,6499887,0,GRU,18,90,0.46364718675613403
3,4550493,0,GRU,18,90,0.1840951144695282
4,11466673,0,GRU,18,90,0.05239880830049515
5,2479601,0,GRU,18,90,0.692300021648407
6,8378544,0,GRU,18,90,0.7999123930931091
7,9201661,0,GRU,18,90,0.30284973978996277
8,330739,0,GRU,18,90,0.05503307282924652
9,901826,0,GRU,18,90,0.41073504090309143
10,1972573,0,GRU,18,90,0.442160427570343
11,7509166,0,GRU,18,90,0.22602319717407227
12,3752798,0,GRU,18,90,0.14066828787326813
13,7013909,0,GRU,18,90,0.7577590346336365
14,563996,0,GRU,18,90,0.34938547015190125
15,5171809,0,GRU,18,90,0.0681556910276413
16,3053337,0,GRU,18,90,0.024462640285491943
17,3675893,0,GRU,18,90,0.2983759343624115
18,724622,0,GRU,18,90,0.05532084032893181
19,7449726,0,GRU,18,90,0.12159034609794617
20,5918297,0,GRU,18,90,0.6271476745605469
21,10779582,0,GRU,18,90,0.050310540944337845
22,6537621,0,GRU,18,90,0.28455379605293274
23,5495648,0,GRU,18,90,0.022028056904673576
24,7391994,0,GRU,18,90,0.15484492480754852
25,3110284,0,GRU,18,90,0.46277034282684326
26,8677719,0,GRU,18,90,0.19313646852970123
27,9504487,0,GRU,18,90,0.09903629124164581
28,6158348,0,GRU,18,90,0.4510163366794586
29,10690171,0,GRU,18,90,0.568976640701294
30,3131218,0,GRU,18,90,0.6578792333602905
31,2285187,0,GRU,18,90,0.5722806453704834
32,6452177,1,GRU,18,90,0.44837164878845215
33,8427549,0,GRU,18,90,0.07969994843006134
34,6759021,0,GRU,18,90,0.19370777904987335
35,7880934,0,GRU,18,90,0.20421206951141357
36,3429043,0,GRU,18,90,0.8169139623641968
37,2115993,1,GRU,18,90,0.40567007660865784
38,11019618,0,GRU,18,90,0.13520708680152893
39,1893158,0,GRU,18,90,0.3051748275756836
40,10146223,0,GRU,18,90,0.4700174927711487
41,3441821,0,GRU,18,90,0.17751337587833405
42,4391589,0,GRU,18,90,0.09771907329559326
43,6504503,0,GRU,18,90,0.02772744745016098
44,1462289,0,GRU,18,90,0.24094873666763306
45,1301122,0,GRU,18,90,0.13523291051387787
46,3618383,0,GRU,18,90,0.4846961200237274
47,10378934,0,GRU,18,90,0.588556170463562
48,6939186,0,GRU,18,90,0.5421016216278076
49,6808059,0,GRU,18,90,0.19975025951862335
50,10313516,0,GRU,18,90,0.43033793568611145
51,7379114,0,GRU,18,90,0.41641685366630554
52,8311713,1,GRU,18,90,0.37209799885749817
53,3243039,0,GRU,18,90,0.06838293373584747
54,634821,0,GRU,18,90,0.3559339642524719
55,9241417,0,GRU,18,90,0.21828901767730713
56,8932838,0,GRU,18,90,0.5901625752449036
57,10420144,0,GRU,18,90,0.4519428014755249
58,6659608,0,GRU,18,90,0.5775721669197083
59,2984944,0,GRU,18,90,0.8662168979644775
60,9719251,0,GRU,18,90,0.5711942911148071
61,539682,0,GRU,18,90,0.20370370149612427
62,3490662,0,GRU,18,90,0.8227726221084595
63,642571,0,GRU,18,90,0.08081215620040894
64,6085551,0,GRU,18,90,0.2869579792022705
65,3450089,0,GRU,18,90,0.2382378876209259
66,2050332,0,GRU,18,90,0.15397164225578308
67,8097011,0,GRU,18,90,0.05652977153658867
68,1095309,0,GRU,18,90,0.732025146484375
69,5850717,0,GRU,18,90,0.16961397230625153
70,520239,0,GRU,18,90,0.5302339792251587
71,11537607,0,GRU,18,90,0.5998313426971436
72,10362211,0,GRU,18,90,0.7360445261001587
73,1853221,0,GRU,18,90,0.47194722294807434
74,5743906,0,GRU,18,90,0.35002440214157104
75,3655672,0,GRU,18,90,0.2495119869709015
76,8018657,0,GRU,18,90,0.09011615812778473
77,7965009,0,GRU,18,90,0.12175512313842773
78,10876281,0,GRU,18,90,0.05553693324327469
79,218606,0,GRU,18,90,0.39357468485832214
80,4573881,0,GRU,18,90,0.08929213136434555
81,1153294,0,GRU,18,90,0.17715506255626678
82,2433847,0,GRU,18,90,0.04303596913814545
83,5498504,0,GRU,18,90,0.16797107458114624
84,4353957,1,GRU,18,90,0.6162283420562744
85,810662,0,GRU,18,90,0.09170296788215637
86,5288319,0,GRU,18,90,0.13138146698474884
87,7022768,0,GRU,18,90,0.5501134395599365
88,5169273,0,GRU,18,90,0.20262734591960907
89,2660248,0,GRU,18,90,0.16818660497665405
90,4934523,1,GRU,18,90,0.8767462968826294
91,2144042,0,GRU,18,90,0.5052782297134399
92,3934133,0,GRU,18,90,0.45887523889541626
93,9342374,0,GRU,18,90,0.013477792963385582
94,4469039,0,GRU,18,90,0.8741047382354736
95,12844,0,GRU,18,90,0.28252190351486206
96,5139816,0,GRU,18,90,0.5891741514205933
97,7871211,0,GRU,18,90,0.6675941944122314
98,8844818,0,GRU,18,90,0.08410120010375977
99,1841057,0,GRU,18,90,0.05848520249128342
100,1923039,0,GRU,18,90,0.11624342948198318
1,5714601,0,GRU + Attention,18,90,0.15279699862003326
2,6499887,0,GRU + Attention,18,90,0.4405663311481476
3,4550493,0,GRU + Attention,18,90,0.24469828605651855
4,11466673,0,GRU + Attention,18,90,0.06899150460958481
5,2479601,0,GRU + Attention,18,90,0.7037945985794067
6,8378544,0,GRU + Attention,18,90,0.668537974357605
7,9201661,0,GRU + Attention,18,90,0.2462211400270462
8,330739,0,GRU + Attention,18,90,0.05503237247467041
9,901826,0,GRU + Attention,18,90,0.2560481131076813
10,1972573,0,GRU + Attention,18,90,0.43281665444374084
11,7509166,0,GRU + Attention,18,90,0.15357302129268646
12,3752798,0,GRU + Attention,18,90,0.10692659765481949
13,7013909,0,GRU + Attention,18,90,0.7937448620796204
14,563996,0,GRU + Attention,18,90,0.23524703085422516
15,5171809,0,GRU + Attention,18,90,0.02592359110713005
16,3053337,0,GRU + Attention,18,90,0.08074164390563965
17,3675893,0,GRU + Attention,18,90,0.27796971797943115
18,724622,0,GRU + Attention,18,90,0.05913478881120682
19,7449726,0,GRU + Attention,18,90,0.07420603185892105
20,5918297,0,GRU + Attention,18,90,0.6071003079414368
21,10779582,0,GRU + Attention,18,90,0.053169384598731995
22,6537621,0,GRU + Attention,18,90,0.44332975149154663
23,5495648,0,GRU + Attention,18,90,0.05045077204704285
24,7391994,0,GRU + Attention,18,90,0.2027672380208969
25,3110284,0,GRU + Attention,18,90,0.5037753582000732
26,8677719,0,GRU + Attention,18,90,0.30430060625076294
27,9504487,0,GRU + Attention,18,90,0.15823252499103546
28,6158348,0,GRU + Attention,18,90,0.2642577588558197
29,10690171,0,GRU + Attention,18,90,0.6967718005180359
30,3131218,0,GRU + Attention,18,90,0.7434216737747192
31,2285187,0,GRU + Attention,18,90,0.6134014129638672
32,6452177,1,GRU + Attention,18,90,0.5439571142196655
33,8427549,0,GRU + Attention,18,90,0.026876229792833328
34,6759021,0,GRU + Attention,18,90,0.06944780051708221
35,7880934,0,GRU + Attention,18,90,0.2679242193698883
36,3429043,0,GRU + Attention,18,90,0.7935614585876465
37,2115993,1,GRU + Attention,18,90,0.3040444552898407
38,11019618,0,GRU + Attention,18,90,0.44563788175582886
39,1893158,0,GRU + Attention,18,90,0.1852099895477295
40,10146223,0,GRU + Attention,18,90,0.48628243803977966
41,3441821,0,GRU + Attention,18,90,0.16411437094211578
42,4391589,0,GRU + Attention,18,90,0.07175213098526001
43,6504503,0,GRU + Attention,18,90,0.029736271128058434
44,1462289,0,GRU + Attention,18,90,0.07394343614578247
45,1301122,0,GRU + Attention,18,90,0.13526934385299683
46,3618383,0,GRU + Attention,18,90,0.5894755125045776
47,10378934,0,GRU + Attention,18,90,0.5625726580619812
48,6939186,0,GRU + Attention,18,90,0.46947115659713745
49,6808059,0,GRU + Attention,18,90,0.19185224175453186
50,10313516,0,GRU + Attention,18,90,0.47044360637664795
51,7379114,0,GRU + Attention,18,90,0.4188493490219116
52,8311713,1,GRU + Attention,18,90,0.34398889541625977
53,3243039,0,GRU + Attention,18,90,0.12191490083932877
54,634821,0,GRU + Attention,18,90,0.3055143356323242
55,9241417,0,GRU + Attention,18,90,0.16850200295448303
56,8932838,0,GRU + Attention,18,90,0.47241881489753723
57,10420144,0,GRU + Attention,18,90,0.4574991762638092
58,6659608,0,GRU + Attention,18,90,0.4187174439430237
59,2984944,0,GRU + Attention,18,90,0.770468533039093
60,9719251,0,GRU + Attention,18,90,0.4799768030643463
61,539682,0,GRU + Attention,18,90,0.15479981899261475
62,3490662,0,GRU + Attention,18,90,0.6450645327568054
63,642571,0,GRU + Attention,18,90,0.20953847467899323
64,6085551,0,GRU + Attention,18,90,0.2766658365726471
65,3450089,0,GRU + Attention,18,90,0.2795129716396332
66,2050332,0,GRU + Attention,18,90,0.2544005811214447
67,8097011,0,GRU + Attention,18,90,0.026298604905605316
68,1095309,0,GRU + Attention,18,90,0.6158959269523621
69,5850717,0,GRU + Attention,18,90,0.22222161293029785
70,520239,0,GRU + Attention,18,90,0.6564062833786011
71,11537607,0,GRU + Attention,18,90,0.6425619125366211
72,10362211,0,GRU + Attention,18,90,0.7972555160522461
73,1853221,0,GRU + Attention,18,90,0.4710800051689148
74,5743906,0,GRU + Attention,18,90,0.2454993575811386
75,3655672,0,GRU + Attention,18,90,0.10644792765378952
76,8018657,0,GRU + Attention,18,90,0.0536329448223114
77,7965009,0,GRU + Attention,18,90,0.039907265454530716
78,10876281,0,GRU + Attention,18,90,0.020739534869790077
79,218606,0,GRU + Attention,18,90,0.4358731210231781
80,4573881,0,GRU + Attention,18,90,0.060949455946683884
81,1153294,0,GRU + Attention,18,90,0.3873513340950012
82,2433847,0,GRU + Attention,18,90,0.21199166774749756
83,5498504,0,GRU + Attention,18,90,0.16470429301261902
84,4353957,1,GRU + Attention,18,90,0.4454926550388336
85,810662,0,GRU + Attention,18,90,0.0659417137503624
86,5288319,0,GRU + Attention,18,90,0.12126506865024567
87,7022768,0,GRU + Attention,18,90,0.5043150186538696
88,5169273,0,GRU + Attention,18,90,0.1426401138305664
89,2660248,0,GRU + Attention,18,90,0.2249070107936859
90,4934523,1,GRU + Attention,18,90,0.8029828071594238
91,2144042,0,GRU + Attention,18,90,0.5837067365646362
92,3934133,0,GRU + Attention,18,90,0.4388374984264374
93,9342374,0,GRU + Attention,18,90,0.04236501455307007
94,4469039,0,GRU + Attention,18,90,0.7417140007019043
95,12844,0,GRU + Attention,18,90,0.22795087099075317
96,5139816,0,GRU + Attention,18,90,0.5745182037353516
97,7871211,0,GRU + Attention,18,90,0.5134992599487305
98,8844818,0,GRU + Attention,18,90,0.07093531638383865
99,1841057,0,GRU + Attention,18,90,0.053150590509176254
100,1923039,0,GRU + Attention,18,90,0.4203989803791046
1,5714601,0,XGBoost,18,90,0.35705167055130005
2,6499887,0,XGBoost,18,90,0.3221989870071411
3,4550493,0,XGBoost,18,90,0.2809368968009949
4,11466673,0,XGBoost,18,90,0.6626734137535095
5,2479601,0,XGBoost,18,90,0.3610534071922302
6,8378544,0,XGBoost,18,90,0.5193779468536377
7,9201661,0,XGBoost,18,90,0.38976189494132996
8,330739,0,XGBoost,18,90,0.25060349702835083
9,901826,0,XGBoost,18,90,0.28869107365608215
10,1972573,0,XGBoost,18,90,0.3179788291454315
11,7509166,0,XGBoost,18,90,0.12972921133041382
12,3752798,0,XGBoost,18,90,0.2390517294406891
13,7013909,0,XGBoost,18,90,0.6809470057487488
14,563996,0,XGBoost,18,90,0.053786538541316986
15,5171809,0,XGBoost,18,90,0.21463528275489807
16,3053337,0,XGBoost,18,90,0.4281827211380005
17,3675893,0,XGBoost,18,90,0.2087317407131195
18,724622,0,XGBoost,18,90,0.21702797710895538
19,7449726,0,XGBoost,18,90,0.35620149970054626
20,5918297,0,XGBoost,18,90,0.7429572343826294
21,10779582,0,XGBoost,18,90,0.17885178327560425
22,6537621,0,XGBoost,18,90,0.34208211302757263
23,5495648,0,XGBoost,18,90,0.19335174560546875
24,7391994,0,XGBoost,18,90,0.13235601782798767
25,3110284,0,XGBoost,18,90,0.06947813183069229
26,8677719,0,XGBoost,18,90,0.10776559263467789
27,9504487,0,XGBoost,18,90,0.17444215714931488
28,6158348,0,XGBoost,18,90,0.11429335922002792
29,10690171,0,XGBoost,18,90,0.32910358905792236
30,3131218,0,XGBoost,18,90,0.19581452012062073
31,2285187,0,XGBoost,18,90,0.5143174529075623
32,6452177,1,XGBoost,18,90,0.4925038814544678
33,8427549,0,XGBoost,18,90,0.15695072710514069
34,6759021,0,XGBoost,18,90,0.253925621509552
35,7880934,0,XGBoost,18,90,0.2633146345615387
36,3429043,0,XGBoost,18,90,0.6995301246643066
37,2115993,1,XGBoost,18,90,0.5974657535552979
38,11019618,0,XGBoost,18,90,0.7681820392608643
39,1893158,0,XGBoost,18,90,0.22251445055007935
40,10146223,0,XGBoost,18,90,0.263531357049942
41,3441821,0,XGBoost,18,90,0.2373708188533783
42,4391589,0,XGBoost,18,90,0.1767314076423645
43,6504503,0,XGBoost,18,90,0.14818882942199707
44,1462289,0,XGBoost,18,90,0.3048743009567261
45,1301122,0,XGBoost,18,90,0.26257431507110596
46,3618383,0,XGBoost,18,90,0.4089774787425995
47,10378934,0,XGBoost,18,90,0.36281538009643555
48,6939186,0,XGBoost,18,90,0.21220745146274567
49,6808059,0,XGBoost,18,90,0.31204694509506226
50,10313516,0,XGBoost,18,90,0.6490473747253418
51,7379114,0,XGBoost,18,90,0.27200624346733093
52,8311713,1,XGBoost,18,90,0.180783212184906
53,3243039,0,XGBoost,18,90,0.20990507304668427
54,634821,0,XGBoost,18,90,0.2590198516845703
55,9241417,0,XGBoost,18,90,0.10804428160190582
56,8932838,0,XGBoost,18,90,0.35896703600883484
57,10420144,0,XGBoost,18,90,0.35261788964271545
58,6659608,0,XGBoost,18,90,0.1376405507326126
59,2984944,0,XGBoost,18,90,0.2541225850582123
60,9719251,0,XGBoost,18,90,0.555887758731842
61,539682,0,XGBoost,18,90,0.1097053587436676
62,3490662,0,XGBoost,18,90,0.815837562084198
63,642571,0,XGBoost,18,90,0.6122390627861023
64,6085551,0,XGBoost,18,90,0.3621041178703308
65,3450089,0,XGBoost,18,90,0.1951894611120224
66,2050332,0,XGBoost,18,90,0.2760881185531616
67,8097011,0,XGBoost,18,90,0.18767717480659485
68,1095309,0,XGBoost,18,90,0.7467628121376038
69,5850717,0,XGBoost,18,90,0.23260639607906342
70,520239,0,XGBoost,18,90,0.5415322184562683
71,11537607,0,XGBoost,18,90,0.6981188058853149
72,10362211,0,XGBoost,18,90,0.888812243938446
73,1853221,0,XGBoost,18,90,0.24216334521770477
74,5743906,0,XGBoost,18,90,0.2865513861179352
75,3655672,0,XGBoost,18,90,0.1385006606578827
76,8018657,0,XGBoost,18,90,0.18581220507621765
77,7965009,0,XGBoost,18,90,0.08078313618898392
78,10876281,0,XGBoost,18,90,0.1269720047712326
79,218606,0,XGBoost,18,90,0.288532555103302
80,4573881,0,XGBoost,18,90,0.5602272748947144
81,1153294,0,XGBoost,18,90,0.35116204619407654
82,2433847,0,XGBoost,18,90,0.37694817781448364
83,5498504,0,XGBoost,18,90,0.26789841055870056
84,4353957,1,XGBoost,18,90,0.44062766432762146
85,810662,0,XGBoost,18,90,0.3204304277896881
86,5288319,0,XGBoost,18,90,0.19696806371212006
87,7022768,0,XGBoost,18,90,0.4279342293739319
88,5169273,0,XGBoost,18,90,0.16963571310043335
89,2660248,0,XGBoost,18,90,0.22413933277130127
90,4934523,1,XGBoost,18,90,0.6029711961746216
91,2144042,0,XGBoost,18,90,0.320136696100235
92,3934133,0,XGBoost,18,90,0.3339240550994873
93,9342374,0,XGBoost,18,90,0.22784703969955444
94,4469039,0,XGBoost,18,90,0.3076510727405548
95,12844,0,XGBoost,18,90,0.14351074397563934
96,5139816,0,XGBoost,18,90,0.19713222980499268
97,7871211,0,XGBoost,18,90,0.2762589752674103
98,8844818,0,XGBoost,18,90,0.3678364157676697
99,1841057,0,XGBoost,18,90,0.15729950368404388
100,1923039,0,XGBoost,18,90,0.7509680986404419
1,5714601,0,LightGBM,18,90,0.4376713283818007
2,6499887,0,LightGBM,18,90,0.35275194954777367
3,4550493,0,LightGBM,18,90,0.21737600726672385
4,11466673,0,LightGBM,18,90,0.7668871764620019
5,2479601,0,LightGBM,18,90,0.3698912010738117
6,8378544,0,LightGBM,18,90,0.5225674659075492
7,9201661,0,LightGBM,18,90,0.34378856383594014
8,330739,0,LightGBM,18,90,0.2843877999954899
9,901826,0,LightGBM,18,90,0.24060248729071315
10,1972573,0,LightGBM,18,90,0.2735944470381312
11,7509166,0,LightGBM,18,90,0.15974833764330074
12,3752798,0,LightGBM,18,90,0.335536298897958
13,7013909,0,LightGBM,18,90,0.6233413035563523
14,563996,0,LightGBM,18,90,0.05630760711469738
15,5171809,0,LightGBM,18,90,0.1841715623412984
16,3053337,0,LightGBM,18,90,0.3586166592441869
17,3675893,0,LightGBM,18,90,0.20208429303524955
18,724622,0,LightGBM,18,90,0.23549592128583946
19,7449726,0,LightGBM,18,90,0.4618646144037875
20,5918297,0,LightGBM,18,90,0.7229490160145842
21,10779582,0,LightGBM,18,90,0.2520038825706185
22,6537621,0,LightGBM,18,90,0.299983182594607
23,5495648,0,LightGBM,18,90,0.23603718895669218
24,7391994,0,LightGBM,18,90,0.22523218803994718
25,3110284,0,LightGBM,18,90,0.37664625204032093
26,8677719,0,LightGBM,18,90,0.16917009620516654
27,9504487,0,LightGBM,18,90,0.1950661631116867
28,6158348,0,LightGBM,18,90,0.16801474090090449
29,10690171,0,LightGBM,18,90,0.30058461475145615
30,3131218,0,LightGBM,18,90,0.23319252123911388
31,2285187,0,LightGBM,18,90,0.4952489955728366
32,6452177,1,LightGBM,18,90,0.5141987384227119
33,8427549,0,LightGBM,18,90,0.15932039548145632
34,6759021,0,LightGBM,18,90,0.2128594491278186
35,7880934,0,LightGBM,18,90,0.24664426634339948
36,3429043,0,LightGBM,18,90,0.6680931673355603
37,2115993,1,LightGBM,18,90,0.5533708501936493
38,11019618,0,LightGBM,18,90,0.6233711923991555
39,1893158,0,LightGBM,18,90,0.22845083812681996
40,10146223,0,LightGBM,18,90,0.2883065568891745
41,3441821,0,LightGBM,18,90,0.3253090200836091
42,4391589,0,LightGBM,18,90,0.2574876485708592
43,6504503,0,LightGBM,18,90,0.14575715556493443
44,1462289,0,LightGBM,18,90,0.26990900768551374
45,1301122,0,LightGBM,18,90,0.25217307517737036
46,3618383,0,LightGBM,18,90,0.42074563182418084
47,10378934,0,LightGBM,18,90,0.37761960033561487
48,6939186,0,LightGBM,18,90,0.16101183079436526
49,6808059,0,LightGBM,18,90,0.2393512913309713
50,10313516,0,LightGBM,18,90,0.39290505950109783
51,7379114,0,LightGBM,18,90,0.14022505935857615
52,8311713,1,LightGBM,18,90,0.21957454196569143
53,3243039,0,LightGBM,18,90,0.2141387321258541
54,634821,0,LightGBM,18,90,0.32925775931752965
55,9241417,0,LightGBM,18,90,0.12560953067348138
56,8932838,0,LightGBM,18,90,0.2747043023560826
57,10420144,0,LightGBM,18,90,0.29691987600056835
58,6659608,0,LightGBM,18,90,0.1801937140222199
59,2984944,0,LightGBM,18,90,0.19974818927046378
60,9719251,0,LightGBM,18,90,0.594898976028137
61,539682,0,LightGBM,18,90,0.14211951322564123
62,3490662,0,LightGBM,18,90,0.7964851021573407
63,642571,0,LightGBM,18,90,0.637394614097837
64,6085551,0,LightGBM,18,90,0.3010554276570269
65,3450089,0,LightGBM,18,90,0.26119304191206005
66,2050332,0,LightGBM,18,90,0.28911227857210114
67,8097011,0,LightGBM,18,90,0.3479905419556257
68,1095309,0,LightGBM,18,90,0.7200164117042996
69,5850717,0,LightGBM,18,90,0.27344341878292955
70,520239,0,LightGBM,18,90,0.44704706894650403
71,11537607,0,LightGBM,18,90,0.6976214118999005
72,10362211,0,LightGBM,18,90,0.8828811941719257
73,1853221,0,LightGBM,18,90,0.220730848625582
74,5743906,0,LightGBM,18,90,0.25117901683556043
75,3655672,0,LightGBM,18,90,0.16425938985000313
76,8018657,0,LightGBM,18,90,0.1887433124852138
77,7965009,0,LightGBM,18,90,0.10097653624724534
78,10876281,0,LightGBM,18,90,0.19307431100283162
79,218606,0,LightGBM,18,90,0.300283522619926
80,4573881,0,LightGBM,18,90,0.5491773507945206
81,1153294,0,LightGBM,18,90,0.3403696747110675
82,2433847,0,LightGBM,18,90,0.5404927640263075
83,5498504,0,LightGBM,18,90,0.3103780929408186
84,4353957,1,LightGBM,18,90,0.5818323969941915
85,810662,0,LightGBM,18,90,0.29935413807883726
86,5288319,0,LightGBM,18,90,0.21842031520869956
87,7022768,0,LightGBM,18,90,0.38381386683472135
88,5169273,0,LightGBM,18,90,0.1763134660898513
89,2660248,0,LightGBM,18,90,0.21345935805525473
90,4934523,1,LightGBM,18,90,0.7574641959587948
91,2144042,0,LightGBM,18,90,0.2886275993843235
92,3934133,0,LightGBM,18,90,0.31909942901468047
93,9342374,0,LightGBM,18,90,0.30949900474901604
94,4469039,0,LightGBM,18,90,0.3174294520751959
95,12844,0,LightGBM,18,90,0.17656965599702165
96,5139816,0,LightGBM,18,90,0.20322771817917124
97,7871211,0,LightGBM,18,90,0.2756367419198893
98,8844818,0,LightGBM,18,90,0.5357257435014604
99,1841057,0,LightGBM,18,90,0.2246060755714671
100,1923039,0,LightGBM,18,90,0.8814071305036248
1,5714601,0,LSTM,19,95,0.016416577622294426
2,6499887,0,LSTM,19,95,0.7092006802558899
3,4550493,0,LSTM,19,95,0.022363008931279182
4,11466673,0,LSTM,19,95,0.008046520873904228
5,2479601,0,LSTM,19,95,0.7691100835800171
6,8378544,0,LSTM,19,95,0.8821932077407837
7,9201661,0,LSTM,19,95,0.051011208444833755
8,330739,0,LSTM,19,95,0.015048692934215069
9,901826,0,LSTM,19,95,0.693037748336792
10,1972573,0,LSTM,19,95,0.6342996954917908
11,7509166,0,LSTM,19,95,0.18927879631519318
12,3752798,0,LSTM,19,95,0.11447857320308685
13,7013909,0,LSTM,19,95,0.9128772020339966
14,563996,0,LSTM,19,95,0.28883516788482666
15,5171809,0,LSTM,19,95,0.02830030396580696
16,3053337,0,LSTM,19,95,0.06921771913766861
17,3675893,0,LSTM,19,95,0.24068428575992584
18,724622,0,LSTM,19,95,0.025681518018245697
19,7449726,0,LSTM,19,95,0.06800811737775803
20,5918297,0,LSTM,19,95,0.27651530504226685
21,10779582,0,LSTM,19,95,0.007914034649729729
22,6537621,0,LSTM,19,95,0.2271757423877716
23,5495648,0,LSTM,19,95,0.008005473762750626
24,7391994,0,LSTM,19,95,0.14547638595104218
25,3110284,0,LSTM,19,95,0.5405301451683044
26,8677719,0,LSTM,19,95,0.10530536621809006
27,9504487,0,LSTM,19,95,0.06412068754434586
28,6158348,0,LSTM,19,95,0.39300888776779175
29,10690171,0,LSTM,19,95,0.7565160393714905
30,3131218,0,LSTM,19,95,0.7969353199005127
31,2285187,0,LSTM,19,95,0.6791883707046509
32,6452177,1,LSTM,19,95,0.5313206911087036
33,8427549,0,LSTM,19,95,0.01895487867295742
34,6759021,0,LSTM,19,95,0.08070220798254013
35,7880934,0,LSTM,19,95,0.2023974508047104
36,3429043,0,LSTM,19,95,0.9213143587112427
37,2115993,1,LSTM,19,95,0.46707579493522644
38,11019618,0,LSTM,19,95,0.05113445222377777
39,1893158,0,LSTM,19,95,0.4308268129825592
40,10146223,0,LSTM,19,95,0.5556971430778503
41,3441821,0,LSTM,19,95,0.11213774234056473
42,4391589,0,LSTM,19,95,0.02096545696258545
43,6504503,0,LSTM,19,95,0.00912417471408844
44,1462289,0,LSTM,19,95,0.13075919449329376
45,1301122,0,LSTM,19,95,0.09026648104190826
46,3618383,0,LSTM,19,95,0.5595064163208008
47,10378934,0,LSTM,19,95,0.6844996213912964
48,6939186,0,LSTM,19,95,0.43462827801704407
49,6808059,0,LSTM,19,95,0.10448160022497177
50,10313516,0,LSTM,19,95,0.3467976450920105
51,7379114,0,LSTM,19,95,0.3463798463344574
52,8311713,1,LSTM,19,95,0.26959124207496643
53,3243039,0,LSTM,19,95,0.01588551327586174
54,634821,0,LSTM,19,95,0.25362759828567505
55,9241417,0,LSTM,19,95,0.17385032773017883
56,8932838,0,LSTM,19,95,0.6008442640304565
57,10420144,0,LSTM,19,95,0.49150148034095764
58,6659608,0,LSTM,19,95,0.7255256772041321
59,2984944,0,LSTM,19,95,0.860795795917511
60,9719251,0,LSTM,19,95,0.7284903526306152
61,539682,0,LSTM,19,95,0.13393272459506989
62,3490662,0,LSTM,19,95,0.8921526074409485
63,642571,0,LSTM,19,95,0.027009863406419754
64,6085551,0,LSTM,19,95,0.05776634067296982
65,3450089,0,LSTM,19,95,0.28788965940475464
66,2050332,0,LSTM,19,95,0.10886867344379425
67,8097011,0,LSTM,19,95,0.013830387033522129
68,1095309,0,LSTM,19,95,0.890687108039856
69,5850717,0,LSTM,19,95,0.08629495650529861
70,520239,0,LSTM,19,95,0.652927041053772
71,11537607,0,LSTM,19,95,0.807137131690979
72,10362211,0,LSTM,19,95,0.8917873501777649
73,1853221,0,LSTM,19,95,0.4539114534854889
74,5743906,0,LSTM,19,95,0.2739035189151764
75,3655672,0,LSTM,19,95,0.20392650365829468
76,8018657,0,LSTM,19,95,0.04002164676785469
77,7965009,0,LSTM,19,95,0.07883325219154358
78,10876281,0,LSTM,19,95,0.011722528375685215
79,218606,0,LSTM,19,95,0.38726621866226196
80,4573881,0,LSTM,19,95,0.0968647450208664
81,1153294,0,LSTM,19,95,0.12520889937877655
82,2433847,0,LSTM,19,95,0.00498506985604763
83,5498504,0,LSTM,19,95,0.13700154423713684
84,4353957,1,LSTM,19,95,0.1690312772989273
85,810662,0,LSTM,19,95,0.009272124618291855
86,5288319,0,LSTM,19,95,0.08693596720695496
87,7022768,0,LSTM,19,95,0.592370331287384
88,5169273,0,LSTM,19,95,0.1612509936094284
89,2660248,0,LSTM,19,95,0.13982190191745758
90,4934523,1,LSTM,19,95,0.8940950036048889
91,2144042,0,LSTM,19,95,0.6229214668273926
92,3934133,0,LSTM,19,95,0.56464684009552
93,9342374,0,LSTM,19,95,0.0018093108665198088
94,4469039,0,LSTM,19,95,0.9026880264282227
95,12844,0,LSTM,19,95,0.18661455810070038
96,5139816,0,LSTM,19,95,0.6934629678726196
97,7871211,0,LSTM,19,95,0.6713130474090576
98,8844818,0,LSTM,19,95,0.015860911458730698
99,1841057,0,LSTM,19,95,0.015984827652573586
100,1923039,0,LSTM,19,95,0.03194760903716087
1,5714601,0,GRU,19,95,0.11945638805627823
2,6499887,0,GRU,19,95,0.46364718675613403
3,4550493,0,GRU,19,95,0.1840951144695282
4,11466673,0,GRU,19,95,0.05239880830049515
5,2479601,0,GRU,19,95,0.692300021648407
6,8378544,0,GRU,19,95,0.7999123930931091
7,9201661,0,GRU,19,95,0.30284973978996277
8,330739,0,GRU,19,95,0.05503307282924652
9,901826,0,GRU,19,95,0.41073504090309143
10,1972573,0,GRU,19,95,0.442160427570343
11,7509166,0,GRU,19,95,0.22602319717407227
12,3752798,0,GRU,19,95,0.14066828787326813
13,7013909,0,GRU,19,95,0.7577590346336365
14,563996,0,GRU,19,95,0.34938547015190125
15,5171809,0,GRU,19,95,0.0681556910276413
16,3053337,0,GRU,19,95,0.024462640285491943
17,3675893,0,GRU,19,95,0.2983759343624115
18,724622,0,GRU,19,95,0.05532084032893181
19,7449726,0,GRU,19,95,0.12159034609794617
20,5918297,0,GRU,19,95,0.6271476745605469
21,10779582,0,GRU,19,95,0.050310540944337845
22,6537621,0,GRU,19,95,0.28455379605293274
23,5495648,0,GRU,19,95,0.022028056904673576
24,7391994,0,GRU,19,95,0.15484492480754852
25,3110284,0,GRU,19,95,0.46277034282684326
26,8677719,0,GRU,19,95,0.19313646852970123
27,9504487,0,GRU,19,95,0.09903629124164581
28,6158348,0,GRU,19,95,0.4510163366794586
29,10690171,0,GRU,19,95,0.568976640701294
30,3131218,0,GRU,19,95,0.6578792333602905
31,2285187,0,GRU,19,95,0.5722806453704834
32,6452177,1,GRU,19,95,0.44837164878845215
33,8427549,0,GRU,19,95,0.07969994843006134
34,6759021,0,GRU,19,95,0.19370777904987335
35,7880934,0,GRU,19,95,0.20421206951141357
36,3429043,0,GRU,19,95,0.8169139623641968
37,2115993,1,GRU,19,95,0.40567007660865784
38,11019618,0,GRU,19,95,0.13520708680152893
39,1893158,0,GRU,19,95,0.3051748275756836
40,10146223,0,GRU,19,95,0.4700174927711487
41,3441821,0,GRU,19,95,0.17751337587833405
42,4391589,0,GRU,19,95,0.09771907329559326
43,6504503,0,GRU,19,95,0.02772744745016098
44,1462289,0,GRU,19,95,0.24094873666763306
45,1301122,0,GRU,19,95,0.13523291051387787
46,3618383,0,GRU,19,95,0.4846961200237274
47,10378934,0,GRU,19,95,0.588556170463562
48,6939186,0,GRU,19,95,0.5421016216278076
49,6808059,0,GRU,19,95,0.19975025951862335
50,10313516,0,GRU,19,95,0.43033793568611145
51,7379114,0,GRU,19,95,0.41641685366630554
52,8311713,1,GRU,19,95,0.37209799885749817
53,3243039,0,GRU,19,95,0.06838293373584747
54,634821,0,GRU,19,95,0.3559339642524719
55,9241417,0,GRU,19,95,0.21828901767730713
56,8932838,0,GRU,19,95,0.5901625752449036
57,10420144,0,GRU,19,95,0.4519428014755249
58,6659608,0,GRU,19,95,0.5775721669197083
59,2984944,0,GRU,19,95,0.8662168979644775
60,9719251,0,GRU,19,95,0.5711942911148071
61,539682,0,GRU,19,95,0.20370370149612427
62,3490662,0,GRU,19,95,0.8227726221084595
63,642571,0,GRU,19,95,0.08081215620040894
64,6085551,0,GRU,19,95,0.2869579792022705
65,3450089,0,GRU,19,95,0.2382378876209259
66,2050332,0,GRU,19,95,0.15397164225578308
67,8097011,0,GRU,19,95,0.05652977153658867
68,1095309,0,GRU,19,95,0.732025146484375
69,5850717,0,GRU,19,95,0.16961397230625153
70,520239,0,GRU,19,95,0.5302339792251587
71,11537607,0,GRU,19,95,0.5998313426971436
72,10362211,0,GRU,19,95,0.7580456733703613
73,1853221,0,GRU,19,95,0.47194722294807434
74,5743906,0,GRU,19,95,0.35002440214157104
75,3655672,0,GRU,19,95,0.2495119869709015
76,8018657,0,GRU,19,95,0.09011615812778473
77,7965009,0,GRU,19,95,0.12175512313842773
78,10876281,0,GRU,19,95,0.05553693324327469
79,218606,0,GRU,19,95,0.39357468485832214
80,4573881,0,GRU,19,95,0.08929213136434555
81,1153294,0,GRU,19,95,0.17715506255626678
82,2433847,0,GRU,19,95,0.04303596913814545
83,5498504,0,GRU,19,95,0.16797107458114624
84,4353957,1,GRU,19,95,0.6162283420562744
85,810662,0,GRU,19,95,0.09170296788215637
86,5288319,0,GRU,19,95,0.13138146698474884
87,7022768,0,GRU,19,95,0.5501134395599365
88,5169273,0,GRU,19,95,0.20262734591960907
89,2660248,0,GRU,19,95,0.16818660497665405
90,4934523,1,GRU,19,95,0.8767462968826294
91,2144042,0,GRU,19,95,0.5052782297134399
92,3934133,0,GRU,19,95,0.45887523889541626
93,9342374,0,GRU,19,95,0.013477792963385582
94,4469039,0,GRU,19,95,0.8741047382354736
95,12844,0,GRU,19,95,0.28252190351486206
96,5139816,0,GRU,19,95,0.5891741514205933
97,7871211,0,GRU,19,95,0.6675941944122314
98,8844818,0,GRU,19,95,0.08410120010375977
99,1841057,0,GRU,19,95,0.05848520249128342
100,1923039,0,GRU,19,95,0.11624342948198318
1,5714601,0,GRU + Attention,19,95,0.15279699862003326
2,6499887,0,GRU + Attention,19,95,0.4405663311481476
3,4550493,0,GRU + Attention,19,95,0.24469828605651855
4,11466673,0,GRU + Attention,19,95,0.06899150460958481
5,2479601,0,GRU + Attention,19,95,0.7037945985794067
6,8378544,0,GRU + Attention,19,95,0.668537974357605
7,9201661,0,GRU + Attention,19,95,0.2462211400270462
8,330739,0,GRU + Attention,19,95,0.05503237247467041
9,901826,0,GRU + Attention,19,95,0.2560481131076813
10,1972573,0,GRU + Attention,19,95,0.43281665444374084
11,7509166,0,GRU + Attention,19,95,0.15357302129268646
12,3752798,0,GRU + Attention,19,95,0.10692659765481949
13,7013909,0,GRU + Attention,19,95,0.7937448620796204
14,563996,0,GRU + Attention,19,95,0.23524703085422516
15,5171809,0,GRU + Attention,19,95,0.02592359110713005
16,3053337,0,GRU + Attention,19,95,0.08074164390563965
17,3675893,0,GRU + Attention,19,95,0.27796971797943115
18,724622,0,GRU + Attention,19,95,0.05913478881120682
19,7449726,0,GRU + Attention,19,95,0.07420603185892105
20,5918297,0,GRU + Attention,19,95,0.6071003079414368
21,10779582,0,GRU + Attention,19,95,0.053169384598731995
22,6537621,0,GRU + Attention,19,95,0.44332975149154663
23,5495648,0,GRU + Attention,19,95,0.05045077204704285
24,7391994,0,GRU + Attention,19,95,0.2027672380208969
25,3110284,0,GRU + Attention,19,95,0.5037753582000732
26,8677719,0,GRU + Attention,19,95,0.30430060625076294
27,9504487,0,GRU + Attention,19,95,0.15823252499103546
28,6158348,0,GRU + Attention,19,95,0.2642577588558197
29,10690171,0,GRU + Attention,19,95,0.6967718005180359
30,3131218,0,GRU + Attention,19,95,0.7434216737747192
31,2285187,0,GRU + Attention,19,95,0.6134014129638672
32,6452177,1,GRU + Attention,19,95,0.5439571142196655
33,8427549,0,GRU + Attention,19,95,0.026876229792833328
34,6759021,0,GRU + Attention,19,95,0.06944780051708221
35,7880934,0,GRU + Attention,19,95,0.2679242193698883
36,3429043,0,GRU + Attention,19,95,0.7935614585876465
37,2115993,1,GRU + Attention,19,95,0.3040444552898407
38,11019618,0,GRU + Attention,19,95,0.44563788175582886
39,1893158,0,GRU + Attention,19,95,0.1852099895477295
40,10146223,0,GRU + Attention,19,95,0.48628243803977966
41,3441821,0,GRU + Attention,19,95,0.16411437094211578
42,4391589,0,GRU + Attention,19,95,0.07175213098526001
43,6504503,0,GRU + Attention,19,95,0.029736271128058434
44,1462289,0,GRU + Attention,19,95,0.07394343614578247
45,1301122,0,GRU + Attention,19,95,0.13526934385299683
46,3618383,0,GRU + Attention,19,95,0.5894755125045776
47,10378934,0,GRU + Attention,19,95,0.5625726580619812
48,6939186,0,GRU + Attention,19,95,0.46947115659713745
49,6808059,0,GRU + Attention,19,95,0.19185224175453186
50,10313516,0,GRU + Attention,19,95,0.47044360637664795
51,7379114,0,GRU + Attention,19,95,0.4188493490219116
52,8311713,1,GRU + Attention,19,95,0.34398889541625977
53,3243039,0,GRU + Attention,19,95,0.12191490083932877
54,634821,0,GRU + Attention,19,95,0.3055143356323242
55,9241417,0,GRU + Attention,19,95,0.16850200295448303
56,8932838,0,GRU + Attention,19,95,0.47241881489753723
57,10420144,0,GRU + Attention,19,95,0.4574991762638092
58,6659608,0,GRU + Attention,19,95,0.4187174439430237
59,2984944,0,GRU + Attention,19,95,0.770468533039093
60,9719251,0,GRU + Attention,19,95,0.4799768030643463
61,539682,0,GRU + Attention,19,95,0.15479981899261475
62,3490662,0,GRU + Attention,19,95,0.6450645327568054
63,642571,0,GRU + Attention,19,95,0.20953847467899323
64,6085551,0,GRU + Attention,19,95,0.2766658365726471
65,3450089,0,GRU + Attention,19,95,0.2795129716396332
66,2050332,0,GRU + Attention,19,95,0.2544005811214447
67,8097011,0,GRU + Attention,19,95,0.026298604905605316
68,1095309,0,GRU + Attention,19,95,0.6158959269523621
69,5850717,0,GRU + Attention,19,95,0.22222161293029785
70,520239,0,GRU + Attention,19,95,0.6564062833786011
71,11537607,0,GRU + Attention,19,95,0.6425619125366211
72,10362211,0,GRU + Attention,19,95,0.79658442735672
73,1853221,0,GRU + Attention,19,95,0.4710800051689148
74,5743906,0,GRU + Attention,19,95,0.2454993575811386
75,3655672,0,GRU + Attention,19,95,0.10644792765378952
76,8018657,0,GRU + Attention,19,95,0.0536329448223114
77,7965009,0,GRU + Attention,19,95,0.039907265454530716
78,10876281,0,GRU + Attention,19,95,0.020739534869790077
79,218606,0,GRU + Attention,19,95,0.4358731210231781
80,4573881,0,GRU + Attention,19,95,0.060949455946683884
81,1153294,0,GRU + Attention,19,95,0.3873513340950012
82,2433847,0,GRU + Attention,19,95,0.21199166774749756
83,5498504,0,GRU + Attention,19,95,0.16470429301261902
84,4353957,1,GRU + Attention,19,95,0.4454926550388336
85,810662,0,GRU + Attention,19,95,0.0659417137503624
86,5288319,0,GRU + Attention,19,95,0.12126506865024567
87,7022768,0,GRU + Attention,19,95,0.5043150186538696
88,5169273,0,GRU + Attention,19,95,0.1426401138305664
89,2660248,0,GRU + Attention,19,95,0.2249070107936859
90,4934523,1,GRU + Attention,19,95,0.8029828071594238
91,2144042,0,GRU + Attention,19,95,0.5837067365646362
92,3934133,0,GRU + Attention,19,95,0.4388374984264374
93,9342374,0,GRU + Attention,19,95,0.04236501455307007
94,4469039,0,GRU + Attention,19,95,0.7417140007019043
95,12844,0,GRU + Attention,19,95,0.22795087099075317
96,5139816,0,GRU + Attention,19,95,0.5745182037353516
97,7871211,0,GRU + Attention,19,95,0.5134992599487305
98,8844818,0,GRU + Attention,19,95,0.07093531638383865
99,1841057,0,GRU + Attention,19,95,0.053150590509176254
100,1923039,0,GRU + Attention,19,95,0.4203989803791046
1,5714601,0,XGBoost,19,95,0.35705167055130005
2,6499887,0,XGBoost,19,95,0.3221989870071411
3,4550493,0,XGBoost,19,95,0.2809368968009949
4,11466673,0,XGBoost,19,95,0.6626734137535095
5,2479601,0,XGBoost,19,95,0.3610534071922302
6,8378544,0,XGBoost,19,95,0.5193779468536377
7,9201661,0,XGBoost,19,95,0.38976189494132996
8,330739,0,XGBoost,19,95,0.25060349702835083
9,901826,0,XGBoost,19,95,0.28869107365608215
10,1972573,0,XGBoost,19,95,0.3179788291454315
11,7509166,0,XGBoost,19,95,0.12972921133041382
12,3752798,0,XGBoost,19,95,0.2390517294406891
13,7013909,0,XGBoost,19,95,0.6809470057487488
14,563996,0,XGBoost,19,95,0.053786538541316986
15,5171809,0,XGBoost,19,95,0.21463528275489807
16,3053337,0,XGBoost,19,95,0.4281827211380005
17,3675893,0,XGBoost,19,95,0.2087317407131195
18,724622,0,XGBoost,19,95,0.21702797710895538
19,7449726,0,XGBoost,19,95,0.35620149970054626
20,5918297,0,XGBoost,19,95,0.7429572343826294
21,10779582,0,XGBoost,19,95,0.17885178327560425
22,6537621,0,XGBoost,19,95,0.34208211302757263
23,5495648,0,XGBoost,19,95,0.19335174560546875
24,7391994,0,XGBoost,19,95,0.13235601782798767
25,3110284,0,XGBoost,19,95,0.06947813183069229
26,8677719,0,XGBoost,19,95,0.10776559263467789
27,9504487,0,XGBoost,19,95,0.17444215714931488
28,6158348,0,XGBoost,19,95,0.11429335922002792
29,10690171,0,XGBoost,19,95,0.32910358905792236
30,3131218,0,XGBoost,19,95,0.19581452012062073
31,2285187,0,XGBoost,19,95,0.5143174529075623
32,6452177,1,XGBoost,19,95,0.4925038814544678
33,8427549,0,XGBoost,19,95,0.15695072710514069
34,6759021,0,XGBoost,19,95,0.253925621509552
35,7880934,0,XGBoost,19,95,0.2633146345615387
36,3429043,0,XGBoost,19,95,0.6995301246643066
37,2115993,1,XGBoost,19,95,0.5974657535552979
38,11019618,0,XGBoost,19,95,0.7681820392608643
39,1893158,0,XGBoost,19,95,0.22251445055007935
40,10146223,0,XGBoost,19,95,0.263531357049942
41,3441821,0,XGBoost,19,95,0.2373708188533783
42,4391589,0,XGBoost,19,95,0.1767314076423645
43,6504503,0,XGBoost,19,95,0.14818882942199707
44,1462289,0,XGBoost,19,95,0.3048743009567261
45,1301122,0,XGBoost,19,95,0.26257431507110596
46,3618383,0,XGBoost,19,95,0.4089774787425995
47,10378934,0,XGBoost,19,95,0.36281538009643555
48,6939186,0,XGBoost,19,95,0.21220745146274567
49,6808059,0,XGBoost,19,95,0.31204694509506226
50,10313516,0,XGBoost,19,95,0.6490473747253418
51,7379114,0,XGBoost,19,95,0.27200624346733093
52,8311713,1,XGBoost,19,95,0.180783212184906
53,3243039,0,XGBoost,19,95,0.20990507304668427
54,634821,0,XGBoost,19,95,0.2590198516845703
55,9241417,0,XGBoost,19,95,0.10804428160190582
56,8932838,0,XGBoost,19,95,0.35896703600883484
57,10420144,0,XGBoost,19,95,0.35261788964271545
58,6659608,0,XGBoost,19,95,0.1376405507326126
59,2984944,0,XGBoost,19,95,0.2541225850582123
60,9719251,0,XGBoost,19,95,0.555887758731842
61,539682,0,XGBoost,19,95,0.1097053587436676
62,3490662,0,XGBoost,19,95,0.815837562084198
63,642571,0,XGBoost,19,95,0.6122390627861023
64,6085551,0,XGBoost,19,95,0.3621041178703308
65,3450089,0,XGBoost,19,95,0.1951894611120224
66,2050332,0,XGBoost,19,95,0.2760881185531616
67,8097011,0,XGBoost,19,95,0.18767717480659485
68,1095309,0,XGBoost,19,95,0.7467628121376038
69,5850717,0,XGBoost,19,95,0.23260639607906342
70,520239,0,XGBoost,19,95,0.5415322184562683
71,11537607,0,XGBoost,19,95,0.6981188058853149
72,10362211,0,XGBoost,19,95,0.8929770588874817
73,1853221,0,XGBoost,19,95,0.24216334521770477
74,5743906,0,XGBoost,19,95,0.2865513861179352
75,3655672,0,XGBoost,19,95,0.1385006606578827
76,8018657,0,XGBoost,19,95,0.18581220507621765
77,7965009,0,XGBoost,19,95,0.08078313618898392
78,10876281,0,XGBoost,19,95,0.1269720047712326
79,218606,0,XGBoost,19,95,0.288532555103302
80,4573881,0,XGBoost,19,95,0.5602272748947144
81,1153294,0,XGBoost,19,95,0.35116204619407654
82,2433847,0,XGBoost,19,95,0.37694817781448364
83,5498504,0,XGBoost,19,95,0.26789841055870056
84,4353957,1,XGBoost,19,95,0.44062766432762146
85,810662,0,XGBoost,19,95,0.3204304277896881
86,5288319,0,XGBoost,19,95,0.19696806371212006
87,7022768,0,XGBoost,19,95,0.4279342293739319
88,5169273,0,XGBoost,19,95,0.16963571310043335
89,2660248,0,XGBoost,19,95,0.22413933277130127
90,4934523,1,XGBoost,19,95,0.6029711961746216
91,2144042,0,XGBoost,19,95,0.320136696100235
92,3934133,0,XGBoost,19,95,0.3339240550994873
93,9342374,0,XGBoost,19,95,0.22784703969955444
94,4469039,0,XGBoost,19,95,0.3076510727405548
95,12844,0,XGBoost,19,95,0.14351074397563934
96,5139816,0,XGBoost,19,95,0.19713222980499268
97,7871211,0,XGBoost,19,95,0.2762589752674103
98,8844818,0,XGBoost,19,95,0.3678364157676697
99,1841057,0,XGBoost,19,95,0.15729950368404388
100,1923039,0,XGBoost,19,95,0.7509680986404419
1,5714601,0,LightGBM,19,95,0.4376713283818007
2,6499887,0,LightGBM,19,95,0.35275194954777367
3,4550493,0,LightGBM,19,95,0.21737600726672385
4,11466673,0,LightGBM,19,95,0.7668871764620019
5,2479601,0,LightGBM,19,95,0.3698912010738117
6,8378544,0,LightGBM,19,95,0.5225674659075492
7,9201661,0,LightGBM,19,95,0.34378856383594014
8,330739,0,LightGBM,19,95,0.2843877999954899
9,901826,0,LightGBM,19,95,0.24060248729071315
10,1972573,0,LightGBM,19,95,0.2735944470381312
11,7509166,0,LightGBM,19,95,0.15974833764330074
12,3752798,0,LightGBM,19,95,0.335536298897958
13,7013909,0,LightGBM,19,95,0.6233413035563523
14,563996,0,LightGBM,19,95,0.05630760711469738
15,5171809,0,LightGBM,19,95,0.1841715623412984
16,3053337,0,LightGBM,19,95,0.3586166592441869
17,3675893,0,LightGBM,19,95,0.20208429303524955
18,724622,0,LightGBM,19,95,0.23549592128583946
19,7449726,0,LightGBM,19,95,0.4618646144037875
20,5918297,0,LightGBM,19,95,0.7229490160145842
21,10779582,0,LightGBM,19,95,0.2520038825706185
22,6537621,0,LightGBM,19,95,0.299983182594607
23,5495648,0,LightGBM,19,95,0.23603718895669218
24,7391994,0,LightGBM,19,95,0.22523218803994718
25,3110284,0,LightGBM,19,95,0.37664625204032093
26,8677719,0,LightGBM,19,95,0.16917009620516654
27,9504487,0,LightGBM,19,95,0.1950661631116867
28,6158348,0,LightGBM,19,95,0.16801474090090449
29,10690171,0,LightGBM,19,95,0.30058461475145615
30,3131218,0,LightGBM,19,95,0.23319252123911388
31,2285187,0,LightGBM,19,95,0.4952489955728366
32,6452177,1,LightGBM,19,95,0.5141987384227119
33,8427549,0,LightGBM,19,95,0.15932039548145632
34,6759021,0,LightGBM,19,95,0.2128594491278186
35,7880934,0,LightGBM,19,95,0.24664426634339948
36,3429043,0,LightGBM,19,95,0.6680931673355603
37,2115993,1,LightGBM,19,95,0.5533708501936493
38,11019618,0,LightGBM,19,95,0.6233711923991555
39,1893158,0,LightGBM,19,95,0.22845083812681996
40,10146223,0,LightGBM,19,95,0.2883065568891745
41,3441821,0,LightGBM,19,95,0.3253090200836091
42,4391589,0,LightGBM,19,95,0.2574876485708592
43,6504503,0,LightGBM,19,95,0.14575715556493443
44,1462289,0,LightGBM,19,95,0.26990900768551374
45,1301122,0,LightGBM,19,95,0.25217307517737036
46,3618383,0,LightGBM,19,95,0.42074563182418084
47,10378934,0,LightGBM,19,95,0.37761960033561487
48,6939186,0,LightGBM,19,95,0.16101183079436526
49,6808059,0,LightGBM,19,95,0.2393512913309713
50,10313516,0,LightGBM,19,95,0.39290505950109783
51,7379114,0,LightGBM,19,95,0.14022505935857615
52,8311713,1,LightGBM,19,95,0.21957454196569143
53,3243039,0,LightGBM,19,95,0.2141387321258541
54,634821,0,LightGBM,19,95,0.32925775931752965
55,9241417,0,LightGBM,19,95,0.12560953067348138
56,8932838,0,LightGBM,19,95,0.2747043023560826
57,10420144,0,LightGBM,19,95,0.29691987600056835
58,6659608,0,LightGBM,19,95,0.1801937140222199
59,2984944,0,LightGBM,19,95,0.19974818927046378
60,9719251,0,LightGBM,19,95,0.594898976028137
61,539682,0,LightGBM,19,95,0.14211951322564123
62,3490662,0,LightGBM,19,95,0.7964851021573407
63,642571,0,LightGBM,19,95,0.637394614097837
64,6085551,0,LightGBM,19,95,0.3010554276570269
65,3450089,0,LightGBM,19,95,0.26119304191206005
66,2050332,0,LightGBM,19,95,0.28911227857210114
67,8097011,0,LightGBM,19,95,0.3479905419556257
68,1095309,0,LightGBM,19,95,0.7200164117042996
69,5850717,0,LightGBM,19,95,0.27344341878292955
70,520239,0,LightGBM,19,95,0.44704706894650403
71,11537607,0,LightGBM,19,95,0.6976214118999005
72,10362211,0,LightGBM,19,95,0.9089729862711887
73,1853221,0,LightGBM,19,95,0.220730848625582
74,5743906,0,LightGBM,19,95,0.25117901683556043
75,3655672,0,LightGBM,19,95,0.16425938985000313
76,8018657,0,LightGBM,19,95,0.1887433124852138
77,7965009,0,LightGBM,19,95,0.10097653624724534
78,10876281,0,LightGBM,19,95,0.19307431100283162
79,218606,0,LightGBM,19,95,0.300283522619926
80,4573881,0,LightGBM,19,95,0.5491773507945206
81,1153294,0,LightGBM,19,95,0.3403696747110675
82,2433847,0,LightGBM,19,95,0.5404927640263075
83,5498504,0,LightGBM,19,95,0.3103780929408186
84,4353957,1,LightGBM,19,95,0.5818323969941915
85,810662,0,LightGBM,19,95,0.29935413807883726
86,5288319,0,LightGBM,19,95,0.21842031520869956
87,7022768,0,LightGBM,19,95,0.38381386683472135
88,5169273,0,LightGBM,19,95,0.1763134660898513
89,2660248,0,LightGBM,19,95,0.21345935805525473
90,4934523,1,LightGBM,19,95,0.7574641959587948
91,2144042,0,LightGBM,19,95,0.2886275993843235
92,3934133,0,LightGBM,19,95,0.31909942901468047
93,9342374,0,LightGBM,19,95,0.30949900474901604
94,4469039,0,LightGBM,19,95,0.3174294520751959
95,12844,0,LightGBM,19,95,0.17656965599702165
96,5139816,0,LightGBM,19,95,0.20322771817917124
97,7871211,0,LightGBM,19,95,0.2756367419198893
98,8844818,0,LightGBM,19,95,0.5357257435014604
99,1841057,0,LightGBM,19,95,0.2246060755714671
100,1923039,0,LightGBM,19,95,0.8814071305036248
1,5714601,0,LSTM,20,100,0.016416577622294426
2,6499887,0,LSTM,20,100,0.7092006802558899
3,4550493,0,LSTM,20,100,0.022363008931279182
4,11466673,0,LSTM,20,100,0.008046520873904228
5,2479601,0,LSTM,20,100,0.7691100835800171
6,8378544,0,LSTM,20,100,0.8821932077407837
7,9201661,0,LSTM,20,100,0.051011208444833755
8,330739,0,LSTM,20,100,0.015048692934215069
9,901826,0,LSTM,20,100,0.693037748336792
10,1972573,0,LSTM,20,100,0.6342996954917908
11,7509166,0,LSTM,20,100,0.18927879631519318
12,3752798,0,LSTM,20,100,0.11447857320308685
13,7013909,0,LSTM,20,100,0.9128772020339966
14,563996,0,LSTM,20,100,0.28883516788482666
15,5171809,0,LSTM,20,100,0.02830030396580696
16,3053337,0,LSTM,20,100,0.06921771913766861
17,3675893,0,LSTM,20,100,0.24068428575992584
18,724622,0,LSTM,20,100,0.025681518018245697
19,7449726,0,LSTM,20,100,0.06800811737775803
20,5918297,0,LSTM,20,100,0.27651530504226685
21,10779582,0,LSTM,20,100,0.007914034649729729
22,6537621,0,LSTM,20,100,0.2271757423877716
23,5495648,0,LSTM,20,100,0.008005473762750626
24,7391994,0,LSTM,20,100,0.14547638595104218
25,3110284,0,LSTM,20,100,0.5405301451683044
26,8677719,0,LSTM,20,100,0.10530536621809006
27,9504487,0,LSTM,20,100,0.06412068754434586
28,6158348,0,LSTM,20,100,0.39300888776779175
29,10690171,0,LSTM,20,100,0.7565160393714905
30,3131218,0,LSTM,20,100,0.7969353199005127
31,2285187,0,LSTM,20,100,0.6791883707046509
32,6452177,1,LSTM,20,100,0.5313206911087036
33,8427549,0,LSTM,20,100,0.01895487867295742
34,6759021,0,LSTM,20,100,0.08070220798254013
35,7880934,0,LSTM,20,100,0.2023974508047104
36,3429043,0,LSTM,20,100,0.9213143587112427
37,2115993,1,LSTM,20,100,0.46707579493522644
38,11019618,0,LSTM,20,100,0.05113445222377777
39,1893158,0,LSTM,20,100,0.4308268129825592
40,10146223,0,LSTM,20,100,0.5556971430778503
41,3441821,0,LSTM,20,100,0.11213774234056473
42,4391589,0,LSTM,20,100,0.02096545696258545
43,6504503,0,LSTM,20,100,0.00912417471408844
44,1462289,0,LSTM,20,100,0.13075919449329376
45,1301122,0,LSTM,20,100,0.09026648104190826
46,3618383,0,LSTM,20,100,0.5595064163208008
47,10378934,0,LSTM,20,100,0.6844996213912964
48,6939186,0,LSTM,20,100,0.43462827801704407
49,6808059,0,LSTM,20,100,0.10448160022497177
50,10313516,0,LSTM,20,100,0.3467976450920105
51,7379114,0,LSTM,20,100,0.3463798463344574
52,8311713,1,LSTM,20,100,0.26959124207496643
53,3243039,0,LSTM,20,100,0.01588551327586174
54,634821,0,LSTM,20,100,0.25362759828567505
55,9241417,0,LSTM,20,100,0.17385032773017883
56,8932838,0,LSTM,20,100,0.6008442640304565
57,10420144,0,LSTM,20,100,0.49150148034095764
58,6659608,0,LSTM,20,100,0.7255256772041321
59,2984944,0,LSTM,20,100,0.860795795917511
60,9719251,0,LSTM,20,100,0.7284903526306152
61,539682,0,LSTM,20,100,0.13393272459506989
62,3490662,0,LSTM,20,100,0.8921526074409485
63,642571,0,LSTM,20,100,0.027009863406419754
64,6085551,0,LSTM,20,100,0.05776634067296982
65,3450089,0,LSTM,20,100,0.28788965940475464
66,2050332,0,LSTM,20,100,0.10886867344379425
67,8097011,0,LSTM,20,100,0.013830387033522129
68,1095309,0,LSTM,20,100,0.890687108039856
69,5850717,0,LSTM,20,100,0.08629495650529861
70,520239,0,LSTM,20,100,0.652927041053772
71,11537607,0,LSTM,20,100,0.807137131690979
72,10362211,0,LSTM,20,100,0.9679626822471619
73,1853221,0,LSTM,20,100,0.4539114534854889
74,5743906,0,LSTM,20,100,0.2739035189151764
75,3655672,0,LSTM,20,100,0.20392650365829468
76,8018657,0,LSTM,20,100,0.04002164676785469
77,7965009,0,LSTM,20,100,0.07883325219154358
78,10876281,0,LSTM,20,100,0.011722528375685215
79,218606,0,LSTM,20,100,0.38726621866226196
80,4573881,0,LSTM,20,100,0.0968647450208664
81,1153294,0,LSTM,20,100,0.12520889937877655
82,2433847,0,LSTM,20,100,0.00498506985604763
83,5498504,0,LSTM,20,100,0.13700154423713684
84,4353957,1,LSTM,20,100,0.1690312772989273
85,810662,0,LSTM,20,100,0.009272124618291855
86,5288319,0,LSTM,20,100,0.08693596720695496
87,7022768,0,LSTM,20,100,0.592370331287384
88,5169273,0,LSTM,20,100,0.1612509936094284
89,2660248,0,LSTM,20,100,0.13982190191745758
90,4934523,1,LSTM,20,100,0.8940950036048889
91,2144042,0,LSTM,20,100,0.6229214668273926
92,3934133,0,LSTM,20,100,0.56464684009552
93,9342374,0,LSTM,20,100,0.0018093108665198088
94,4469039,0,LSTM,20,100,0.9026880264282227
95,12844,0,LSTM,20,100,0.18661455810070038
96,5139816,0,LSTM,20,100,0.6934629678726196
97,7871211,0,LSTM,20,100,0.6713130474090576
98,8844818,0,LSTM,20,100,0.015860911458730698
99,1841057,0,LSTM,20,100,0.015984827652573586
100,1923039,0,LSTM,20,100,0.03194760903716087
1,5714601,0,GRU,20,100,0.11945638805627823
2,6499887,0,GRU,20,100,0.46364718675613403
3,4550493,0,GRU,20,100,0.1840951144695282
4,11466673,0,GRU,20,100,0.05239880830049515
5,2479601,0,GRU,20,100,0.692300021648407
6,8378544,0,GRU,20,100,0.7999123930931091
7,9201661,0,GRU,20,100,0.30284973978996277
8,330739,0,GRU,20,100,0.05503307282924652
9,901826,0,GRU,20,100,0.41073504090309143
10,1972573,0,GRU,20,100,0.442160427570343
11,7509166,0,GRU,20,100,0.22602319717407227
12,3752798,0,GRU,20,100,0.14066828787326813
13,7013909,0,GRU,20,100,0.7577590346336365
14,563996,0,GRU,20,100,0.34938547015190125
15,5171809,0,GRU,20,100,0.0681556910276413
16,3053337,0,GRU,20,100,0.024462640285491943
17,3675893,0,GRU,20,100,0.2983759343624115
18,724622,0,GRU,20,100,0.05532084032893181
19,7449726,0,GRU,20,100,0.12159034609794617
20,5918297,0,GRU,20,100,0.6271476745605469
21,10779582,0,GRU,20,100,0.050310540944337845
22,6537621,0,GRU,20,100,0.28455379605293274
23,5495648,0,GRU,20,100,0.022028056904673576
24,7391994,0,GRU,20,100,0.15484492480754852
25,3110284,0,GRU,20,100,0.46277034282684326
26,8677719,0,GRU,20,100,0.19313646852970123
27,9504487,0,GRU,20,100,0.09903629124164581
28,6158348,0,GRU,20,100,0.4510163366794586
29,10690171,0,GRU,20,100,0.568976640701294
30,3131218,0,GRU,20,100,0.6578792333602905
31,2285187,0,GRU,20,100,0.5722806453704834
32,6452177,1,GRU,20,100,0.44837164878845215
33,8427549,0,GRU,20,100,0.07969994843006134
34,6759021,0,GRU,20,100,0.19370777904987335
35,7880934,0,GRU,20,100,0.20421206951141357
36,3429043,0,GRU,20,100,0.8169139623641968
37,2115993,1,GRU,20,100,0.40567007660865784
38,11019618,0,GRU,20,100,0.13520708680152893
39,1893158,0,GRU,20,100,0.3051748275756836
40,10146223,0,GRU,20,100,0.4700174927711487
41,3441821,0,GRU,20,100,0.17751337587833405
42,4391589,0,GRU,20,100,0.09771907329559326
43,6504503,0,GRU,20,100,0.02772744745016098
44,1462289,0,GRU,20,100,0.24094873666763306
45,1301122,0,GRU,20,100,0.13523291051387787
46,3618383,0,GRU,20,100,0.4846961200237274
47,10378934,0,GRU,20,100,0.588556170463562
48,6939186,0,GRU,20,100,0.5421016216278076
49,6808059,0,GRU,20,100,0.19975025951862335
50,10313516,0,GRU,20,100,0.43033793568611145
51,7379114,0,GRU,20,100,0.41641685366630554
52,8311713,1,GRU,20,100,0.37209799885749817
53,3243039,0,GRU,20,100,0.06838293373584747
54,634821,0,GRU,20,100,0.3559339642524719
55,9241417,0,GRU,20,100,0.21828901767730713
56,8932838,0,GRU,20,100,0.5901625752449036
57,10420144,0,GRU,20,100,0.4519428014755249
58,6659608,0,GRU,20,100,0.5775721669197083
59,2984944,0,GRU,20,100,0.8662168979644775
60,9719251,0,GRU,20,100,0.5711942911148071
61,539682,0,GRU,20,100,0.20370370149612427
62,3490662,0,GRU,20,100,0.8227726221084595
63,642571,0,GRU,20,100,0.08081215620040894
64,6085551,0,GRU,20,100,0.2869579792022705
65,3450089,0,GRU,20,100,0.2382378876209259
66,2050332,0,GRU,20,100,0.15397164225578308
67,8097011,0,GRU,20,100,0.05652977153658867
68,1095309,0,GRU,20,100,0.732025146484375
69,5850717,0,GRU,20,100,0.16961397230625153
70,520239,0,GRU,20,100,0.5302339792251587
71,11537607,0,GRU,20,100,0.5998313426971436
72,10362211,0,GRU,20,100,0.9462396502494812
73,1853221,0,GRU,20,100,0.47194722294807434
74,5743906,0,GRU,20,100,0.35002440214157104
75,3655672,0,GRU,20,100,0.2495119869709015
76,8018657,0,GRU,20,100,0.09011615812778473
77,7965009,0,GRU,20,100,0.12175512313842773
78,10876281,0,GRU,20,100,0.05553693324327469
79,218606,0,GRU,20,100,0.39357468485832214
80,4573881,0,GRU,20,100,0.08929213136434555
81,1153294,0,GRU,20,100,0.17715506255626678
82,2433847,0,GRU,20,100,0.04303596913814545
83,5498504,0,GRU,20,100,0.16797107458114624
84,4353957,1,GRU,20,100,0.6162283420562744
85,810662,0,GRU,20,100,0.09170296788215637
86,5288319,0,GRU,20,100,0.13138146698474884
87,7022768,0,GRU,20,100,0.5501134395599365
88,5169273,0,GRU,20,100,0.20262734591960907
89,2660248,0,GRU,20,100,0.16818660497665405
90,4934523,1,GRU,20,100,0.8767462968826294
91,2144042,0,GRU,20,100,0.5052782297134399
92,3934133,0,GRU,20,100,0.45887523889541626
93,9342374,0,GRU,20,100,0.013477792963385582
94,4469039,0,GRU,20,100,0.8741047382354736
95,12844,0,GRU,20,100,0.28252190351486206
96,5139816,0,GRU,20,100,0.5891741514205933
97,7871211,0,GRU,20,100,0.6675941944122314
98,8844818,0,GRU,20,100,0.08410120010375977
99,1841057,0,GRU,20,100,0.05848520249128342
100,1923039,0,GRU,20,100,0.11624342948198318
1,5714601,0,GRU + Attention,20,100,0.15279699862003326
2,6499887,0,GRU + Attention,20,100,0.4405663311481476
3,4550493,0,GRU + Attention,20,100,0.24469828605651855
4,11466673,0,GRU + Attention,20,100,0.06899150460958481
5,2479601,0,GRU + Attention,20,100,0.7037945985794067
6,8378544,0,GRU + Attention,20,100,0.668537974357605
7,9201661,0,GRU + Attention,20,100,0.2462211400270462
8,330739,0,GRU + Attention,20,100,0.05503237247467041
9,901826,0,GRU + Attention,20,100,0.2560481131076813
10,1972573,0,GRU + Attention,20,100,0.43281665444374084
11,7509166,0,GRU + Attention,20,100,0.15357302129268646
12,3752798,0,GRU + Attention,20,100,0.10692659765481949
13,7013909,0,GRU + Attention,20,100,0.7937448620796204
14,563996,0,GRU + Attention,20,100,0.23524703085422516
15,5171809,0,GRU + Attention,20,100,0.02592359110713005
16,3053337,0,GRU + Attention,20,100,0.08074164390563965
17,3675893,0,GRU + Attention,20,100,0.27796971797943115
18,724622,0,GRU + Attention,20,100,0.05913478881120682
19,7449726,0,GRU + Attention,20,100,0.07420603185892105
20,5918297,0,GRU + Attention,20,100,0.6071003079414368
21,10779582,0,GRU + Attention,20,100,0.053169384598731995
22,6537621,0,GRU + Attention,20,100,0.44332975149154663
23,5495648,0,GRU + Attention,20,100,0.05045077204704285
24,7391994,0,GRU + Attention,20,100,0.2027672380208969
25,3110284,0,GRU + Attention,20,100,0.5037753582000732
26,8677719,0,GRU + Attention,20,100,0.30430060625076294
27,9504487,0,GRU + Attention,20,100,0.15823252499103546
28,6158348,0,GRU + Attention,20,100,0.2642577588558197
29,10690171,0,GRU + Attention,20,100,0.6967718005180359
30,3131218,0,GRU + Attention,20,100,0.7434216737747192
31,2285187,0,GRU + Attention,20,100,0.6134014129638672
32,6452177,1,GRU + Attention,20,100,0.5439571142196655
33,8427549,0,GRU + Attention,20,100,0.026876229792833328
34,6759021,0,GRU + Attention,20,100,0.06944780051708221
35,7880934,0,GRU + Attention,20,100,0.2679242193698883
36,3429043,0,GRU + Attention,20,100,0.7935614585876465
37,2115993,1,GRU + Attention,20,100,0.3040444552898407
38,11019618,0,GRU + Attention,20,100,0.44563788175582886
39,1893158,0,GRU + Attention,20,100,0.1852099895477295
40,10146223,0,GRU + Attention,20,100,0.48628243803977966
41,3441821,0,GRU + Attention,20,100,0.16411437094211578
42,4391589,0,GRU + Attention,20,100,0.07175213098526001
43,6504503,0,GRU + Attention,20,100,0.029736271128058434
44,1462289,0,GRU + Attention,20,100,0.07394343614578247
45,1301122,0,GRU + Attention,20,100,0.13526934385299683
46,3618383,0,GRU + Attention,20,100,0.5894755125045776
47,10378934,0,GRU + Attention,20,100,0.5625726580619812
48,6939186,0,GRU + Attention,20,100,0.46947115659713745
49,6808059,0,GRU + Attention,20,100,0.19185224175453186
50,10313516,0,GRU + Attention,20,100,0.47044360637664795
51,7379114,0,GRU + Attention,20,100,0.4188493490219116
52,8311713,1,GRU + Attention,20,100,0.34398889541625977
53,3243039,0,GRU + Attention,20,100,0.12191490083932877
54,634821,0,GRU + Attention,20,100,0.3055143356323242
55,9241417,0,GRU + Attention,20,100,0.16850200295448303
56,8932838,0,GRU + Attention,20,100,0.47241881489753723
57,10420144,0,GRU + Attention,20,100,0.4574991762638092
58,6659608,0,GRU + Attention,20,100,0.4187174439430237
59,2984944,0,GRU + Attention,20,100,0.770468533039093
60,9719251,0,GRU + Attention,20,100,0.4799768030643463
61,539682,0,GRU + Attention,20,100,0.15479981899261475
62,3490662,0,GRU + Attention,20,100,0.6450645327568054
63,642571,0,GRU + Attention,20,100,0.20953847467899323
64,6085551,0,GRU + Attention,20,100,0.2766658365726471
65,3450089,0,GRU + Attention,20,100,0.2795129716396332
66,2050332,0,GRU + Attention,20,100,0.2544005811214447
67,8097011,0,GRU + Attention,20,100,0.026298604905605316
68,1095309,0,GRU + Attention,20,100,0.6158959269523621
69,5850717,0,GRU + Attention,20,100,0.22222161293029785
70,520239,0,GRU + Attention,20,100,0.6564062833786011
71,11537607,0,GRU + Attention,20,100,0.6425619125366211
72,10362211,0,GRU + Attention,20,100,0.8327440023422241
73,1853221,0,GRU + Attention,20,100,0.4710800051689148
74,5743906,0,GRU + Attention,20,100,0.2454993575811386
75,3655672,0,GRU + Attention,20,100,0.10644792765378952
76,8018657,0,GRU + Attention,20,100,0.0536329448223114
77,7965009,0,GRU + Attention,20,100,0.039907265454530716
78,10876281,0,GRU + Attention,20,100,0.020739534869790077
79,218606,0,GRU + Attention,20,100,0.4358731210231781
80,4573881,0,GRU + Attention,20,100,0.060949455946683884
81,1153294,0,GRU + Attention,20,100,0.3873513340950012
82,2433847,0,GRU + Attention,20,100,0.21199166774749756
83,5498504,0,GRU + Attention,20,100,0.16470429301261902
84,4353957,1,GRU + Attention,20,100,0.4454926550388336
85,810662,0,GRU + Attention,20,100,0.0659417137503624
86,5288319,0,GRU + Attention,20,100,0.12126506865024567
87,7022768,0,GRU + Attention,20,100,0.5043150186538696
88,5169273,0,GRU + Attention,20,100,0.1426401138305664
89,2660248,0,GRU + Attention,20,100,0.2249070107936859
90,4934523,1,GRU + Attention,20,100,0.8029828071594238
91,2144042,0,GRU + Attention,20,100,0.5837067365646362
92,3934133,0,GRU + Attention,20,100,0.4388374984264374
93,9342374,0,GRU + Attention,20,100,0.04236501455307007
94,4469039,0,GRU + Attention,20,100,0.7417140007019043
95,12844,0,GRU + Attention,20,100,0.22795087099075317
96,5139816,0,GRU + Attention,20,100,0.5745182037353516
97,7871211,0,GRU + Attention,20,100,0.5134992599487305
98,8844818,0,GRU + Attention,20,100,0.07093531638383865
99,1841057,0,GRU + Attention,20,100,0.053150590509176254
100,1923039,0,GRU + Attention,20,100,0.4203989803791046
1,5714601,0,XGBoost,20,100,0.35705167055130005
2,6499887,0,XGBoost,20,100,0.3221989870071411
3,4550493,0,XGBoost,20,100,0.2809368968009949
4,11466673,0,XGBoost,20,100,0.6626734137535095
5,2479601,0,XGBoost,20,100,0.3610534071922302
6,8378544,0,XGBoost,20,100,0.5193779468536377
7,9201661,0,XGBoost,20,100,0.38976189494132996
8,330739,0,XGBoost,20,100,0.25060349702835083
9,901826,0,XGBoost,20,100,0.28869107365608215
10,1972573,0,XGBoost,20,100,0.3179788291454315
11,7509166,0,XGBoost,20,100,0.12972921133041382
12,3752798,0,XGBoost,20,100,0.2390517294406891
13,7013909,0,XGBoost,20,100,0.6809470057487488
14,563996,0,XGBoost,20,100,0.053786538541316986
15,5171809,0,XGBoost,20,100,0.21463528275489807
16,3053337,0,XGBoost,20,100,0.4281827211380005
17,3675893,0,XGBoost,20,100,0.2087317407131195
18,724622,0,XGBoost,20,100,0.21702797710895538
19,7449726,0,XGBoost,20,100,0.35620149970054626
20,5918297,0,XGBoost,20,100,0.7429572343826294
21,10779582,0,XGBoost,20,100,0.17885178327560425
22,6537621,0,XGBoost,20,100,0.34208211302757263
23,5495648,0,XGBoost,20,100,0.19335174560546875
24,7391994,0,XGBoost,20,100,0.13235601782798767
25,3110284,0,XGBoost,20,100,0.06947813183069229
26,8677719,0,XGBoost,20,100,0.10776559263467789
27,9504487,0,XGBoost,20,100,0.17444215714931488
28,6158348,0,XGBoost,20,100,0.11429335922002792
29,10690171,0,XGBoost,20,100,0.32910358905792236
30,3131218,0,XGBoost,20,100,0.19581452012062073
31,2285187,0,XGBoost,20,100,0.5143174529075623
32,6452177,1,XGBoost,20,100,0.4925038814544678
33,8427549,0,XGBoost,20,100,0.15695072710514069
34,6759021,0,XGBoost,20,100,0.253925621509552
35,7880934,0,XGBoost,20,100,0.2633146345615387
36,3429043,0,XGBoost,20,100,0.6995301246643066
37,2115993,1,XGBoost,20,100,0.5974657535552979
38,11019618,0,XGBoost,20,100,0.7681820392608643
39,1893158,0,XGBoost,20,100,0.22251445055007935
40,10146223,0,XGBoost,20,100,0.263531357049942
41,3441821,0,XGBoost,20,100,0.2373708188533783
42,4391589,0,XGBoost,20,100,0.1767314076423645
43,6504503,0,XGBoost,20,100,0.14818882942199707
44,1462289,0,XGBoost,20,100,0.3048743009567261
45,1301122,0,XGBoost,20,100,0.26257431507110596
46,3618383,0,XGBoost,20,100,0.4089774787425995
47,10378934,0,XGBoost,20,100,0.36281538009643555
48,6939186,0,XGBoost,20,100,0.21220745146274567
49,6808059,0,XGBoost,20,100,0.31204694509506226
50,10313516,0,XGBoost,20,100,0.6490473747253418
51,7379114,0,XGBoost,20,100,0.27200624346733093
52,8311713,1,XGBoost,20,100,0.180783212184906
53,3243039,0,XGBoost,20,100,0.20990507304668427
54,634821,0,XGBoost,20,100,0.2590198516845703
55,9241417,0,XGBoost,20,100,0.10804428160190582
56,8932838,0,XGBoost,20,100,0.35896703600883484
57,10420144,0,XGBoost,20,100,0.35261788964271545
58,6659608,0,XGBoost,20,100,0.1376405507326126
59,2984944,0,XGBoost,20,100,0.2541225850582123
60,9719251,0,XGBoost,20,100,0.555887758731842
61,539682,0,XGBoost,20,100,0.1097053587436676
62,3490662,0,XGBoost,20,100,0.815837562084198
63,642571,0,XGBoost,20,100,0.6122390627861023
64,6085551,0,XGBoost,20,100,0.3621041178703308
65,3450089,0,XGBoost,20,100,0.1951894611120224
66,2050332,0,XGBoost,20,100,0.2760881185531616
67,8097011,0,XGBoost,20,100,0.18767717480659485
68,1095309,0,XGBoost,20,100,0.7467628121376038
69,5850717,0,XGBoost,20,100,0.23260639607906342
70,520239,0,XGBoost,20,100,0.5415322184562683
71,11537607,0,XGBoost,20,100,0.6981188058853149
72,10362211,0,XGBoost,20,100,0.9350495338439941
73,1853221,0,XGBoost,20,100,0.24216334521770477
74,5743906,0,XGBoost,20,100,0.2865513861179352
75,3655672,0,XGBoost,20,100,0.1385006606578827
76,8018657,0,XGBoost,20,100,0.18581220507621765
77,7965009,0,XGBoost,20,100,0.08078313618898392
78,10876281,0,XGBoost,20,100,0.1269720047712326
79,218606,0,XGBoost,20,100,0.288532555103302
80,4573881,0,XGBoost,20,100,0.5602272748947144
81,1153294,0,XGBoost,20,100,0.35116204619407654
82,2433847,0,XGBoost,20,100,0.37694817781448364
83,5498504,0,XGBoost,20,100,0.26789841055870056
84,4353957,1,XGBoost,20,100,0.44062766432762146
85,810662,0,XGBoost,20,100,0.3204304277896881
86,5288319,0,XGBoost,20,100,0.19696806371212006
87,7022768,0,XGBoost,20,100,0.4279342293739319
88,5169273,0,XGBoost,20,100,0.16963571310043335
89,2660248,0,XGBoost,20,100,0.22413933277130127
90,4934523,1,XGBoost,20,100,0.6029711961746216
91,2144042,0,XGBoost,20,100,0.320136696100235
92,3934133,0,XGBoost,20,100,0.3339240550994873
93,9342374,0,XGBoost,20,100,0.22784703969955444
94,4469039,0,XGBoost,20,100,0.3076510727405548
95,12844,0,XGBoost,20,100,0.14351074397563934
96,5139816,0,XGBoost,20,100,0.19713222980499268
97,7871211,0,XGBoost,20,100,0.2762589752674103
98,8844818,0,XGBoost,20,100,0.3678364157676697
99,1841057,0,XGBoost,20,100,0.15729950368404388
100,1923039,0,XGBoost,20,100,0.7509680986404419
1,5714601,0,LightGBM,20,100,0.4376713283818007
2,6499887,0,LightGBM,20,100,0.35275194954777367
3,4550493,0,LightGBM,20,100,0.21737600726672385
4,11466673,0,LightGBM,20,100,0.7668871764620019
5,2479601,0,LightGBM,20,100,0.3698912010738117
6,8378544,0,LightGBM,20,100,0.5225674659075492
7,9201661,0,LightGBM,20,100,0.34378856383594014
8,330739,0,LightGBM,20,100,0.2843877999954899
9,901826,0,LightGBM,20,100,0.24060248729071315
10,1972573,0,LightGBM,20,100,0.2735944470381312
11,7509166,0,LightGBM,20,100,0.15974833764330074
12,3752798,0,LightGBM,20,100,0.335536298897958
13,7013909,0,LightGBM,20,100,0.6233413035563523
14,563996,0,LightGBM,20,100,0.05630760711469738
15,5171809,0,LightGBM,20,100,0.1841715623412984
16,3053337,0,LightGBM,20,100,0.3586166592441869
17,3675893,0,LightGBM,20,100,0.20208429303524955
18,724622,0,LightGBM,20,100,0.23549592128583946
19,7449726,0,LightGBM,20,100,0.4618646144037875
20,5918297,0,LightGBM,20,100,0.7229490160145842
21,10779582,0,LightGBM,20,100,0.2520038825706185
22,6537621,0,LightGBM,20,100,0.299983182594607
23,5495648,0,LightGBM,20,100,0.23603718895669218
24,7391994,0,LightGBM,20,100,0.22523218803994718
25,3110284,0,LightGBM,20,100,0.37664625204032093
26,8677719,0,LightGBM,20,100,0.16917009620516654
27,9504487,0,LightGBM,20,100,0.1950661631116867
28,6158348,0,LightGBM,20,100,0.16801474090090449
29,10690171,0,LightGBM,20,100,0.30058461475145615
30,3131218,0,LightGBM,20,100,0.23319252123911388
31,2285187,0,LightGBM,20,100,0.4952489955728366
32,6452177,1,LightGBM,20,100,0.5141987384227119
33,8427549,0,LightGBM,20,100,0.15932039548145632
34,6759021,0,LightGBM,20,100,0.2128594491278186
35,7880934,0,LightGBM,20,100,0.24664426634339948
36,3429043,0,LightGBM,20,100,0.6680931673355603
37,2115993,1,LightGBM,20,100,0.5533708501936493
38,11019618,0,LightGBM,20,100,0.6233711923991555
39,1893158,0,LightGBM,20,100,0.22845083812681996
40,10146223,0,LightGBM,20,100,0.2883065568891745
41,3441821,0,LightGBM,20,100,0.3253090200836091
42,4391589,0,LightGBM,20,100,0.2574876485708592
43,6504503,0,LightGBM,20,100,0.14575715556493443
44,1462289,0,LightGBM,20,100,0.26990900768551374
45,1301122,0,LightGBM,20,100,0.25217307517737036
46,3618383,0,LightGBM,20,100,0.42074563182418084
47,10378934,0,LightGBM,20,100,0.37761960033561487
48,6939186,0,LightGBM,20,100,0.16101183079436526
49,6808059,0,LightGBM,20,100,0.2393512913309713
50,10313516,0,LightGBM,20,100,0.39290505950109783
51,7379114,0,LightGBM,20,100,0.14022505935857615
52,8311713,1,LightGBM,20,100,0.21957454196569143
53,3243039,0,LightGBM,20,100,0.2141387321258541
54,634821,0,LightGBM,20,100,0.32925775931752965
55,9241417,0,LightGBM,20,100,0.12560953067348138
56,8932838,0,LightGBM,20,100,0.2747043023560826
57,10420144,0,LightGBM,20,100,0.29691987600056835
58,6659608,0,LightGBM,20,100,0.1801937140222199
59,2984944,0,LightGBM,20,100,0.19974818927046378
60,9719251,0,LightGBM,20,100,0.594898976028137
61,539682,0,LightGBM,20,100,0.14211951322564123
62,3490662,0,LightGBM,20,100,0.7964851021573407
63,642571,0,LightGBM,20,100,0.637394614097837
64,6085551,0,LightGBM,20,100,0.3010554276570269
65,3450089,0,LightGBM,20,100,0.26119304191206005
66,2050332,0,LightGBM,20,100,0.28911227857210114
67,8097011,0,LightGBM,20,100,0.3479905419556257
68,1095309,0,LightGBM,20,100,0.7200164117042996
69,5850717,0,LightGBM,20,100,0.27344341878292955
70,520239,0,LightGBM,20,100,0.44704706894650403
71,11537607,0,LightGBM,20,100,0.6976214118999005
72,10362211,0,LightGBM,20,100,0.9356854369413605
73,1853221,0,LightGBM,20,100,0.220730848625582
74,5743906,0,LightGBM,20,100,0.25117901683556043
75,3655672,0,LightGBM,20,100,0.16425938985000313
76,8018657,0,LightGBM,20,100,0.1887433124852138
77,7965009,0,LightGBM,20,100,0.10097653624724534
78,10876281,0,LightGBM,20,100,0.19307431100283162
79,218606,0,LightGBM,20,100,0.300283522619926
80,4573881,0,LightGBM,20,100,0.5491773507945206
81,1153294,0,LightGBM,20,100,0.3403696747110675
82,2433847,0,LightGBM,20,100,0.5404927640263075
83,5498504,0,LightGBM,20,100,0.3103780929408186
84,4353957,1,LightGBM,20,100,0.5818323969941915
85,810662,0,LightGBM,20,100,0.29935413807883726
86,5288319,0,LightGBM,20,100,0.21842031520869956
87,7022768,0,LightGBM,20,100,0.38381386683472135
88,5169273,0,LightGBM,20,100,0.1763134660898513
89,2660248,0,LightGBM,20,100,0.21345935805525473
90,4934523,1,LightGBM,20,100,0.7574641959587948
91,2144042,0,LightGBM,20,100,0.2886275993843235
92,3934133,0,LightGBM,20,100,0.31909942901468047
93,9342374,0,LightGBM,20,100,0.30949900474901604
94,4469039,0,LightGBM,20,100,0.3174294520751959
95,12844,0,LightGBM,20,100,0.17656965599702165
96,5139816,0,LightGBM,20,100,0.20322771817917124
97,7871211,0,LightGBM,20,100,0.2756367419198893
98,8844818,0,LightGBM,20,100,0.5357257435014604
99,1841057,0,LightGBM,20,100,0.2246060755714671
100,1923039,0,LightGBM,20,100,0.8814071305036248
