session_id,actual_label,LSTM_probability,GRU_probability,GRU_Attention_probability,XGBoost_probability,LightGBM_probability
11072637,0,0.2967817485332489,0.2719009220600128,0.28662729263305664,0.4759756326675415,0.47855832337258075
11001642,1,0.3953746557235718,0.4076917767524719,0.42912015318870544,0.39554697275161743,0.28788819698709756
10454677,0,0.28495895862579346,0.23297205567359924,0.2161119431257248,0.22883281111717224,0.20991692129035364
10857784,0,0.20526139438152313,0.21508634090423584,0.214432030916214,0.25463902950286865,0.2622929760424409
10494837,0,0.2967817485332489,0.2719009220600128,0.28662729263305664,0.4759756326675415,0.47855832337258075
10685062,0,0.2967817485332489,0.2719009220600128,0.28662729263305664,0.4759756326675415,0.47855832337258075
11368243,0,0.29421281814575195,0.302532434463501,0.2884049713611603,0.20853489637374878,0.28166906597972835
9784914,0,0.716629147529602,0.6907185316085815,0.6985070705413818,0.7421132922172546,0.7584729498175766
10170566,0,0.37667107582092285,0.4279704988002777,0.4332433342933655,0.44363516569137573,0.5582196810861964
10603742,0,0.7323143482208252,0.6987422704696655,0.7006088495254517,0.6779279708862305,0.7410814405714697
11117838,0,0.2662142515182495,0.22143785655498505,0.2303190529346466,0.21214021742343903,0.19869829517721221
11373098,0,0.3184812068939209,0.2855561077594757,0.22626741230487823,0.21543580293655396,0.39924815942628816
10123367,0,0.6053777933120728,0.5652168989181519,0.5846121907234192,0.7433784008026123,0.7357330737236553
10689471,0,0.2554551959037781,0.2081981748342514,0.13758637011051178,0.2930341064929962,0.2769741745394585
10914483,0,0.31151077151298523,0.28848782181739807,0.32103607058525085,0.3496399521827698,0.38136608278340695
10931698,0,0.28495895862579346,0.23297205567359924,0.2161119431257248,0.22883281111717224,0.20991692129035364
11530217,0,0.510907769203186,0.48581233620643616,0.5272567272186279,0.6778953075408936,0.6806460158046087
9760921,0,0.33226147294044495,0.3224308490753174,0.3389391303062439,0.25409746170043945,0.2351490854336122
10765303,0,0.43472903966903687,0.41845282912254333,0.4365261495113373,0.51884925365448,0.6047203043902092
9817782,0,0.5397989749908447,0.5041122436523438,0.5126528739929199,0.7277544140815735,0.697145958641015
10171739,0,0.11064131557941437,0.11456447094678879,0.14529605209827423,0.197049081325531,0.21706219492959145
11274668,0,0.14516571164131165,0.1053326353430748,0.09023917466402054,0.17190253734588623,0.19819920515490616
11215722,0,0.2967817485332489,0.2719009220600128,0.28662729263305664,0.4759756326675415,0.47855832337258075
11341699,0,0.2682047486305237,0.21354740858078003,0.16770018637180328,0.24686968326568604,0.22939236598597926
11420294,0,0.2967817485332489,0.2719009220600128,0.28662729263305664,0.4759756326675415,0.47855832337258075
10783462,0,0.3593656122684479,0.3467152416706085,0.3631139397621155,0.6985940933227539,0.6595834355008133
10555779,0,0.28495895862579346,0.23297205567359924,0.2161119431257248,0.22883281111717224,0.20991692129035364
10713688,0,0.28495895862579346,0.23297205567359924,0.2161119431257248,0.22883281111717224,0.20991692129035364
9967621,0,0.43032026290893555,0.4061685800552368,0.4259874224662781,0.5036234259605408,0.5714334066243122
11503489,1,0.6354349851608276,0.5868973135948181,0.6065785884857178,0.7839323878288269,0.7862055558571588
11400506,0,0.29739049077033997,0.28906136751174927,0.2909662425518036,0.20764552056789398,0.19869829517721221
10863553,0,0.11552164703607559,0.10828226804733276,0.11084093898534775,0.4626385271549225,0.5568318595229408
10489153,0,0.6629735231399536,0.6500806212425232,0.6632964611053467,0.7663204669952393,0.7424558014931326
9874037,0,0.1046222522854805,0.1180960014462471,0.10823606699705124,0.20152010023593903,0.2743214286614952
10111392,0,0.6245957612991333,0.6232855319976807,0.6134824752807617,0.7214001417160034,0.6858453936237969
11321334,0,0.3714253902435303,0.4154258668422699,0.4047310948371887,0.6339819431304932,0.7131146656792161
10746764,0,0.1612093299627304,0.11307065933942795,0.08232340961694717,0.131249338388443,0.2005912409062569
11114577,0,0.4429386556148529,0.47830915451049805,0.4667311906814575,0.7090833783149719,0.4035975361241166
10302156,0,0.38459303975105286,0.2887953221797943,0.20581915974617004,0.22712305188179016,0.2432049601859265
11198936,0,0.27428922057151794,0.27169978618621826,0.28183886408805847,0.5054053068161011,0.4873209224174897
10639732,0,0.32261911034584045,0.30821335315704346,0.33005937933921814,0.30749961733818054,0.314123639989691
10782939,0,0.2694106996059418,0.27604782581329346,0.30768683552742004,0.6758949756622314,0.5108453606250206
9760378,0,0.728337287902832,0.6852625608444214,0.6960906982421875,0.49770766496658325,0.5693207627249682
11452513,0,0.2967817485332489,0.2719009220600128,0.28662729263305664,0.4759756326675415,0.47855832337258075
10445494,0,0.3593656122684479,0.3467152416706085,0.3631139397621155,0.5588554739952087,0.5689749656848665
10879694,0,0.13251233100891113,0.12459397315979004,0.1138446033000946,0.21576081216335297,0.2874869823963425
11527658,0,0.48949310183525085,0.4543844759464264,0.4765718877315521,0.5256204605102539,0.5970252670186114
9919639,0,0.34673047065734863,0.31989365816116333,0.3280259072780609,0.2781955301761627,0.2396950296012123
10252573,0,0.6363101005554199,0.6213804483413696,0.6510007381439209,0.733199417591095,0.6635606476655604
10639577,0,0.2138952910900116,0.2056228667497635,0.22551274299621582,0.24644061923027039,0.22762769668151878
10331514,0,0.3300297260284424,0.32798200845718384,0.3176668584346771,0.5126520991325378,0.515559485207822
10043646,0,0.13357223570346832,0.08576907217502594,0.054350871592760086,0.22265993058681488,0.21405487523030708
10559419,1,0.6784365177154541,0.6661803722381592,0.6346898078918457,0.7234342694282532,0.6994167048869212
11398848,0,0.2967817485332489,0.2719009220600128,0.28662729263305664,0.4759756326675415,0.47855832337258075
10537429,0,0.33609864115715027,0.3283718228340149,0.32763245701789856,0.25409746170043945,0.2351490854336122
10748176,0,0.256293922662735,0.270422101020813,0.251816064119339,0.4976147413253784,0.5322629335165223
10480971,0,0.6193205118179321,0.5873070359230042,0.624042809009552,0.8054614067077637,0.7057628061225669
11362827,0,0.21043096482753754,0.1365807056427002,0.0995483547449112,0.1918761283159256,0.1979444845483936
9994111,0,0.2967817485332489,0.2719009220600128,0.28662729263305664,0.4759756326675415,0.47855832337258075
10067547,0,0.3324878513813019,0.33319950103759766,0.33025452494621277,0.20588067173957825,0.21260215644795233
9774854,0,0.3848525285720825,0.37526682019233704,0.24187281727790833,0.1970512717962265,0.23664926481853854
10485771,0,0.28495895862579346,0.23297205567359924,0.2161119431257248,0.22883281111717224,0.20991692129035364
10794752,1,0.4569334089756012,0.41431906819343567,0.4490315914154053,0.45576944947242737,0.44910203292154177
10201566,0,0.22200483083724976,0.18265344202518463,0.20275723934173584,0.6112828850746155,0.5819901044374234
10970391,1,0.5368759632110596,0.4954059422016144,0.5183842182159424,0.5996156930923462,0.6093317307813203
11275879,0,0.5368759632110596,0.4954059422016144,0.5183842182159424,0.8013874292373657,0.7045786577654736
10170199,0,0.2967817485332489,0.2719009220600128,0.28662729263305664,0.4759756326675415,0.47855832337258075
10086759,0,0.24093133211135864,0.2918934226036072,0.26178789138793945,0.47446104884147644,0.5021695456410709
10386113,0,0.28275394439697266,0.27435269951820374,0.28066539764404297,0.47151312232017517,0.5021695456410709
10264683,0,0.43032026290893555,0.4061685800552368,0.4259874224662781,0.5036234259605408,0.5714334066243122
10367171,0,0.5616813898086548,0.5299887657165527,0.5844082236289978,0.523460328578949,0.4172447070217685
10795818,0,0.09803258627653122,0.08721286058425903,0.09607872366905212,0.2395247220993042,0.22922023026767274
11511529,0,0.32956016063690186,0.32726216316223145,0.3500082790851593,0.45088717341423035,0.4725307353730048
11168391,0,0.13900309801101685,0.08697532117366791,0.06012431159615517,0.15539489686489105,0.19678193573068303
10864181,0,0.46821823716163635,0.4608502686023712,0.4747692346572876,0.3825990557670593,0.38675444070308906
10574806,0,0.43032026290893555,0.4061685800552368,0.4259874224662781,0.750845730304718,0.6994433889621717
10509948,1,0.5132408142089844,0.48851463198661804,0.5204545855522156,0.7911385297775269,0.7882649827061378
10841672,0,0.2967817485332489,0.2719009220600128,0.28662729263305664,0.4759756326675415,0.47855832337258075
11509664,0,0.7855833172798157,0.7540357112884521,0.7584496736526489,0.7235075235366821,0.7988549734125929
11053504,1,0.5647152662277222,0.5455270409584045,0.5488859415054321,0.44628944993019104,0.5019057492789102
11258473,0,0.28495895862579346,0.23297205567359924,0.2161119431257248,0.22883281111717224,0.20991692129035364
11247047,0,0.2967817485332489,0.2719009220600128,0.28662729263305664,0.4759756326675415,0.47855832337258075
10202137,0,0.2967817485332489,0.2719009220600128,0.28662729263305664,0.5724073648452759,0.5560293841033273
11049077,0,0.43815088272094727,0.41588252782821655,0.43221452832221985,0.4909244179725647,0.5897871288525276
9945897,0,0.18189334869384766,0.1574937403202057,0.14895133674144745,0.2091902196407318,0.20335777216965062
11144714,0,0.2967817485332489,0.2719009220600128,0.28662729263305664,0.4759756326675415,0.47855832337258075
9850923,0,0.40988689661026,0.40935319662094116,0.4020865559577942,0.49475234746932983,0.5118227763746002
10778977,0,0.32299479842185974,0.29966282844543457,0.3034791648387909,0.31590551137924194,0.27018375050791027
9785903,0,0.2361864298582077,0.2289556860923767,0.25144466757774353,0.25533178448677063,0.21956815626440399
9980821,1,0.5235278010368347,0.5216983556747437,0.5424472689628601,0.7302160263061523,0.805428697902163
11025966,0,0.08555948734283447,0.06933024525642395,0.07060996443033218,0.45384177565574646,0.4835536519728804
11190667,0,0.09881671518087387,0.08191609382629395,0.04437524825334549,0.4024190306663513,0.48566385655741845
9889081,0,0.43032026290893555,0.4061685800552368,0.4259874224662781,0.5036234259605408,0.5714334066243122
10815756,0,0.433067262172699,0.3714793026447296,0.4116487503051758,0.529450535774231,0.5710727451691774
10854338,0,0.3334212303161621,0.31555017828941345,0.34521543979644775,0.6158733367919922,0.6924295888426739
9938077,0,0.22517681121826172,0.18280108273029327,0.1555284857749939,0.2027270793914795,0.23044396537326906
11085904,0,0.29332074522972107,0.25322842597961426,0.235108882188797,0.22021514177322388,0.4551642752186159
10258817,0,0.481484055519104,0.5105955600738525,0.5509562492370605,0.6483693718910217,0.7333312548164665
10400949,0,0.2903136909008026,0.33817005157470703,0.33648189902305603,0.4262241721153259,0.438385382366231
9832646,0,0.35069799423217773,0.3710692822933197,0.3731614053249359,0.2837505638599396,0.4083128696243686
10815633,0,0.28495895862579346,0.23297205567359924,0.2161119431257248,0.22883281111717224,0.20991692129035364
10484886,0,0.3714701235294342,0.4044160842895508,0.373943954706192,0.5789968967437744,0.4648031074400561
10552102,0,0.49463367462158203,0.5067402124404907,0.49181416630744934,0.721541702747345,0.506819898113899
10452754,0,0.3648379147052765,0.36187347769737244,0.3661951720714569,0.2435842752456665,0.23011082155270401
11446299,0,0.28495895862579346,0.23297205567359924,0.2161119431257248,0.22883281111717224,0.20991692129035364
10824329,0,0.5432472229003906,0.5002493858337402,0.553301215171814,0.3220902383327484,0.3328612133015598
10362827,0,0.28495895862579346,0.23297205567359924,0.2161119431257248,0.22883281111717224,0.20991692129035364
10739558,0,0.3337271213531494,0.28872519731521606,0.2074427753686905,0.20233425498008728,0.2282786153255127
10430216,0,0.293965607881546,0.306731253862381,0.3253578841686249,0.3113509714603424,0.3101830704025255
10234254,0,0.3593656122684479,0.3467152416706085,0.3631139397621155,0.5588554739952087,0.5689749656848665
10499544,0,0.43032026290893555,0.4061685800552368,0.4259874224662781,0.714103639125824,0.6762047227355136
10205297,0,0.2540174126625061,0.21872349083423615,0.17532818019390106,0.22401951253414154,0.23199764117473035
10438209,0,0.25313347578048706,0.18200139701366425,0.14790792763233185,0.23936793208122253,0.21405487523030708
10650981,0,0.28495895862579346,0.23297205567359924,0.2161119431257248,0.22883281111717224,0.20991692129035364
10001934,0,0.2967817485332489,0.2719009220600128,0.28662729263305664,0.4759756326675415,0.47855832337258075
10273557,0,0.29912737011909485,0.29530099034309387,0.30328086018562317,0.4976147413253784,0.5322629335165223
10933126,0,0.354561984539032,0.32365739345550537,0.3338187634944916,0.23098868131637573,0.22552027150784945
10299871,0,0.31350016593933105,0.29229021072387695,0.2985616624355316,0.40028801560401917,0.5213431346605601
10147586,1,0.752680242061615,0.6940354704856873,0.6921758651733398,0.9075081944465637,0.8535388328516647
10554729,0,0.3593656122684479,0.3467152416706085,0.3631139397621155,0.5588554739952087,0.5689749656848665
9860758,0,0.304696649312973,0.26215654611587524,0.2512706518173218,0.17593224346637726,0.19678193573068303
10859954,0,0.2967817485332489,0.2719009220600128,0.28662729263305664,0.4759756326675415,0.47855832337258075
10266266,0,0.28495895862579346,0.23297205567359924,0.2161119431257248,0.22883281111717224,0.20991692129035364
10982737,0,0.853276252746582,0.8181039094924927,0.7762618660926819,0.8435901999473572,0.8649712356008792
10023808,0,0.40264755487442017,0.364509642124176,0.3918057978153229,0.3419860005378723,0.2368287006756793
10114778,0,0.2776951193809509,0.25538110733032227,0.23500362038612366,0.18462514877319336,0.20102577521818701
10852033,0,0.22901450097560883,0.1968148648738861,0.16545312106609344,0.186515212059021,0.20241600735791174
10700018,0,0.38998132944107056,0.38027051091194153,0.40397295355796814,0.5455104112625122,0.5786328973062345
10435484,0,0.23725375533103943,0.19401594996452332,0.2059508115053177,0.2320580780506134,0.24841030863063213
10326812,0,0.3593656122684479,0.3467152416706085,0.3631139397621155,0.6985940933227539,0.6595834355008133
10763673,1,0.5266356468200684,0.501969575881958,0.5244250297546387,0.5642956495285034,0.6094147777600433
10114172,0,0.466367244720459,0.4095293879508972,0.49397099018096924,0.6804510354995728,0.716461996054379
10203907,0,0.2567921280860901,0.29329290986061096,0.3048650026321411,0.5129113793373108,0.27896440923348376
10507121,0,0.3593656122684479,0.3467152416706085,0.3631139397621155,0.5588554739952087,0.5689749656848665
10338638,0,0.3698284924030304,0.3910275399684906,0.37822243571281433,0.3226199150085449,0.3320829031193388
10998641,0,0.22565051913261414,0.22952240705490112,0.22669744491577148,0.1356513500213623,0.1865272869550378
11032777,0,0.7210952043533325,0.7266104221343994,0.7156751155853271,0.7850412726402283,0.8137551882481441
11501317,0,0.2735619843006134,0.27792951464653015,0.2612358629703522,0.2678859233856201,0.3265185743710723
11224421,0,0.35230571031570435,0.389272540807724,0.3927457928657532,0.35872453451156616,0.22521852082926438
11499194,0,0.15677806735038757,0.11327598989009857,0.1188734844326973,0.19541238248348236,0.2299517066576502
9976751,0,0.1835685819387436,0.1921759694814682,0.2000826746225357,0.2150871753692627,0.23675352722902201
10085106,0,0.420756459236145,0.42651379108428955,0.45085275173187256,0.5222915410995483,0.3859498323131459
10246296,0,0.2863755226135254,0.2644387185573578,0.23077578842639923,0.10687683522701263,0.1516762410773897
10226939,0,0.28495895862579346,0.23297205567359924,0.2161119431257248,0.22883281111717224,0.20991692129035364
10340344,0,0.24044156074523926,0.2081272155046463,0.23372243344783783,0.36944839358329773,0.27767766152462736
9985254,0,0.32596755027770996,0.31500059366226196,0.3475177586078644,0.47050741314888,0.4770075938630024
10147308,0,0.5368759632110596,0.4954059422016144,0.5183842182159424,0.5996156930923462,0.6093317307813203
10476517,0,0.5347912311553955,0.5067676305770874,0.531843900680542,0.6662859916687012,0.7079182797505591
10886937,0,0.28495895862579346,0.23297205567359924,0.2161119431257248,0.22883281111717224,0.20991692129035364
9799364,0,0.2911657392978668,0.28123950958251953,0.2960156798362732,0.21214021742343903,0.19869829517721221
11393589,0,0.388140469789505,0.39419278502464294,0.3993968665599823,0.5445092916488647,0.5685871343839037
9968768,0,0.5038172006607056,0.49049630761146545,0.5071192979812622,0.5678492784500122,0.6010300185292733
11046384,0,0.28495895862579346,0.23297205567359924,0.2161119431257248,0.22883281111717224,0.20991692129035364
11080301,0,0.410734623670578,0.3915708065032959,0.4085087478160858,0.5309261083602905,0.4695937873313965
9856452,0,0.3714611828327179,0.3624972105026245,0.36678746342658997,0.5248313546180725,0.3722325054023031
10696578,0,0.1859695166349411,0.14563973248004913,0.17684774100780487,0.3367578387260437,0.20922171577229723
10873417,0,0.28495895862579346,0.23297205567359924,0.2161119431257248,0.22883281111717224,0.20991692129035364
11409266,0,0.48949310183525085,0.4543844759464264,0.4765718877315521,0.7622520327568054,0.6924301939177963
9979511,0,0.20392358303070068,0.1946745663881302,0.1790284514427185,0.21629716455936432,0.22809086540732462
11147116,0,0.22083543241024017,0.1760881245136261,0.1425505131483078,0.3702890872955322,0.30498085657038865
9898439,0,0.5659347772598267,0.5372895002365112,0.5723174810409546,0.7744460105895996,0.745049025460961
11052954,0,0.29320889711380005,0.26465240120887756,0.2538354992866516,0.32524940371513367,0.24995955553885513
10206786,0,0.34745776653289795,0.3475547432899475,0.36543887853622437,0.3785291314125061,0.4172377282239883
9908918,0,0.7890385985374451,0.7463304996490479,0.7284969687461853,0.7574511766433716,0.8245134576602687
10969706,0,0.4598119258880615,0.45282816886901855,0.5077441930770874,0.5956817865371704,0.7448479401937892
10164016,1,0.35026925802230835,0.31329676508903503,0.31735047698020935,0.2990177869796753,0.48004564839456537
10744281,0,0.8720117807388306,0.8097845315933228,0.8025490045547485,0.7650259733200073,0.7839346621890925
10746286,0,0.2636841833591461,0.2668805718421936,0.28313231468200684,0.30296310782432556,0.29912869618479937
10845094,0,0.4761134386062622,0.478261262178421,0.49896302819252014,0.23753167688846588,0.24837238490874308
11270857,0,0.5157915353775024,0.4886105954647064,0.5345902442932129,0.8394946455955505,0.8031474538159172
10210403,0,0.2967817485332489,0.2719009220600128,0.28662729263305664,0.5724073648452759,0.5560293841033273
10910283,0,0.3254486620426178,0.29292017221450806,0.25900179147720337,0.2737726867198944,0.2668736519925189
10119712,0,0.3281517028808594,0.2866128981113434,0.24251501262187958,0.22021514177322388,0.22929729347978703
9978507,0,0.2803270220756531,0.259339839220047,0.2615140974521637,0.6473001837730408,0.4013707628189343
9864768,0,0.2967817485332489,0.2719009220600128,0.28662729263305664,0.4759756326675415,0.47855832337258075
10976463,0,0.30425384640693665,0.27111107110977173,0.23092405498027802,0.2930341064929962,0.2769741745394585
10119472,0,0.4525062143802643,0.4209008514881134,0.43070197105407715,0.5557098388671875,0.5907248531403368
11458897,0,0.30274420976638794,0.27755361795425415,0.25305432081222534,0.23445357382297516,0.21405487523030708
10962732,0,0.28869232535362244,0.251598060131073,0.21498940885066986,0.20336571335792542,0.20652604804296124
10851171,0,0.29320836067199707,0.2706754803657532,0.27862676978111267,0.3282630443572998,0.4047305499263383
10470447,0,0.2967817485332489,0.2719009220600128,0.28662729263305664,0.4759756326675415,0.47855832337258075
10994541,0,0.3088802695274353,0.30394095182418823,0.30991774797439575,0.2446163296699524,0.23698849408635841
10274177,0,0.18242211639881134,0.1749573051929474,0.18520809710025787,0.4469655752182007,0.43242379916048423
10739584,0,0.4193960726261139,0.34561747312545776,0.32940149307250977,0.6147416830062866,0.5442771441034618
10412122,0,0.43032026290893555,0.4061685800552368,0.4259874224662781,0.5036234259605408,0.5714334066243122
11296993,0,0.41009730100631714,0.4424009621143341,0.46207958459854126,0.4971729815006256,0.5021695456410709
10665466,0,0.3138948678970337,0.32725226879119873,0.3170233368873596,0.19934074580669403,0.27902090420431014
11543349,0,0.39595186710357666,0.38663846254348755,0.4018893837928772,0.6525657176971436,0.585611039985707
10661716,0,0.2967817485332489,0.2719009220600128,0.28662729263305664,0.5724073648452759,0.5560293841033273
10286071,0,0.2973102927207947,0.21520309150218964,0.18632729351520538,0.19618664681911469,0.3577594320907356
11025438,0,0.6933244466781616,0.6696422696113586,0.6748344898223877,0.52864009141922,0.28085846792334146
10201508,0,0.36492249369621277,0.32665449380874634,0.328707754611969,0.3142179548740387,0.2698294581164742
10132971,0,0.2967817485332489,0.2719009220600128,0.28662729263305664,0.4759756326675415,0.47855832337258075
10254257,0,0.2967817485332489,0.2719009220600128,0.28662729263305664,0.4759756326675415,0.47855832337258075
10226283,0,0.28495895862579346,0.23297205567359924,0.2161119431257248,0.22883281111717224,0.20991692129035364
9785551,0,0.17161117494106293,0.1669939011335373,0.183510884642601,0.547693133354187,0.48765132203888795
10808747,0,0.28495895862579346,0.23297205567359924,0.2161119431257248,0.22883281111717224,0.20991692129035364
9784984,0,0.3009680509567261,0.322360634803772,0.32348597049713135,0.4096478521823883,0.30922791779869263
10232054,0,0.31041398644447327,0.29027509689331055,0.30501261353492737,0.2978705167770386,0.38917617630105567
10788177,0,0.2967817485332489,0.2719009220600128,0.28662729263305664,0.4759756326675415,0.47855832337258075
11277219,0,0.22096534073352814,0.20156115293502808,0.15851996839046478,0.1150679960846901,0.19773522852732708
10345502,0,0.46599990129470825,0.46741408109664917,0.4815349876880646,0.5525438189506531,0.5189896300194541
10086019,1,0.8397526741027832,0.8075911402702332,0.8712745308876038,0.8376801013946533,0.6954685860869129
10940276,0,0.23362092673778534,0.24855072796344757,0.229381263256073,0.4568764567375183,0.2980626722640663
11075506,0,0.23564255237579346,0.19291700422763824,0.1651480495929718,0.19697564840316772,0.21405487523030708
11274746,0,0.23257282376289368,0.2052909880876541,0.2600906193256378,0.17891579866409302,0.19529954892807996
11518181,0,0.5519528388977051,0.558726966381073,0.5852463245391846,0.557525634765625,0.5830411105822216
10869039,1,0.508501410484314,0.5342540740966797,0.5329777598381042,0.49467596411705017,0.4859098815109485
10711074,0,0.5547577142715454,0.5022823810577393,0.5413305759429932,0.5752609968185425,0.5166330447018536
11395534,0,0.39910197257995605,0.36790022253990173,0.343021035194397,0.6130350828170776,0.6676841525447047
10669211,0,0.26832568645477295,0.28501084446907043,0.28742480278015137,0.1806865930557251,0.1929003531285375
10616749,0,0.5675549507141113,0.565005362033844,0.5788304805755615,0.6705425381660461,0.6338951653275843
10530902,0,0.2552686631679535,0.2209969162940979,0.22631561756134033,0.5175998210906982,0.5510954084266452
11357037,0,0.42956918478012085,0.41440680623054504,0.4239383935928345,0.5312869548797607,0.5808899989802788
11347371,0,0.29664164781570435,0.2705787420272827,0.2904057800769806,0.16317960619926453,0.19758512483729324
9999279,0,0.30675390362739563,0.28450554609298706,0.28937703371047974,0.4429391324520111,0.3856457094382263
11102769,0,0.2967817485332489,0.2719009220600128,0.28662729263305664,0.4759756326675415,0.47855832337258075
11197266,0,0.28495895862579346,0.23297205567359924,0.2161119431257248,0.22883281111717224,0.20991692129035364
10792956,0,0.5386286973953247,0.4870791733264923,0.5074350833892822,0.7287371754646301,0.6886670554073746
10741896,0,0.15405219793319702,0.15498214960098267,0.1588658094406128,0.15864117443561554,0.22929176798923365
10214489,0,0.2967817485332489,0.2719009220600128,0.28662729263305664,0.4759756326675415,0.47855832337258075
9993361,0,0.2967817485332489,0.2719009220600128,0.28662729263305664,0.4759756326675415,0.47855832337258075
11309479,0,0.16285312175750732,0.13030123710632324,0.13972198963165283,0.22150713205337524,0.24425063028324923
10944527,0,0.3593656122684479,0.3467152416706085,0.3631139397621155,0.5588554739952087,0.5689749656848665
10912174,0,0.48949310183525085,0.4543844759464264,0.4765718877315521,0.5256204605102539,0.5970252670186114
11082161,0,0.1507934331893921,0.08043783158063889,0.06798739731311798,0.24199461936950684,0.24941395893086554
10416377,0,0.4195168912410736,0.4195060133934021,0.416814923286438,0.6004220843315125,0.5857856478615258
10192647,0,0.2179197371006012,0.23652119934558868,0.2244511842727661,0.3695117235183716,0.37245215470616033
9925209,0,0.5670181512832642,0.546728253364563,0.5599003434181213,0.6571558117866516,0.6380510818153838
11297846,0,0.3887839615345001,0.4006653428077698,0.4214285910129547,0.23768717050552368,0.23890673999999043
11403742,0,0.4282066226005554,0.3876238167285919,0.42331188917160034,0.4695206582546234,0.36228240701411285
10843914,0,0.3427991569042206,0.31121835112571716,0.24980078637599945,0.2328767031431198,0.2104291195065044
11505227,0,0.2967817485332489,0.2719009220600128,0.28662729263305664,0.4759756326675415,0.47855832337258075
11335737,0,0.27210327982902527,0.20753486454486847,0.18979910016059875,0.24628405272960663,0.24105495668137783
11404804,0,0.3065737187862396,0.2899160385131836,0.31558337807655334,0.41101470589637756,0.4840352156462525
10758882,0,0.28495895862579346,0.23297205567359924,0.2161119431257248,0.22883281111717224,0.20991692129035364
11025932,0,0.3593656122684479,0.3467152416706085,0.3631139397621155,0.6985940933227539,0.6595834355008133
10377733,0,0.5933444499969482,0.5726191401481628,0.5824384689331055,0.5942238569259644,0.5824423291521541
10905577,0,0.6792700290679932,0.6286696195602417,0.6446202993392944,0.5520249605178833,0.6780699333370797
9990991,0,0.11246881633996964,0.1219533309340477,0.12167134135961533,0.22286158800125122,0.24448330954789774
10493979,0,0.6399456262588501,0.6020640134811401,0.6250763535499573,0.7283611297607422,0.7398335776945801
10610844,1,0.6106549501419067,0.5658442974090576,0.587914228439331,0.7267221212387085,0.7318452904790412
10568596,0,0.07875483483076096,0.04301164299249649,0.021121211349964142,0.1504785567522049,0.19347217215759582
11063206,0,0.3593656122684479,0.3467152416706085,0.3631139397621155,0.6985940933227539,0.6595834355008133
10304532,0,0.43032026290893555,0.4061685800552368,0.4259874224662781,0.714103639125824,0.6762047227355136
10352998,0,0.6089174747467041,0.6237250566482544,0.6013706922531128,0.6467378735542297,0.5401410125422387
10537604,0,0.14956136047840118,0.11014009267091751,0.09454445540904999,0.17593224346637726,0.19678193573068303
10323388,0,0.28495895862579346,0.23297205567359924,0.2161119431257248,0.22883281111717224,0.20991692129035364
11338482,0,0.4349745810031891,0.4251304268836975,0.4193841814994812,0.20233425498008728,0.2282786153255127
10173752,0,0.33988937735557556,0.33253830671310425,0.34485769271850586,0.5989235043525696,0.4881368583591976
10182861,0,0.285455584526062,0.2524673044681549,0.23177404701709747,0.1245526373386383,0.1516762410773897
10767847,0,0.28495895862579346,0.23297205567359924,0.2161119431257248,0.22883281111717224,0.20991692129035364
10604747,0,0.4827435612678528,0.44650107622146606,0.4693399965763092,0.6493769884109497,0.490401625112643
10750418,0,0.198044091463089,0.16265204548835754,0.1593208611011505,0.3367578387260437,0.20621486959897437
10304507,0,0.10473465174436569,0.11073582619428635,0.08172531425952911,0.23864129185676575,0.23514256594560118
11176612,0,0.2628561556339264,0.22260847687721252,0.24138303101062775,0.23488563299179077,0.1951586354681044
11362812,0,0.2967817485332489,0.2719009220600128,0.28662729263305664,0.5724073648452759,0.5560293841033273
10168724,0,0.28495895862579346,0.23297205567359924,0.2161119431257248,0.22883281111717224,0.20991692129035364
10980647,0,0.4604366719722748,0.45196399092674255,0.44651439785957336,0.5973274111747742,0.5980894750693851
10889266,0,0.5702918767929077,0.547825276851654,0.5808486938476562,0.636318564414978,0.5513107722633666
10360429,0,0.3593656122684479,0.3467152416706085,0.3631139397621155,0.5588554739952087,0.5689749656848665
11073148,0,0.4425570070743561,0.4494089186191559,0.48525938391685486,0.6695026159286499,0.6267155025366314
10660337,0,0.7269532680511475,0.6446646451950073,0.7072352170944214,0.7856376767158508,0.7350629085800022
10643916,0,0.5196558237075806,0.4900784492492676,0.5024737119674683,0.5907979607582092,0.6199285898189943
11494703,0,0.3593656122684479,0.3467152416706085,0.3631139397621155,0.5588554739952087,0.5689749656848665
11516424,0,0.20773136615753174,0.21207860112190247,0.23091775178909302,0.2455250769853592,0.25752751084897524
11320481,0,0.2761032283306122,0.29777297377586365,0.30988940596580505,0.6293620467185974,0.4996381581531147
10263921,0,0.4358249306678772,0.4057193696498871,0.4123760163784027,0.4435696303844452,0.45232558970752984
11000109,1,0.15432684123516083,0.11225958913564682,0.0825800821185112,0.22712305188179016,0.2432049601859265
10404118,1,0.4105072021484375,0.3746761977672577,0.3645939826965332,0.24220389127731323,0.24563746493308466
11086928,0,0.07850432395935059,0.03908340632915497,0.022776450961828232,0.17190253734588623,0.19819920515490616
10634259,0,0.861732542514801,0.8670527935028076,0.8408344388008118,0.8680156469345093,0.8388165771546879
10780238,1,0.8732603192329407,0.8544012904167175,0.8388923406600952,0.7640556693077087,0.70162105289903
10715223,0,0.3766843378543854,0.3686862587928772,0.3461846113204956,0.5271002650260925,0.4107626263783637
10109442,0,0.43032026290893555,0.4061685800552368,0.4259874224662781,0.5036234259605408,0.5714334066243122
11418673,0,0.3360179364681244,0.3022518754005432,0.297649085521698,0.19614438712596893,0.23319349944055706
11183941,0,0.3296545445919037,0.3429860770702362,0.3603791296482086,0.4760574400424957,0.49876781581597607
9761391,0,0.402180552482605,0.40952304005622864,0.4148840308189392,0.7880918979644775,0.8025942602691509
11358104,0,0.2967817485332489,0.2719009220600128,0.28662729263305664,0.4759756326675415,0.47855832337258075
10994802,0,0.2967817485332489,0.2719009220600128,0.28662729263305664,0.4759756326675415,0.47855832337258075
11445303,0,0.28040438890457153,0.25818032026290894,0.24065080285072327,0.23484086990356445,0.24563746493308466
10124981,0,0.5387316346168518,0.5142861604690552,0.5162752866744995,0.7359432578086853,0.706062070826402
10829946,0,0.3837900459766388,0.3399982750415802,0.34894081950187683,0.7291252613067627,0.7066830541728298
10592434,0,0.40327224135398865,0.41901662945747375,0.4353889524936676,0.4018785059452057,0.5012716886180021
11110127,0,0.3593656122684479,0.3467152416706085,0.3631139397621155,0.6985940933227539,0.6595834355008133
10264356,0,0.28495895862579346,0.23297205567359924,0.2161119431257248,0.22883281111717224,0.20991692129035364
11210441,0,0.35592684149742126,0.31427085399627686,0.3362763226032257,0.24046309292316437,0.24743924520326913
10737907,0,0.30102893710136414,0.31004613637924194,0.34644412994384766,0.4496127665042877,0.5128433795496031
10444804,0,0.7120707035064697,0.6624523401260376,0.6843305826187134,0.6845380663871765,0.5914290703786368
10132642,0,0.6080185770988464,0.5608819723129272,0.5822243094444275,0.7973096370697021,0.735835651321661
11108431,0,0.28360962867736816,0.2948606610298157,0.29211127758026123,0.24773317575454712,0.3164246340789869
10410849,0,0.21280182898044586,0.1887683868408203,0.20484982430934906,0.5779743790626526,0.4045521638615724
10285788,0,0.3198116719722748,0.2941204905509949,0.3067166805267334,0.41913747787475586,0.4402553337454106
10635512,0,0.5603916049003601,0.5184256434440613,0.5622417330741882,0.5673990249633789,0.5511153046214574
10528586,0,0.24832694232463837,0.20927083492279053,0.19972766935825348,0.26561740040779114,0.2429426266412925
9914141,0,0.4221608638763428,0.40141892433166504,0.4134831130504608,0.39428290724754333,0.24151478335616788
11169088,0,0.27517735958099365,0.2732694447040558,0.3134070038795471,0.5501262545585632,0.62251203921423
10899408,0,0.5007394552230835,0.5105446577072144,0.5098820328712463,0.658503532409668,0.6544068795970092
10250263,0,0.710858941078186,0.6850325465202332,0.6626995801925659,0.759903073310852,0.7487583849740573
10462681,0,0.29647010564804077,0.2851504683494568,0.3019617199897766,0.6487502455711365,0.45865850612668607
10641241,0,0.28495895862579346,0.23297205567359924,0.2161119431257248,0.22883281111717224,0.20991692129035364
11389352,0,0.255864679813385,0.19309261441230774,0.14598721265792847,0.20415888726711273,0.20241744074071422
11308666,0,0.28495895862579346,0.23297205567359924,0.2161119431257248,0.22883281111717224,0.20991692129035364
10610014,0,0.2967817485332489,0.2719009220600128,0.28662729263305664,0.4759756326675415,0.47855832337258075
9862688,0,0.8089444637298584,0.7680914998054504,0.7793421745300293,0.7210022211074829,0.6932949473101933
10228347,0,0.28495895862579346,0.23297205567359924,0.2161119431257248,0.22883281111717224,0.20991692129035364
10008029,0,0.17803463339805603,0.18099859356880188,0.19417130947113037,0.6293798685073853,0.370998822930231
10571558,0,0.2723863422870636,0.24481482803821564,0.23539118468761444,0.43751955032348633,0.49876781581597607
11044531,0,0.28495895862579346,0.23297205567359924,0.2161119431257248,0.22883281111717224,0.20991692129035364
10712922,0,0.2916882634162903,0.20834386348724365,0.17162388563156128,0.479829341173172,0.39924815942628816
10310231,0,0.46910786628723145,0.43027156591415405,0.5032393932342529,0.648173987865448,0.4439270059219293
9821968,0,0.13416296243667603,0.08010730147361755,0.05209875851869583,0.1245526373386383,0.1516762410773897
10860799,0,0.27660757303237915,0.27255353331565857,0.28858932852745056,0.19434601068496704,0.22018959421313403
10259382,0,0.36550387740135193,0.3418765366077423,0.31930652260780334,0.7559301257133484,0.7555840308114707
10859627,0,0.5186964869499207,0.49831584095954895,0.5273857116699219,0.4399053454399109,0.5959502624204555
10036754,0,0.28495895862579346,0.23297205567359924,0.2161119431257248,0.22883281111717224,0.20991692129035364
11172047,0,0.17063170671463013,0.1884278804063797,0.1630723476409912,0.632598876953125,0.6797912482117097
10098391,0,0.6080185770988464,0.5608819723129272,0.5822243094444275,0.6553889513015747,0.6498080139339661
9956658,0,0.4053293466567993,0.34842973947525024,0.3601861298084259,0.463731974363327,0.3509467688975311
9959476,0,0.3942910432815552,0.3531113564968109,0.3586117923259735,0.2086004763841629,0.2514486095760623
10377826,0,0.1511564403772354,0.12610450387001038,0.13266810774803162,0.46613809466362,0.46941604258585845
10801991,0,0.45009368658065796,0.4206068217754364,0.45915451645851135,0.5283705592155457,0.45228894390446894
10447228,0,0.3743627071380615,0.3720944821834564,0.36648479104042053,0.21216653287410736,0.23664926481853854
10998847,0,0.43139758706092834,0.40174445509910583,0.44543763995170593,0.595363974571228,0.6561712437209316
11073274,0,0.5855264663696289,0.5964679718017578,0.589431881904602,0.399487167596817,0.31276599670473487
10946794,0,0.3728225529193878,0.37188079953193665,0.34323540329933167,0.20233425498008728,0.2282786153255127
11001088,0,0.4244605004787445,0.39825454354286194,0.42492878437042236,0.21042680740356445,0.23044396537326906
10142964,1,0.35512247681617737,0.41714924573898315,0.4253755509853363,0.7447133660316467,0.7235222464192406
11380961,0,0.26067039370536804,0.25916850566864014,0.2601775825023651,0.2391916960477829,0.3195207093851152
11484282,0,0.36014917492866516,0.3453332781791687,0.3635038137435913,0.587541937828064,0.5576015195075366
10003816,0,0.44818487763404846,0.4800153970718384,0.4992119371891022,0.6521363854408264,0.6495636724610001
10938109,0,0.2924102246761322,0.28663599491119385,0.29953014850616455,0.2435842752456665,0.23011082155270401
11300221,0,0.36402037739753723,0.37077075242996216,0.3991764485836029,0.5707570910453796,0.568216302842272
10334151,0,0.5191234350204468,0.4888319671154022,0.5097091197967529,0.645753800868988,0.6887492148519437
9847032,0,0.7076965570449829,0.7035312652587891,0.7154752016067505,0.8755277395248413,0.8980322879267418
9879987,1,0.43032026290893555,0.4061685800552368,0.4259874224662781,0.5036234259605408,0.5714334066243122
11292794,0,0.2967817485332489,0.2719009220600128,0.28662729263305664,0.4759756326675415,0.47855832337258075
10670783,0,0.38239261507987976,0.35739511251449585,0.40378740429878235,0.2278902679681778,0.21405487523030708
10382292,0,0.5204753875732422,0.5411276817321777,0.5522764921188354,0.2781839966773987,0.380570332728668
10257312,0,0.4753172695636749,0.4467158615589142,0.4730008840560913,0.6703144907951355,0.7025464683683648
11524484,0,0.4569334089756012,0.41431906819343567,0.4490315914154053,0.45576944947242737,0.44910203292154177
10879888,0,0.8500831127166748,0.7730440497398376,0.7840739488601685,0.7637698650360107,0.7461707742825321
10056063,1,0.33200502395629883,0.3372425436973572,0.3384259045124054,0.21979700028896332,0.27416147783905503
10438497,0,0.25872084498405457,0.2476763278245926,0.25311195850372314,0.2548772692680359,0.23354567799920595
11298814,0,0.2967817485332489,0.2719009220600128,0.28662729263305664,0.4759756326675415,0.47855832337258075
9994421,0,0.5756504535675049,0.5306249856948853,0.5531891584396362,0.8152626156806946,0.731310121063493
11452557,0,0.3988367021083832,0.3745146095752716,0.3941871225833893,0.4760158360004425,0.6265155751196352
10158713,0,0.28495895862579346,0.23297205567359924,0.2161119431257248,0.22883281111717224,0.20991692129035364
11155902,0,0.3632550835609436,0.3848917782306671,0.382379949092865,0.29044049978256226,0.3221910802947018
11391761,1,0.3593656122684479,0.3467152416706085,0.3631139397621155,0.7043688893318176,0.6595834355008133
10518228,0,0.28233903646469116,0.2863791882991791,0.3256911039352417,0.5325031280517578,0.4147488960055085
11355478,0,0.28495895862579346,0.23297205567359924,0.2161119431257248,0.22883281111717224,0.20991692129035364
11377046,0,0.3701942265033722,0.3865041434764862,0.3890286386013031,0.49227383732795715,0.46766186203674104
11238851,0,0.3829987347126007,0.3703259229660034,0.4007816016674042,0.28820741176605225,0.2351490854336122
10924738,0,0.20992347598075867,0.20809853076934814,0.24424806237220764,0.4121381938457489,0.3769268446717361
9869952,0,0.43306764960289,0.44692450761795044,0.48849278688430786,0.20233425498008728,0.2282786153255127
10841292,0,0.6920565962791443,0.6878645420074463,0.7041789293289185,0.6399303078651428,0.6493534995382865
9873994,0,0.31083402037620544,0.2765997350215912,0.29724761843681335,0.28294676542282104,0.2703869295608659
10066529,0,0.34456345438957214,0.3359663784503937,0.37351182103157043,0.2669638395309448,0.2396950296012123
11059111,0,0.32089805603027344,0.33081603050231934,0.33028897643089294,0.39404982328414917,0.44493750622199973
11172001,0,0.36390599608421326,0.3496846556663513,0.34718093276023865,0.2900574803352356,0.2351490854336122
10651687,0,0.3593656122684479,0.3467152416706085,0.3631139397621155,0.5588554739952087,0.5689749656848665
10289258,0,0.38966667652130127,0.3859148919582367,0.38933295011520386,0.4074660539627075,0.4152179317970749
11324441,0,0.23277340829372406,0.2352614551782608,0.24465276300907135,0.16817837953567505,0.21558263407793163
10222308,0,0.29927799105644226,0.2730417549610138,0.2701808214187622,0.18462514877319336,0.20102577521818701
10717509,0,0.3138948678970337,0.32725226879119873,0.3170233368873596,0.19934074580669403,0.27902090420431014
11323856,0,0.2967817485332489,0.2719009220600128,0.28662729263305664,0.4759756326675415,0.47855832337258075
10870494,0,0.28495895862579346,0.23297205567359924,0.2161119431257248,0.22883281111717224,0.20991692129035364
10604572,1,0.4194527268409729,0.4328692853450775,0.46405383944511414,0.816616952419281,0.8056875528530759
10825144,0,0.22595646977424622,0.26953816413879395,0.30578964948654175,0.5419349670410156,0.4550328406155102
10007976,0,0.28005462884902954,0.2341567873954773,0.2694655656814575,0.20563091337680817,0.21135809195960267
11064496,0,0.2967817485332489,0.2719009220600128,0.28662729263305664,0.4759756326675415,0.47855832337258075
9943014,0,0.13875550031661987,0.1556164175271988,0.1563894897699356,0.6598567366600037,0.6254293853772319
10154454,0,0.6214293241500854,0.6104927062988281,0.6310715675354004,0.6987219452857971,0.771707525595671
11233253,0,0.35539042949676514,0.34527626633644104,0.33850938081741333,0.24967923760414124,0.2817184426894772
10620251,0,0.2967817485332489,0.2719009220600128,0.28662729263305664,0.4759756326675415,0.47855832337258075
10065149,0,0.43032026290893555,0.4061685800552368,0.4259874224662781,0.7184937596321106,0.6762047227355136
9782091,0,0.2967817485332489,0.2719009220600128,0.28662729263305664,0.4759756326675415,0.47855832337258075
11232818,0,0.3426358103752136,0.3540782034397125,0.33917036652565,0.2569073736667633,0.2432053357972327
11301182,0,0.3593656122684479,0.3467152416706085,0.3631139397621155,0.5588554739952087,0.5689749656848665
11492221,0,0.637384295463562,0.5986883640289307,0.6194428205490112,0.7295878529548645,0.7509800759061533
10279228,0,0.3984737992286682,0.39226672053337097,0.4093453288078308,0.5357972383499146,0.5664438452681746
10635929,0,0.40834176540374756,0.39772486686706543,0.40667831897735596,0.54509437084198,0.4977995765659098
9760001,0,0.45259976387023926,0.4489971399307251,0.4499196708202362,0.2730749249458313,0.2792648879658868
11519911,0,0.3448190987110138,0.33625972270965576,0.37308749556541443,0.4826596975326538,0.5040830664802725
10637082,0,0.40880286693573,0.3789113759994507,0.4134668707847595,0.5977798104286194,0.6687818898391649
10841418,0,0.4857356548309326,0.48373085260391235,0.5288792848587036,0.5458242893218994,0.5433749060098766
9908082,0,0.2697483003139496,0.22819669544696808,0.19500017166137695,0.479829341173172,0.39924815942628816
10256418,0,0.28495895862579346,0.23297205567359924,0.2161119431257248,0.22883281111717224,0.20991692129035364
10025683,0,0.2940378785133362,0.26108837127685547,0.2872612178325653,0.2465498447418213,0.2398473953121364
11366161,0,0.2881206274032593,0.26767802238464355,0.2747902572154999,0.2520681917667389,0.25339885100024795
10971674,0,0.41258516907691956,0.40521296858787537,0.4310084581375122,0.21519306302070618,0.20964156210150411
11150321,0,0.28495895862579346,0.23297205567359924,0.2161119431257248,0.22883281111717224,0.20991692129035364
10372932,0,0.2662142515182495,0.22143785655498505,0.2303190529346466,0.21214021742343903,0.19869829517721221
10116186,1,0.6648634672164917,0.6129405498504639,0.6206958293914795,0.7277341485023499,0.7319803799965025
11018194,0,0.7041479349136353,0.6734092235565186,0.6941922903060913,0.6981383562088013,0.7748481213227595
11247656,0,0.5924674272537231,0.5761911869049072,0.5822035670280457,0.6058961749076843,0.5818300208494229
10442046,0,0.44976934790611267,0.44853875041007996,0.4685870409011841,0.6542971134185791,0.5725712754055928
10561548,0,0.2967817485332489,0.2719009220600128,0.28662729263305664,0.4759756326675415,0.47855832337258075
10332938,0,0.3449741303920746,0.33534759283065796,0.33328235149383545,0.17694026231765747,0.20022154319778004
11280191,0,0.2512970268726349,0.24914373457431793,0.26515424251556396,0.47602370381355286,0.48451628473186875
10726042,0,0.2967817485332489,0.2719009220600128,0.28662729263305664,0.4759756326675415,0.47855832337258075
9801287,0,0.3593656122684479,0.3467152416706085,0.3631139397621155,0.5588554739952087,0.5689749656848665
10954538,0,0.2967817485332489,0.2719009220600128,0.28662729263305664,0.4759756326675415,0.47855832337258075
10268072,0,0.15777887403964996,0.11630874872207642,0.1215563416481018,0.27825993299484253,0.20923525493347345
11288617,0,0.2967817485332489,0.2719009220600128,0.28662729263305664,0.4759756326675415,0.47855832337258075
10167819,0,0.31844842433929443,0.3022017180919647,0.32088178396224976,0.17190253734588623,0.19819920515490616
9869327,0,0.25585880875587463,0.21290162205696106,0.2839406430721283,0.6039517521858215,0.8197196757554767
10336909,0,0.7977434992790222,0.7798556089401245,0.7617008686065674,0.7279908657073975,0.7593562508314725
10122772,0,0.2860102355480194,0.26995646953582764,0.278788685798645,0.35068264603614807,0.2962953965726538
10793622,0,0.43871089816093445,0.460384726524353,0.5015436410903931,0.504591166973114,0.568984820980547
10791882,0,0.39509281516075134,0.3970620334148407,0.37499356269836426,0.5300602316856384,0.43737026703062065
11274224,0,0.35049086809158325,0.2998288869857788,0.2900269031524658,0.2660316228866577,0.25723925367694167
10925934,0,0.15950924158096313,0.11246971786022186,0.08791416883468628,0.22071900963783264,0.23521016380024726
10918562,0,0.3593656122684479,0.3467152416706085,0.3631139397621155,0.5588554739952087,0.5689749656848665
10268136,0,0.5756504535675049,0.5306249856948853,0.5531891584396362,0.8152626156806946,0.731310121063493
11221091,0,0.43032026290893555,0.4061685800552368,0.4259874224662781,0.5036234259605408,0.5714334066243122
10773857,0,0.2967817485332489,0.2719009220600128,0.28662729263305664,0.4759756326675415,0.47855832337258075
10212924,0,0.5337029695510864,0.4998881220817566,0.5232354998588562,0.541378915309906,0.6067127663515841
11440267,0,0.28040438890457153,0.25818032026290894,0.24065080285072327,0.23484086990356445,0.24563746493308466
9943139,0,0.21271692216396332,0.2027907818555832,0.22163523733615875,0.2435842752456665,0.23011082155270401
11319231,0,0.45927557349205017,0.42373716831207275,0.44929802417755127,0.4764585793018341,0.6421802626481089
10129409,0,0.5811209678649902,0.5403891205787659,0.5684165954589844,0.49173030257225037,0.48319643647884425
10038237,0,0.33173027634620667,0.3075319230556488,0.3470252454280853,0.442087858915329,0.4400428168419557
10654407,0,0.21625977754592896,0.27003785967826843,0.2562646269798279,0.5302822589874268,0.24884886628916855
11183958,0,0.2110353261232376,0.26134419441223145,0.25286635756492615,0.5462282299995422,0.5815124547315932
11368831,0,0.33385103940963745,0.37251245975494385,0.33770719170570374,0.18798653781414032,0.20217941377285556
10749466,0,0.3150828182697296,0.2620979845523834,0.2765662968158722,0.2424640953540802,0.1951586354681044
10976598,0,0.4348078668117523,0.43276727199554443,0.4660542905330658,0.6715940833091736,0.5430211531143768
11397249,0,0.21306994557380676,0.22104328870773315,0.24526497721672058,0.23590096831321716,0.2523307738854091
11373141,0,0.26830166578292847,0.22344984114170074,0.23904192447662354,0.533600389957428,0.5808899989802788
11281488,0,0.44058758020401,0.42171576619148254,0.43780237436294556,0.33632025122642517,0.3873541039094804
9982703,0,0.2967817485332489,0.2719009220600128,0.28662729263305664,0.4759756326675415,0.47855832337258075
10671951,1,0.8359498381614685,0.7752014994621277,0.8047842979431152,0.7200221419334412,0.7677682013265597
9871091,0,0.2967817485332489,0.2719009220600128,0.28662729263305664,0.4759756326675415,0.47855832337258075
10372647,0,0.28495895862579346,0.23297205567359924,0.2161119431257248,0.22883281111717224,0.20991692129035364
11175049,0,0.32155171036720276,0.3331855833530426,0.3503313958644867,0.3252607583999634,0.37485731009764706
10271161,0,0.43032026290893555,0.4061685800552368,0.4259874224662781,0.5036234259605408,0.5714334066243122
10369543,0,0.09996437281370163,0.06943529099225998,0.05583497881889343,0.2653002440929413,0.20621486959897437
10613016,0,0.25737637281417847,0.19954517483711243,0.16888567805290222,0.17351311445236206,0.23730325596449617
11181341,0,0.3426358103752136,0.3540782034397125,0.33917036652565,0.2569073736667633,0.2432053357972327
10268647,0,0.34206423163414,0.32147619128227234,0.2862399220466614,0.6961860060691833,0.6018900329661203
11089997,0,0.6808459758758545,0.6665952205657959,0.6835720539093018,0.662483274936676,0.5893066420167622
10699942,0,0.3846028745174408,0.3746313154697418,0.37314361333847046,0.355427086353302,0.24151478335616788
10704373,0,0.7074763774871826,0.64693284034729,0.6774744987487793,0.5697135329246521,0.6223483825782387
11063611,0,0.48273587226867676,0.4685668647289276,0.49455955624580383,0.7556537985801697,0.5747712464713107
10059464,0,0.15721330046653748,0.1507631540298462,0.19024598598480225,0.4712480902671814,0.49897340604259843
11383203,0,0.28495895862579346,0.23297205567359924,0.2161119431257248,0.22883281111717224,0.20991692129035364
10365648,0,0.3593656122684479,0.3467152416706085,0.3631139397621155,0.5588554739952087,0.5689749656848665
10812293,0,0.28495895862579346,0.23297205567359924,0.2161119431257248,0.22883281111717224,0.20991692129035364
10999158,0,0.4266713857650757,0.4197990298271179,0.47402822971343994,0.5295267105102539,0.5602074538982185
11523757,0,0.3647143244743347,0.3199825584888458,0.3479800224304199,0.3861324191093445,0.3676164728495177
9977774,0,0.3593656122684479,0.3467152416706085,0.3631139397621155,0.5588554739952087,0.5689749656848665
10669623,0,0.2967817485332489,0.2719009220600128,0.28662729263305664,0.4759756326675415,0.47855832337258075
10837287,0,0.45115888118743896,0.4270920157432556,0.4069023132324219,0.5668628811836243,0.5522955950954384
11099014,0,0.3593656122684479,0.3467152416706085,0.3631139397621155,0.5588554739952087,0.5689749656848665
10917342,0,0.38931241631507874,0.3745816946029663,0.3862689435482025,0.425243079662323,0.5533271688109648
10975713,0,0.48598501086235046,0.4661838114261627,0.48467564582824707,0.49878570437431335,0.6094222962703134
10722831,0,0.2446177899837494,0.26661252975463867,0.27992188930511475,0.2119138091802597,0.2432053357972327
11332494,0,0.48949310183525085,0.4543844759464264,0.4765718877315521,0.5256204605102539,0.5970252670186114
11435426,0,0.4055158793926239,0.40110307931900024,0.3898058235645294,0.2459104359149933,0.23737848463818528
10705153,0,0.28495895862579346,0.23297205567359924,0.2161119431257248,0.22883281111717224,0.20991692129035364
10006609,0,0.28495895862579346,0.23297205567359924,0.2161119431257248,0.22883281111717224,0.20991692129035364
10761246,0,0.29332074522972107,0.25322842597961426,0.235108882188797,0.22021514177322388,0.4551642752186159
10382736,0,0.4431540071964264,0.43056178092956543,0.4368782341480255,0.264299213886261,0.2642263454664347
9828968,0,0.1909453421831131,0.18409699201583862,0.19404256343841553,0.23447273671627045,0.22873213037708356
11356507,0,0.17314574122428894,0.1409410685300827,0.13401702046394348,0.25063613057136536,0.24011590309092992
11017154,0,0.1681889146566391,0.14235763251781464,0.1790710687637329,0.21533234417438507,0.2432053357972327
10477094,0,0.2967817485332489,0.2719009220600128,0.28662729263305664,0.4759756326675415,0.47855832337258075
11184064,0,0.43032026290893555,0.4061685800552368,0.4259874224662781,0.5036234259605408,0.5714334066243122
11249823,0,0.28495895862579346,0.23297205567359924,0.2161119431257248,0.22883281111717224,0.20991692129035364
10691266,0,0.10077212005853653,0.10585316270589828,0.11408362537622452,0.3188801407814026,0.32665109128180414
10565288,1,0.28495895862579346,0.23297205567359924,0.2161119431257248,0.22883281111717224,0.20991692129035364
10624589,0,0.3039458990097046,0.27095961570739746,0.2188083827495575,0.18876267969608307,0.244099432649467
10526244,0,0.3112221360206604,0.3453790545463562,0.3449243903160095,0.5549293160438538,0.3342986712520848
10982014,0,0.2967817485332489,0.2719009220600128,0.28662729263305664,0.4759756326675415,0.47855832337258075
10008716,0,0.5655016899108887,0.557948112487793,0.5792555809020996,0.7103813290596008,0.7169535036635709
11125337,0,0.32481876015663147,0.3057287633419037,0.312087744474411,0.24199461936950684,0.24941395893086554
10634384,0,0.11585520952939987,0.07277333736419678,0.05735648795962334,0.1745554655790329,0.19678193573068303
10046911,1,0.3593656122684479,0.3467152416706085,0.3631139397621155,0.6985940933227539,0.6595834355008133
10516868,0,0.3701379895210266,0.3737559914588928,0.3850499987602234,0.5398417711257935,0.41303369752721664
10425796,0,0.2967817485332489,0.2719009220600128,0.28662729263305664,0.4759756326675415,0.47855832337258075
11320358,1,0.1540166288614273,0.12810631096363068,0.1370154768228531,0.35360094904899597,0.39924815942628816
10880316,1,0.7198473215103149,0.7027369737625122,0.7117593288421631,0.7993311285972595,0.729846710454057
10992941,0,0.2814137637615204,0.2352827936410904,0.23931953310966492,0.1847265362739563,0.20979051709916888
9840264,1,0.28495895862579346,0.23297205567359924,0.2161119431257248,0.22883281111717224,0.20991692129035364
10293059,0,0.3593656122684479,0.3467152416706085,0.3631139397621155,0.5588554739952087,0.5689749656848665
10782399,0,0.2967817485332489,0.2719009220600128,0.28662729263305664,0.5724073648452759,0.5560293841033273
11239489,0,0.43032026290893555,0.4061685800552368,0.4259874224662781,0.714103639125824,0.6762047227355136
10403618,0,0.24520793557167053,0.23564092814922333,0.21054062247276306,0.2208244800567627,0.24006595018232604
10337808,0,0.4908716082572937,0.46344685554504395,0.44612032175064087,0.5894829034805298,0.5140176746637477
10302389,0,0.20997293293476105,0.2210225760936737,0.2318325787782669,0.19450362026691437,0.23843662447511077
11220607,0,0.2944825291633606,0.24253158271312714,0.21647384762763977,0.22021514177322388,0.4551642752186159
11418154,0,0.5640650987625122,0.5245392322540283,0.56005859375,0.8217085599899292,0.702857496028926
10459529,0,0.29826346039772034,0.2983596622943878,0.31752800941467285,0.2782849371433258,0.5152098215543701
11280647,0,0.43032026290893555,0.4061685800552368,0.4259874224662781,0.5036234259605408,0.5714334066243122
11515197,0,0.6308684349060059,0.6037462949752808,0.6224379539489746,0.5999045372009277,0.6753029332919155
10292564,0,0.308992862701416,0.27795425057411194,0.2859075367450714,0.2649085819721222,0.2307984307952921
10798759,0,0.4710865616798401,0.41204115748405457,0.44775840640068054,0.5671762228012085,0.36249582064518837
11292418,0,0.6871825456619263,0.6549268960952759,0.6974701285362244,0.827118456363678,0.782091949562592
10198774,0,0.29664164781570435,0.2705787420272827,0.2904057800769806,0.16317960619926453,0.19758512483729324
11032461,0,0.13605819642543793,0.12421295046806335,0.1318286955356598,0.2148493230342865,0.22756793692487512
10515271,0,0.22542981803417206,0.14317288994789124,0.13765373826026917,0.21147456765174866,0.2843762955405179
11091449,0,0.4852290749549866,0.4499647915363312,0.4900427758693695,0.6533384919166565,0.6473701194062145
10327153,0,0.5764155983924866,0.5589639544487,0.5752652883529663,0.77631676197052,0.7129315407782407
10014597,0,0.4106370806694031,0.3859323561191559,0.4141646921634674,0.6484604477882385,0.589021868944912
10558798,1,0.2967817485332489,0.2719009220600128,0.28662729263305664,0.4759756326675415,0.47855832337258075
11293836,0,0.4743248224258423,0.45380255579948425,0.47009363770484924,0.5020216107368469,0.5305628412956072
10050898,0,0.18092630803585052,0.19810177385807037,0.21102973818778992,0.3058980703353882,0.2834331117529871
11478696,0,0.4978288412094116,0.4688846170902252,0.45691004395484924,0.40908291935920715,0.359144384132588
10032187,0,0.25937092304229736,0.2660372257232666,0.25901955366134644,0.5384045839309692,0.303180989545771
9920862,0,0.2785435914993286,0.2658980190753937,0.28460952639579773,0.2681466341018677,0.40975181195786364
10360051,0,0.570877730846405,0.5195310115814209,0.5479080677032471,0.7105306386947632,0.6534030469723852
11072763,0,0.21003513038158417,0.2244279980659485,0.24934731423854828,0.5305185317993164,0.6123237806033285
10873694,0,0.45480599999427795,0.4562776982784271,0.4711378812789917,0.4806792736053467,0.4778998063205535
9969697,0,0.2967817485332489,0.2719009220600128,0.28662729263305664,0.4759756326675415,0.47855832337258075
10193656,0,0.6188834309577942,0.6309009790420532,0.6163462996482849,0.8338602781295776,0.8287118283655323
11449791,0,0.09960252791643143,0.07550984621047974,0.050460152328014374,0.20701777935028076,0.22076632221755757
11444167,0,0.28495895862579346,0.23297205567359924,0.2161119431257248,0.22883281111717224,0.20991692129035364
10202961,0,0.3593656122684479,0.3467152416706085,0.3631139397621155,0.5588554739952087,0.5689749656848665
10045603,0,0.30360254645347595,0.23297829926013947,0.15263690054416656,0.6188043355941772,0.5453197015548088
10652912,0,0.11585520952939987,0.07277333736419678,0.05735648795962334,0.1745554655790329,0.19678193573068303
10149271,0,0.2855340838432312,0.2634884715080261,0.2416621893644333,0.15325792133808136,0.18008837573792386
9976708,0,0.3873049318790436,0.3874455988407135,0.4442421495914459,0.6902684569358826,0.6689266036027421
10634337,0,0.4417237639427185,0.4516615569591522,0.4647952616214752,0.8647160530090332,0.8258592875416857
11422224,0,0.28495895862579346,0.23297205567359924,0.2161119431257248,0.22883281111717224,0.20991692129035364
10986634,0,0.23874419927597046,0.1821296215057373,0.17574374377727509,0.4903607964515686,0.5089980190289122
11078373,0,0.3975844979286194,0.39550143480300903,0.401541531085968,0.22593167424201965,0.19869829517721221
11245614,0,0.6808759570121765,0.6396504640579224,0.6165065765380859,0.8546987771987915,0.7678057567994556
10598514,0,0.24852053821086884,0.18389417231082916,0.15070682764053345,0.21234607696533203,0.24841030863063213
10023556,0,0.2967817485332489,0.2719009220600128,0.28662729263305664,0.4759756326675415,0.47855832337258075
10039146,0,0.5368759632110596,0.4954059422016144,0.5183842182159424,0.5996156930923462,0.6093317307813203
9799143,0,0.3593656122684479,0.3467152416706085,0.3631139397621155,0.5588554739952087,0.5689749656848665
11447633,0,0.28495895862579346,0.23297205567359924,0.2161119431257248,0.22883281111717224,0.20991692129035364
10828041,1,0.7786445021629333,0.7342455387115479,0.7402777671813965,0.8443464636802673,0.8362072556188362
9897499,0,0.5138940811157227,0.4826414883136749,0.4957689344882965,0.6606630682945251,0.6131844637262235
11422196,0,0.28495895862579346,0.23297205567359924,0.2161119431257248,0.22883281111717224,0.20991692129035364
10800482,0,0.1671803593635559,0.1748485565185547,0.1846083551645279,0.3826097548007965,0.4437596417615877
10501691,0,0.5464572906494141,0.5269384980201721,0.5423991680145264,0.6101716160774231,0.745791872921126
11465959,0,0.6595422625541687,0.6582411527633667,0.6182026863098145,0.705633282661438,0.7136539489622832
10948539,0,0.2984049320220947,0.27532532811164856,0.2905919551849365,0.39605429768562317,0.43878406442064866
10380277,1,0.09062846004962921,0.08501056581735611,0.10257857292890549,0.35862085223197937,0.4338433668721417
10622262,0,0.08984935283660889,0.07238183170557022,0.08567965775728226,0.2131844162940979,0.19869829517721221
10695148,0,0.29332074522972107,0.25322842597961426,0.235108882188797,0.22021514177322388,0.4551642752186159
11512176,0,0.28495895862579346,0.23297205567359924,0.2161119431257248,0.22883281111717224,0.20991692129035364
10405944,0,0.5505872964859009,0.5383517742156982,0.5173407793045044,0.7809814214706421,0.6961045962544898
10941809,0,0.1507934331893921,0.08043783158063889,0.06798739731311798,0.24199461936950684,0.24941395893086554
10590977,0,0.2967817485332489,0.2719009220600128,0.28662729263305664,0.4759756326675415,0.47855832337258075
9907871,0,0.23303543031215668,0.2549927830696106,0.2456750124692917,0.2972629964351654,0.2565872283353378
10927584,0,0.22734281420707703,0.20764704048633575,0.2117774337530136,0.40961599349975586,0.4437596417615877
10580152,0,0.6025561094284058,0.5391355752944946,0.5623940229415894,0.7588126063346863,0.7064037100271073
11286124,0,0.19464638829231262,0.1423918753862381,0.12276201695203781,0.1960519701242447,0.2548545107862645
10927757,0,0.28495895862579346,0.23297205567359924,0.2161119431257248,0.22883281111717224,0.20991692129035364
11100393,0,0.15140636265277863,0.1514057070016861,0.19325484335422516,0.37360671162605286,0.4215891151502611
10423257,0,0.43011704087257385,0.4391573667526245,0.535194993019104,0.241442009806633,0.244099432649467
11460183,0,0.31585097312927246,0.30264726281166077,0.31709951162338257,0.6159505248069763,0.6258259587250016
11104394,0,0.825822651386261,0.7882248163223267,0.7587832808494568,0.8098801970481873,0.8253642027587417
10118997,0,0.28495895862579346,0.23297205567359924,0.2161119431257248,0.22883281111717224,0.20991692129035364
10757177,0,0.5286699533462524,0.5037027597427368,0.5247054100036621,0.6123935580253601,0.5953621252729017
11071006,0,0.4988897442817688,0.46056830883026123,0.48161450028419495,0.4882618486881256,0.585550912842486
9999613,0,0.3448789715766907,0.346476674079895,0.3899025022983551,0.37043997645378113,0.2164517101557771
10549479,0,0.3897443413734436,0.3816508650779724,0.35031354427337646,0.629982054233551,0.6141676215306958
10241819,0,0.3540320098400116,0.33522728085517883,0.3468421995639801,0.649225652217865,0.7281764922456049
10006454,0,0.6354349851608276,0.5868973135948181,0.6065785884857178,0.6199068427085876,0.6674587650964658
11018839,0,0.2967817485332489,0.2719009220600128,0.28662729263305664,0.5724073648452759,0.5560293841033273
11341223,0,0.28495895862579346,0.23297205567359924,0.2161119431257248,0.22883281111717224,0.20991692129035364
11504636,0,0.17119447886943817,0.10312330722808838,0.07019801437854767,0.16784419119358063,0.23370071177181057
10854717,0,0.2244495004415512,0.1930570900440216,0.17903371155261993,0.2340942919254303,0.2499061490117014
11036682,0,0.5766866207122803,0.5283321142196655,0.5907245874404907,0.669400691986084,0.6465036766402367
11068783,0,0.298021525144577,0.23398514091968536,0.20777477324008942,0.26063159108161926,0.23671447912708254
10481811,0,0.2967817485332489,0.2719009220600128,0.28662729263305664,0.4759756326675415,0.47855832337258075
11535668,0,0.3678383231163025,0.34655147790908813,0.39523565769195557,0.7168362140655518,0.6683217578132964
10670316,0,0.2560097277164459,0.262554794549942,0.25648707151412964,0.5266556739807129,0.5841658336725138
11008272,0,0.3067457377910614,0.2794947624206543,0.28692251443862915,0.1867941915988922,0.23664926481853854
10087371,0,0.2371276468038559,0.26099681854248047,0.2703551948070526,0.2993412911891937,0.300997255038171
11078658,0,0.19246084988117218,0.19591407477855682,0.2349146455526352,0.24775242805480957,0.27875487797296444
10090082,0,0.8143439888954163,0.8091034889221191,0.8131047487258911,0.7896056771278381,0.8291867228777147
11215808,0,0.4706108272075653,0.485061377286911,0.44249412417411804,0.5368597507476807,0.5651533079962018
10888331,0,0.25369152426719666,0.20730312168598175,0.13593706488609314,0.17190253734588623,0.19819920515490616
11169878,0,0.28495895862579346,0.23297205567359924,0.2161119431257248,0.22883281111717224,0.20991692129035364
10677388,0,0.345024973154068,0.3601587116718292,0.3739827275276184,0.36230137944221497,0.21766516403307407
10876014,0,0.3837771415710449,0.32967451214790344,0.3451985716819763,0.44478434324264526,0.4790685918054446
10172753,0,0.24911709129810333,0.2368091344833374,0.23399034142494202,0.46963104605674744,0.27815196123723523
11157633,0,0.2967817485332489,0.2719009220600128,0.28662729263305664,0.4759756326675415,0.47855832337258075
11269838,0,0.1840975135564804,0.19474200904369354,0.1982635110616684,0.5166803002357483,0.5528540111908201
11336656,0,0.40239331126213074,0.3940616846084595,0.4320571720600128,0.6978600025177002,0.6657406561773643
11487229,0,0.3593656122684479,0.3467152416706085,0.3631139397621155,0.5588554739952087,0.5689749656848665
10765459,0,0.5001799464225769,0.4999122619628906,0.4855060279369354,0.7273999452590942,0.7221754627410834
10414264,0,0.2235228270292282,0.17292509973049164,0.17779932916164398,0.45058831572532654,0.5435821281109934
11343834,0,0.2634546160697937,0.296816349029541,0.31572097539901733,0.3762492537498474,0.3342291129591212
11158362,0,0.28495895862579346,0.23297205567359924,0.2161119431257248,0.22883281111717224,0.20991692129035364
9858619,0,0.6336187124252319,0.6136727333068848,0.5909199118614197,0.702650785446167,0.5810370439781104
10417657,0,0.28495895862579346,0.23297205567359924,0.2161119431257248,0.22883281111717224,0.20991692129035364
10939624,0,0.1507934331893921,0.08043783158063889,0.06798739731311798,0.24199461936950684,0.24941395893086554
11337083,0,0.2848619818687439,0.24029411375522614,0.19075056910514832,0.18120592832565308,0.20102577521818701
11157717,0,0.45246171951293945,0.4599834382534027,0.4699804484844208,0.6959654092788696,0.5249930873194143
10959469,0,0.28495895862579346,0.23297205567359924,0.2161119431257248,0.22883281111717224,0.20991692129035364
9849707,0,0.2622138261795044,0.20644085109233856,0.18604537844657898,0.26186010241508484,0.25723925367694167
10851589,0,0.3596976697444916,0.3349808156490326,0.335855096578598,0.43250423669815063,0.438385382366231
11150918,0,0.19502969086170197,0.13237819075584412,0.11681684106588364,0.10717383027076721,0.1516762410773897
10295999,0,0.41470327973365784,0.4121127724647522,0.4599072337150574,0.47151312232017517,0.5021695456410709
11014839,0,0.31645840406417847,0.33227983117103577,0.37820449471473694,0.2013489156961441,0.22444448525847668
10953627,1,0.5756504535675049,0.5306249856948853,0.5531891584396362,0.6582159399986267,0.6494608400312553
11540132,0,0.1847156435251236,0.12562428414821625,0.14709043502807617,0.3486139476299286,0.31735734813119804
11516026,0,0.4886744022369385,0.4594866931438446,0.4823933243751526,0.47427162528038025,0.585550912842486
10975186,0,0.2839698791503906,0.2562558054924011,0.26436513662338257,0.35798966884613037,0.22720668135112695
11403789,0,0.19637592136859894,0.1444057673215866,0.16017121076583862,0.164315864443779,0.19678193573068303
10958604,0,0.28495895862579346,0.23297205567359924,0.2161119431257248,0.22883281111717224,0.20991692129035364
10880819,0,0.5605478286743164,0.5521564483642578,0.5453006029129028,0.6309055089950562,0.6580248354259035
11018117,0,0.38750672340393066,0.3560366928577423,0.36620649695396423,0.425243079662323,0.5533271688109648
10591173,0,0.28495895862579346,0.23297205567359924,0.2161119431257248,0.22883281111717224,0.20991692129035364
9874247,0,0.32755717635154724,0.27027201652526855,0.2897641360759735,0.4711396098136902,0.47855832337258075
11506738,0,0.2967817485332489,0.2719009220600128,0.28662729263305664,0.4759756326675415,0.47855832337258075
11438119,0,0.3609224855899811,0.3673616647720337,0.3813619613647461,0.2290891855955124,0.23488219915671468
11483469,0,0.8292033672332764,0.8559446930885315,0.9037477970123291,0.8973396420478821,0.845632183609223
10332638,0,0.27626147866249084,0.25704988837242126,0.2687084674835205,0.26790934801101685,0.20621486959897437
11267661,0,0.1506624072790146,0.11632267385721207,0.09169019758701324,0.1725301891565323,0.19819920515490616
11113817,1,0.41607823967933655,0.38189268112182617,0.43268316984176636,0.2013489156961441,0.22444448525847668
11493289,0,0.5817943811416626,0.6021138429641724,0.6041486263275146,0.6956385970115662,0.6563775512198524
10258251,0,0.45741283893585205,0.46630164980888367,0.48402896523475647,0.46479302644729614,0.24490561981677497
10804212,0,0.27108341455459595,0.26218441128730774,0.2551617920398712,0.2569116950035095,0.23923185193696006
10088022,0,0.3593656122684479,0.3467152416706085,0.3631139397621155,0.5588554739952087,0.5689749656848665
10203328,0,0.28495895862579346,0.23297205567359924,0.2161119431257248,0.22883281111717224,0.20991692129035364
10905702,0,0.28495895862579346,0.23297205567359924,0.2161119431257248,0.22883281111717224,0.20991692129035364
10794421,0,0.31350016593933105,0.29229021072387695,0.2985616624355316,0.40028801560401917,0.5213431346605601
10699302,0,0.5574162602424622,0.5230885148048401,0.5480614304542542,0.5990716814994812,0.616432177440529
11255818,0,0.231746107339859,0.16822940111160278,0.14046010375022888,0.15539489686489105,0.19678193573068303
10745904,0,0.6745215654373169,0.6790435314178467,0.6855307817459106,0.7614501714706421,0.8104958674073575
10494247,0,0.32345619797706604,0.3135489225387573,0.29284021258354187,0.1790296584367752,0.21405487523030708
11280147,0,0.28495895862579346,0.23297205567359924,0.2161119431257248,0.22883281111717224,0.20991692129035364
11210769,0,0.8707916736602783,0.8660732507705688,0.8599867224693298,0.7437470555305481,0.7503039549040864
10507829,0,0.28332316875457764,0.27042412757873535,0.2893435060977936,0.27157044410705566,0.20621486959897437
10529539,0,0.2967817485332489,0.2719009220600128,0.28662729263305664,0.4759756326675415,0.47855832337258075
10861934,1,0.47655215859413147,0.48750966787338257,0.4852885603904724,0.6770063042640686,0.689795265320862
11340733,0,0.28495895862579346,0.23297205567359924,0.2161119431257248,0.22883281111717224,0.20991692129035364
10621281,0,0.8262765407562256,0.7852352857589722,0.7512555122375488,0.8076765537261963,0.7877745633591303
10867964,0,0.3593656122684479,0.3467152416706085,0.3631139397621155,0.5588554739952087,0.5689749656848665
9790872,0,0.2669718563556671,0.23960478603839874,0.22459641098976135,0.17190253734588623,0.19819920515490616
11153712,1,0.5898855924606323,0.5455241203308105,0.5706062316894531,0.5658668279647827,0.6658530773638098
10425642,0,0.40224793553352356,0.40937212109565735,0.3988426923751831,0.2381817251443863,0.24425063028324923
10582934,0,0.46601781249046326,0.4318835437297821,0.43141695857048035,0.23488563299179077,0.1951586354681044
11377189,0,0.4249851703643799,0.4273884892463684,0.44401395320892334,0.5758464336395264,0.5718461568889555
9774839,0,0.3266967833042145,0.28799575567245483,0.27852484583854675,0.190001979470253,0.23834815066804438
10720072,0,0.3138948678970337,0.32725226879119873,0.3170233368873596,0.19934074580669403,0.27902090420431014
10569723,0,0.3127318024635315,0.2798607349395752,0.24527324736118317,0.20233425498008728,0.2282786153255127
9847677,0,0.4568179249763489,0.45067447423934937,0.457833468914032,0.2562871277332306,0.23521016380024726
10001982,0,0.2420317381620407,0.22092418372631073,0.23551015555858612,0.22593167424201965,0.19869829517721221
9911712,0,0.7353852391242981,0.6778340339660645,0.6842340230941772,0.6136159300804138,0.6844410881354684
11089253,0,0.25183188915252686,0.258516401052475,0.27826735377311707,0.4855183959007263,0.3232124257488399
10017161,0,0.28495895862579346,0.23297205567359924,0.2161119431257248,0.22883281111717224,0.20991692129035364
11452603,0,0.1548047959804535,0.13489894568920135,0.12283464521169662,0.21644696593284607,0.22281502992047694
10127503,0,0.43032026290893555,0.4061685800552368,0.4259874224662781,0.7184937596321106,0.6762047227355136
10055678,0,0.28495895862579346,0.23297205567359924,0.2161119431257248,0.22883281111717224,0.20991692129035364
11323822,1,0.2967817485332489,0.2719009220600128,0.28662729263305664,0.4759756326675415,0.47855832337258075
10988319,0,0.6888757944107056,0.694098949432373,0.6932194232940674,0.7302800416946411,0.7194521037612683
11159689,0,0.31426048278808594,0.30078211426734924,0.2970772385597229,0.39317643642425537,0.3062316645229918
11132536,0,0.1436488926410675,0.1392516791820526,0.13600611686706543,0.2610516846179962,0.26504333986938183
11193411,1,0.2847118079662323,0.27497854828834534,0.3037533164024353,0.4064146876335144,0.4507901496967215
10323749,0,0.5878331065177917,0.5605172514915466,0.5785915851593018,0.6275394558906555,0.652263487649424
10250227,0,0.28495895862579346,0.23297205567359924,0.2161119431257248,0.22883281111717224,0.20991692129035364
11078183,0,0.2967817485332489,0.2719009220600128,0.28662729263305664,0.5724073648452759,0.5560293841033273
11242576,1,0.22644001245498657,0.2378917783498764,0.23874905705451965,0.7012227773666382,0.7245059869127268
11390499,0,0.31266260147094727,0.3065141439437866,0.3313498795032501,0.31677302718162537,0.2561313729721088
11219616,0,0.2617679536342621,0.22062095999717712,0.2274833470582962,0.366608202457428,0.3977469037313504
10899182,0,0.2967817485332489,0.2719009220600128,0.28662729263305664,0.4759756326675415,0.47855832337258075
11276482,0,0.7264577150344849,0.690719723701477,0.6676775217056274,0.7675893306732178,0.7050598513984523
10518804,0,0.3354771137237549,0.30910125374794006,0.3217014670372009,0.5038868188858032,0.5412165316382643
11531287,0,0.5756504535675049,0.5306249856948853,0.5531891584396362,0.8152626156806946,0.731310121063493
10690143,0,0.2542273700237274,0.23237477242946625,0.23212145268917084,0.4020422399044037,0.32893295590024824
11552022,0,0.472616046667099,0.46312350034713745,0.48661819100379944,0.24976377189159393,0.3456621145364386
10223452,0,0.2110884189605713,0.16246016323566437,0.13181540369987488,0.23930639028549194,0.22929729347978703
10714517,0,0.28654950857162476,0.21134544909000397,0.21054893732070923,0.20387442409992218,0.21260215644795233
10064586,0,0.2967817485332489,0.2719009220600128,0.28662729263305664,0.4759756326675415,0.47855832337258075
10701868,0,0.3584130108356476,0.3415021598339081,0.34797215461730957,0.2485700249671936,0.29616894113739917
9937187,0,0.2757817804813385,0.27626410126686096,0.2772788405418396,0.2617104649543762,0.21915615127212523
11424953,1,0.8141328692436218,0.8172646164894104,0.7925920486450195,0.8745810389518738,0.8559259631752578
11003748,0,0.29792138934135437,0.2954457104206085,0.2834816873073578,0.605934202671051,0.5869879593168958
11059628,0,0.441173791885376,0.43455642461776733,0.45939749479293823,0.4983501732349396,0.41976084813921055
10092406,0,0.20610474050045013,0.18980613350868225,0.1803750991821289,0.2601799964904785,0.2351490854336122
10100757,0,0.4069679081439972,0.4541418254375458,0.4285346269607544,0.3484461307525635,0.3567355620307274
10708953,0,0.3813675045967102,0.37997013330459595,0.3333927094936371,0.2520681917667389,0.25339885100024795
10449982,0,0.5809594392776489,0.5473095178604126,0.5640207529067993,0.5940387845039368,0.6781162131162959
11406994,0,0.31280195713043213,0.2779683470726013,0.2921597957611084,0.41157659888267517,0.4480938227393352
10407702,0,0.12552040815353394,0.07623414695262909,0.057860177010297775,0.15539489686489105,0.19678193573068303
10546458,0,0.3121275007724762,0.2840428948402405,0.25287699699401855,0.23988698422908783,0.20727257526951623
10018949,0,0.12084696441888809,0.10949625819921494,0.10923474282026291,0.5261813998222351,0.5173653321451372
11058122,0,0.23582245409488678,0.241456538438797,0.2487904131412506,0.5241684913635254,0.3065230405505343
10524246,0,0.5161898136138916,0.4894388020038605,0.4561440348625183,0.675044059753418,0.6239636004731516
10924201,0,0.20797426998615265,0.19457979500293732,0.20947813987731934,0.7297682166099548,0.6982843609388374
11388539,0,0.2857007384300232,0.25799354910850525,0.2851760983467102,0.20174528658390045,0.23233272638282548
11511503,0,0.28495895862579346,0.23297205567359924,0.2161119431257248,0.22883281111717224,0.20991692129035364
10919698,0,0.2924432158470154,0.3054487407207489,0.26252979040145874,0.20387442409992218,0.21260215644795233
10264699,0,0.34980395436286926,0.3522879481315613,0.3050931394100189,0.164315864443779,0.1979444845483936
10831542,0,0.304426372051239,0.2887404263019562,0.3023752272129059,0.4429391324520111,0.3856457094382263
10225278,0,0.2967817485332489,0.2719009220600128,0.28662729263305664,0.4759756326675415,0.47855832337258075
10607334,0,0.3593656122684479,0.3467152416706085,0.3631139397621155,0.5588554739952087,0.5689749656848665
11085308,0,0.5699281692504883,0.5458813309669495,0.5712680220603943,0.6493785381317139,0.6664100506651542
11135358,0,0.1847156435251236,0.12562428414821625,0.14709043502807617,0.23785923421382904,0.2351490854336122
10241943,0,0.28495895862579346,0.23297205567359924,0.2161119431257248,0.22883281111717224,0.20991692129035364
9810441,0,0.47776952385902405,0.47754618525505066,0.5454133749008179,0.5758964419364929,0.5600740036425603
9950276,0,0.28495895862579346,0.23297205567359924,0.2161119431257248,0.22883281111717224,0.20991692129035364
10327896,0,0.8146510124206543,0.8338828086853027,0.8246809244155884,0.7590935230255127,0.8371506907566005
11421349,0,0.5111407041549683,0.47355014085769653,0.5022639036178589,0.5179337859153748,0.5542064563527441
10552178,0,0.2967817485332489,0.2719009220600128,0.28662729263305664,0.4759756326675415,0.47855832337258075
10364362,0,0.3507053256034851,0.29231804609298706,0.2908242642879486,0.22847603261470795,0.21909023274792422
11208662,0,0.2967817485332489,0.2719009220600128,0.28662729263305664,0.4759756326675415,0.47855832337258075
11356544,0,0.2733858525753021,0.2330094575881958,0.21568512916564941,0.1917777806520462,0.19678193573068303
11035161,0,0.5761616230010986,0.5445767641067505,0.5682573914527893,0.7121390700340271,0.5430801242738056
11432608,0,0.30481424927711487,0.2064737230539322,0.21626251935958862,0.7258909344673157,0.6857871658027165
10580814,0,0.28889182209968567,0.30883923172950745,0.3306182026863098,0.40704089403152466,0.43550872532293883
9811756,0,0.5239478349685669,0.48631060123443604,0.5124545693397522,0.6899188160896301,0.7065962002781924
10347702,0,0.43032026290893555,0.4061685800552368,0.4259874224662781,0.5036234259605408,0.5714334066243122
11467998,0,0.22734281420707703,0.20764704048633575,0.2117774337530136,0.40961599349975586,0.4437596417615877
11485676,0,0.5127344131469727,0.4900752604007721,0.5066279172897339,0.32158488035202026,0.38848865981501474
10823884,0,0.745559573173523,0.7534087896347046,0.7855511903762817,0.8270869851112366,0.7831573886268042
11431166,0,0.34409254789352417,0.32872316241264343,0.31368252635002136,0.16088145971298218,0.1974150608432479
10076236,0,0.09443380683660507,0.10412564128637314,0.08109436929225922,0.389169305562973,0.4437596417615877
11228848,0,0.36256593465805054,0.3622739613056183,0.37730780243873596,0.4362680912017822,0.5099816857799135
11255517,0,0.2967817485332489,0.2719009220600128,0.28662729263305664,0.5724073648452759,0.5560293841033273
10213956,0,0.36319810152053833,0.38041597604751587,0.37841349840164185,0.22883281111717224,0.20991692129035364
10524386,0,0.5334662795066833,0.5445843935012817,0.5423123836517334,0.4954304099082947,0.31877262852919674
10254211,0,0.617306113243103,0.5868350267410278,0.6858523488044739,0.3307253122329712,0.40437524340976727
11364579,0,0.3561911880970001,0.34370267391204834,0.34184595942497253,0.2409730702638626,0.2351490854336122
10160521,1,0.3433040976524353,0.30817699432373047,0.4453982412815094,0.5832762122154236,0.648145192456156
10689832,0,0.3790304958820343,0.3601571321487427,0.36994606256484985,0.18680575489997864,0.20162449426493048
10608834,0,0.17641721665859222,0.1702273190021515,0.12048803269863129,0.1917777806520462,0.19678193573068303
11340919,0,0.27195578813552856,0.23597495257854462,0.2234451025724411,0.1641373634338379,0.19819920515490616
10391726,0,0.2541634440422058,0.25136494636535645,0.265015184879303,0.2690552771091461,0.3187852088887437
11224921,0,0.31041398644447327,0.29027509689331055,0.30501261353492737,0.2978705167770386,0.38917617630105567
11243787,0,0.46803760528564453,0.41831669211387634,0.4370177686214447,0.2674292325973511,0.39946753221689435
10160094,0,0.2399829626083374,0.25226539373397827,0.30115237832069397,0.2352088838815689,0.2390112288662509
11070118,0,0.3336772918701172,0.3301407992839813,0.3337552845478058,0.29284152388572693,0.237666619878299
10524534,0,0.28495895862579346,0.23297205567359924,0.2161119431257248,0.22883281111717224,0.20991692129035364
10888424,0,0.5335241556167603,0.4751037359237671,0.4943983554840088,0.5367818474769592,0.7271349038885099
10830379,0,0.2967817485332489,0.2719009220600128,0.28662729263305664,0.4759756326675415,0.47855832337258075
10622301,0,0.2516616880893707,0.20462827384471893,0.21132352948188782,0.27157044410705566,0.20621486959897437
11439438,0,0.2677396535873413,0.21840190887451172,0.2428607940673828,0.25072604417800903,0.25723925367694167
10200303,0,0.4792264997959137,0.45529669523239136,0.48407861590385437,0.5914161205291748,0.5810370439781104
11396692,0,0.28495895862579346,0.23297205567359924,0.2161119431257248,0.22883281111717224,0.20991692129035364
10472049,0,0.23014132678508759,0.23041380941867828,0.2332257181406021,0.20785517990589142,0.20162449426493048
10431296,0,0.34070268273353577,0.3174342215061188,0.3328912556171417,0.4812895953655243,0.5704891799170558
11317232,0,0.28495895862579346,0.23297205567359924,0.2161119431257248,0.22883281111717224,0.20991692129035364
10509424,0,0.750207245349884,0.6938058137893677,0.7018072605133057,0.8051267862319946,0.791290808764459
11244022,0,0.2967817485332489,0.2719009220600128,0.28662729263305664,0.4759756326675415,0.47855832337258075
11467687,0,0.3497883081436157,0.36340638995170593,0.37493929266929626,0.45782211422920227,0.4886960655457382
9860262,0,0.20463460683822632,0.16942964494228363,0.1305413544178009,0.1353309005498886,0.2005912409062569
10448599,0,0.46704840660095215,0.4403875470161438,0.42937058210372925,0.36684054136276245,0.42982129973944816
10109487,0,0.2631797790527344,0.2293870747089386,0.20665383338928223,0.18079429864883423,0.20102577521818701
10424333,0,0.39005011320114136,0.42319637537002563,0.4273771047592163,0.45171064138412476,0.5221255627046903
9920144,0,0.6080185770988464,0.5608819723129272,0.5822243094444275,0.6553889513015747,0.6498080139339661
10197941,0,0.2597014605998993,0.2530733644962311,0.2798402011394501,0.2261343151330948,0.22922023026767274
11167836,0,0.4746088981628418,0.5263069868087769,0.5353083610534668,0.4942626655101776,0.5040830664802725
10604523,0,0.3135632574558258,0.2987865209579468,0.3159050941467285,0.20197919011116028,0.2432053357972327
11539409,0,0.5380747318267822,0.5576609373092651,0.5748497247695923,0.46117204427719116,0.3963037519573459
10778352,0,0.2967817485332489,0.2719009220600128,0.28662729263305664,0.4759756326675415,0.47855832337258075
11144928,0,0.3593656122684479,0.3467152416706085,0.3631139397621155,0.6985940933227539,0.6595834355008133
10703212,0,0.541578471660614,0.5030176639556885,0.5204538106918335,0.6403994560241699,0.6671784516903229
10798834,0,0.12552040815353394,0.07623414695262909,0.057860177010297775,0.15539489686489105,0.19678193573068303
11251732,0,0.21375156939029694,0.1952657848596573,0.17596514523029327,0.2846170961856842,0.22768584749348753
9759871,0,0.793352484703064,0.8115580677986145,0.8494236469268799,0.6863077878952026,0.6158288435540242
10079622,0,0.35574430227279663,0.3662963807582855,0.3604370355606079,0.21533234417438507,0.2432053357972327
10844628,0,0.2983051836490631,0.2671596109867096,0.2230142056941986,0.19077244400978088,0.24189846640865956
11449836,0,0.5669605135917664,0.5505290031433105,0.5459623336791992,0.5239731073379517,0.6343771239567759
10737782,0,0.569858193397522,0.5609943866729736,0.5920454263687134,0.7631177306175232,0.7424800420934285
11224353,0,0.16270941495895386,0.1573440432548523,0.2062547355890274,0.21965330839157104,0.21668678558084986
10482984,0,0.18882818520069122,0.20617476105690002,0.20002660155296326,0.44496801495552063,0.4608398212315484
10652614,0,0.2810564339160919,0.2636888921260834,0.2677524983882904,0.3854278028011322,0.21766516403307407
10279854,0,0.4354162812232971,0.4369150996208191,0.4868364632129669,0.6073577404022217,0.7393311063635175
11503998,1,0.3913319408893585,0.3793695569038391,0.3888874053955078,0.30682677030563354,0.2895221889720282
11161424,0,0.28495895862579346,0.23297205567359924,0.2161119431257248,0.22883281111717224,0.20991692129035364
11200366,0,0.5258910655975342,0.5332896709442139,0.5137919783592224,0.43966004252433777,0.47053153031704453
10392993,0,0.19502969086170197,0.13237819075584412,0.11681684106588364,0.10717383027076721,0.1516762410773897
9865497,1,0.5341907739639282,0.5280278921127319,0.5209165215492249,0.5266315340995789,0.5809577969135995
11470646,0,0.7487598657608032,0.7111356258392334,0.6764176487922668,0.7379288077354431,0.7662985213222478
9927709,0,0.2967817485332489,0.2719009220600128,0.28662729263305664,0.4759756326675415,0.47855832337258075
11179253,0,0.28495895862579346,0.23297205567359924,0.2161119431257248,0.22883281111717224,0.20991692129035364
10732753,0,0.34374964237213135,0.29313457012176514,0.2468983232975006,0.23955200612545013,0.21405487523030708
10635967,0,0.3305276036262512,0.3058954179286957,0.3315654397010803,0.19704273343086243,0.21405487523030708
10155442,0,0.46275681257247925,0.4185671806335449,0.40956369042396545,0.7264536619186401,0.48894701315549216
10653214,0,0.13516052067279816,0.09693194925785065,0.07891396433115005,0.2419804036617279,0.22922023026767274
10565152,0,0.17799758911132812,0.1772255003452301,0.2162594348192215,0.46629148721694946,0.5021695456410709
10583604,0,0.4635218381881714,0.41519707441329956,0.4828147888183594,0.6300603151321411,0.643290782510941
11462941,0,0.26666584610939026,0.2345866858959198,0.20466476678848267,0.485068678855896,0.5957269750950203
10936619,0,0.44392719864845276,0.4566987454891205,0.4487660229206085,0.6899276375770569,0.6102235848168165
11269036,0,0.2967817485332489,0.2719009220600128,0.28662729263305664,0.4759756326675415,0.47855832337258075
11163283,0,0.22734281420707703,0.20764704048633575,0.2117774337530136,0.40961599349975586,0.4437596417615877
10030572,0,0.35260337591171265,0.3432830274105072,0.31005552411079407,0.462283730506897,0.6340198175368946
11288848,0,0.2967817485332489,0.2719009220600128,0.28662729263305664,0.4759756326675415,0.47855832337258075
10518297,0,0.2065742015838623,0.13838914036750793,0.0767766684293747,0.13121430575847626,0.19773522852732708
11016233,0,0.5883718132972717,0.6141586303710938,0.6334329843521118,0.7613447904586792,0.8064088335192469
11177874,0,0.5191723108291626,0.4917847812175751,0.5151175260543823,0.7474794387817383,0.6663962896813711
10233394,0,0.38239261507987976,0.35739511251449585,0.40378740429878235,0.2278902679681778,0.21405487523030708
10760699,0,0.30401575565338135,0.28085586428642273,0.2541569471359253,0.5679261088371277,0.3400417072503296
11325164,0,0.28202515840530396,0.23918107151985168,0.2209361344575882,0.1799316555261612,0.23664926481853854
10318141,0,0.28495895862579346,0.23297205567359924,0.2161119431257248,0.22883281111717224,0.20991692129035364
10310788,0,0.3959280550479889,0.39905625581741333,0.38992583751678467,0.36996012926101685,0.4338433668721417
10478154,0,0.4429132044315338,0.4194311499595642,0.45574426651000977,0.48855769634246826,0.5168341803438522
11071571,0,0.2967817485332489,0.2719009220600128,0.28662729263305664,0.4759756326675415,0.47855832337258075
11508251,0,0.2789169251918793,0.25367680191993713,0.2639898955821991,0.3041916787624359,0.2258473413003102
10024419,0,0.6114233136177063,0.5654672384262085,0.5756387114524841,0.7142377495765686,0.5467448951162645
10107448,0,0.5441224575042725,0.5042637586593628,0.5199611186981201,0.6208813786506653,0.5721424442970819
10440417,0,0.3116959035396576,0.3057793080806732,0.2906761169433594,0.26997092366218567,0.23698849408635841
10622419,0,0.37543126940727234,0.3752131164073944,0.3706503212451935,0.5192571878433228,0.303180989545771
9836654,0,0.24898546934127808,0.2381550669670105,0.2487981915473938,0.5347700715065002,0.5651533079962018
11385566,0,0.5902302265167236,0.5743026733398438,0.5614714026451111,0.3106262683868408,0.34022713902728074
11045137,0,0.28944382071495056,0.2771427631378174,0.2877871096134186,0.2240944504737854,0.2351490854336122
10735974,1,0.3181133568286896,0.308299720287323,0.3216704726219177,0.40028801560401917,0.5213431346605601
9819393,0,0.3347534239292145,0.32711777091026306,0.33088546991348267,0.1960519701242447,0.2548545107862645
11101473,1,0.2625176012516022,0.2666713297367096,0.32294049859046936,0.5850597023963928,0.5779676513200125
11300497,0,0.391512930393219,0.337541401386261,0.3205173909664154,0.6020718216896057,0.47273730421561055
11440951,0,0.2588595151901245,0.23080961406230927,0.2366245836019516,0.3825991749763489,0.3503740642408348
10972846,0,0.1548028588294983,0.12355951964855194,0.07753290981054306,0.20233425498008728,0.2282786153255127
10653593,0,0.48949310183525085,0.4543844759464264,0.4765718877315521,0.7622520327568054,0.6924301939177963
10845182,1,0.8667997717857361,0.8570639491081238,0.8342605233192444,0.7634374499320984,0.7032531197723242
9850892,0,0.2967817485332489,0.2719009220600128,0.28662729263305664,0.4759756326675415,0.47855832337258075
11234246,0,0.579912543296814,0.569444477558136,0.5756992697715759,0.7350108623504639,0.7800821697231552
10612149,0,0.3846695125102997,0.376447856426239,0.3733721077442169,0.5692728757858276,0.4729469516297415
9780208,0,0.28495895862579346,0.23297205567359924,0.2161119431257248,0.22883281111717224,0.20991692129035364
10803818,0,0.32612666487693787,0.2861599624156952,0.21681523323059082,0.24262544512748718,0.24326352420813038
11335241,1,0.48949310183525085,0.4543844759464264,0.4765718877315521,0.7622520327568054,0.6924301939177963
10366494,0,0.591900110244751,0.5899960398674011,0.5960454344749451,0.6598114967346191,0.68104148990917
10309491,0,0.4313465356826782,0.4329149127006531,0.4331502318382263,0.6353229880332947,0.5619681567756141
11146079,0,0.28332316875457764,0.27042412757873535,0.2893435060977936,0.27157044410705566,0.20621486959897437
10917637,0,0.22847490012645721,0.23045964539051056,0.24682173132896423,0.31851431727409363,0.24841030863063213
9816319,0,0.2967817485332489,0.2719009220600128,0.28662729263305664,0.4759756326675415,0.47855832337258075
11118921,0,0.672022819519043,0.647154688835144,0.6271181106567383,0.6878736615180969,0.6879145081918238
10933554,1,0.2967817485332489,0.2719009220600128,0.28662729263305664,0.4759756326675415,0.47855832337258075
10484529,0,0.2967817485332489,0.2719009220600128,0.28662729263305664,0.4759756326675415,0.47855832337258075
10108464,0,0.6676465272903442,0.6174243688583374,0.6215779781341553,0.7171961069107056,0.6633518642816179
10017816,0,0.14781783521175385,0.13752365112304688,0.14467091858386993,0.2126183807849884,0.22552027150784945
11281674,1,0.2967817485332489,0.2719009220600128,0.28662729263305664,0.4759756326675415,0.47855832337258075
10370149,0,0.37930500507354736,0.3512585461139679,0.3528190553188324,0.34627866744995117,0.20173179256086116
10497472,0,0.4513096511363983,0.3975922465324402,0.422420471906662,0.6592738032341003,0.6903057122858971
11307768,0,0.4466269612312317,0.42490482330322266,0.4315359890460968,0.470424622297287,0.6265155751196352
10461894,0,0.4680607318878174,0.42045149207115173,0.44163352251052856,0.6376539468765259,0.5862554656427922
11558946,0,0.28495895862579346,0.23297205567359924,0.2161119431257248,0.22883281111717224,0.20991692129035364
10650897,0,0.38942238688468933,0.3704962432384491,0.38469937443733215,0.6391524076461792,0.6924295888426739
10853153,0,0.4288056492805481,0.38812750577926636,0.40824517607688904,0.47283968329429626,0.4649949060262242
10646313,0,0.48737233877182007,0.5132066011428833,0.5056116580963135,0.27357831597328186,0.26467291423882083
11112604,0,0.2967817485332489,0.2719009220600128,0.28662729263305664,0.4759756326675415,0.47855832337258075
10107957,0,0.2967817485332489,0.2719009220600128,0.28662729263305664,0.4759756326675415,0.47855832337258075
11492999,0,0.22776596248149872,0.2059345692396164,0.1544182151556015,0.16534361243247986,0.2470989017947252
11488044,0,0.36992040276527405,0.3553064167499542,0.34187036752700806,0.5218135118484497,0.564551728052459
10041211,0,0.5144753456115723,0.45087575912475586,0.408983051776886,0.3835921883583069,0.32436489005391966
10100636,0,0.2967817485332489,0.2719009220600128,0.28662729263305664,0.4759756326675415,0.47855832337258075
10039694,0,0.4277191162109375,0.3918181359767914,0.396356463432312,0.642606794834137,0.5903699052852349
11343048,0,0.5215305089950562,0.5344417095184326,0.5456990003585815,0.7548078298568726,0.7055094083484095
10558574,0,0.33374252915382385,0.33378806710243225,0.36264508962631226,0.581876814365387,0.34167243848854933
9773693,0,0.14806166291236877,0.09384626895189285,0.06791415810585022,0.13896071910858154,0.19071391338409585
10296411,0,0.28495895862579346,0.23297205567359924,0.2161119431257248,0.22883281111717224,0.20991692129035364
9993978,0,0.20878881216049194,0.2381189912557602,0.25134605169296265,0.224309042096138,0.22552027150784945
9926623,0,0.28588855266571045,0.23096029460430145,0.2104005217552185,0.25072604417800903,0.25723925367694167
10730032,0,0.5763685703277588,0.5668631792068481,0.5458948612213135,0.4994666278362274,0.4118504806312048
10057999,0,0.2967817485332489,0.2719009220600128,0.28662729263305664,0.5724073648452759,0.5560293841033273
10276151,0,0.4722801446914673,0.46911561489105225,0.49535423517227173,0.2429419308900833,0.2495005431657361
10687842,0,0.2967817485332489,0.2719009220600128,0.28662729263305664,0.4759756326675415,0.47855832337258075
9884638,0,0.3887839615345001,0.4006653428077698,0.4214285910129547,0.23768717050552368,0.23890673999999043
10316121,0,0.3266967833042145,0.28799575567245483,0.27852484583854675,0.190001979470253,0.23834815066804438
11058833,0,0.2967817485332489,0.2719009220600128,0.28662729263305664,0.4759756326675415,0.47855832337258075
10670884,0,0.32489773631095886,0.32764554023742676,0.32942911982536316,0.3383919596672058,0.34175360772469165
10168861,0,0.48949310183525085,0.4543844759464264,0.4765718877315521,0.7955181002616882,0.7249324235953326
11442792,0,0.28495895862579346,0.23297205567359924,0.2161119431257248,0.22883281111717224,0.20991692129035364
10870453,0,0.32875579595565796,0.3141104578971863,0.3129865825176239,0.3997941017150879,0.43639998514172795
10565383,0,0.17010609805583954,0.11358605325222015,0.07506721466779709,0.2340942919254303,0.2499061490117014
11038958,0,0.2967817485332489,0.2719009220600128,0.28662729263305664,0.4759756326675415,0.47855832337258075
10041233,0,0.4301663637161255,0.42914262413978577,0.43955880403518677,0.3233298659324646,0.2778382482049901
11095321,0,0.43032026290893555,0.4061685800552368,0.4259874224662781,0.5036234259605408,0.5714334066243122
11191246,0,0.753704845905304,0.7220388650894165,0.6918102502822876,0.582030177116394,0.7471596983339367
10083552,0,0.28495895862579346,0.23297205567359924,0.2161119431257248,0.22883281111717224,0.20991692129035364
10264629,0,0.28495895862579346,0.23297205567359924,0.2161119431257248,0.22883281111717224,0.20991692129035364
10589451,0,0.28495895862579346,0.23297205567359924,0.2161119431257248,0.22883281111717224,0.20991692129035364
10380018,0,0.37367576360702515,0.3707188367843628,0.4169653356075287,0.5566283464431763,0.5928876824825069
11072213,0,0.44394537806510925,0.4528369903564453,0.5276853442192078,0.7613773345947266,0.772499493203519
10586871,0,0.28495895862579346,0.23297205567359924,0.2161119431257248,0.22883281111717224,0.20991692129035364
10930066,0,0.7696884870529175,0.7475095987319946,0.7119690179824829,0.7883759140968323,0.683971209490417
11235016,0,0.6279805898666382,0.6132806539535522,0.6374489068984985,0.45743831992149353,0.5102628393662152
10274847,0,0.28495895862579346,0.23297205567359924,0.2161119431257248,0.22883281111717224,0.20991692129035364
10888914,0,0.4613589942455292,0.47629275918006897,0.48291197419166565,0.20529012382030487,0.22885685699309757
9938258,0,0.2967817485332489,0.2719009220600128,0.28662729263305664,0.4759756326675415,0.47855832337258075
11082004,0,0.2565629482269287,0.28204822540283203,0.35486266016960144,0.6834699511528015,0.7123184630828353
10751021,0,0.44198042154312134,0.43206557631492615,0.4512800872325897,0.38428765535354614,0.42754821143057486
10470549,0,0.39596474170684814,0.38346055150032043,0.39599695801734924,0.5756515860557556,0.6450801458102782
10107362,0,0.25451141595840454,0.2488679736852646,0.273750364780426,0.18899497389793396,0.2092497955611007
10143056,0,0.3263096809387207,0.29640495777130127,0.28458207845687866,0.504452109336853,0.27535429131858025
10049638,0,0.682052731513977,0.6561440229415894,0.6680153608322144,0.7414644360542297,0.7463187145609433
10877489,0,0.3593656122684479,0.3467152416706085,0.3631139397621155,0.5588554739952087,0.5689749656848665
11247116,0,0.20079703629016876,0.2172011137008667,0.19931566715240479,0.21655625104904175,0.2137004618344844
10070672,0,0.2246997058391571,0.19241361320018768,0.2032332420349121,0.3830532133579254,0.4349402767617066
11378542,0,0.235773503780365,0.16726572811603546,0.14901749789714813,0.22294412553310394,0.23521016380024726
10408182,0,0.22097653150558472,0.17783449590206146,0.13365282118320465,0.2576666474342346,0.25723925367694167
10801979,1,0.8216772079467773,0.8190321326255798,0.7980579733848572,0.8071892261505127,0.8169708384269662
11325129,0,0.28495895862579346,0.23297205567359924,0.2161119431257248,0.22883281111717224,0.20991692129035364
10182483,1,0.40543848276138306,0.3973492980003357,0.43338778614997864,0.675117552280426,0.6804444683694479
10455552,1,0.568821907043457,0.554139256477356,0.5515438914299011,0.8189663887023926,0.8053205012142346
10849246,0,0.23128826916217804,0.24412862956523895,0.25830912590026855,0.5623061656951904,0.5791515841705646
10391356,0,0.6740862131118774,0.5969482660293579,0.6114569306373596,0.8286440968513489,0.8001223910104743
10168719,0,0.5226836800575256,0.47685104608535767,0.5006799697875977,0.541378915309906,0.6067127663515841
9932667,0,0.04950224980711937,0.05239512771368027,0.046058326959609985,0.05386367440223694,0.16224287497998538
11157338,1,0.8538904786109924,0.8414627909660339,0.8435014486312866,0.8321526646614075,0.8803918745512684
11237523,0,0.21154487133026123,0.18345119059085846,0.20708175003528595,0.25307023525238037,0.24206154905722713
11182473,0,0.45009368658065796,0.4206068217754364,0.45915451645851135,0.5663459897041321,0.6294115235936295
11476552,0,0.2447393536567688,0.21675649285316467,0.26504167914390564,0.6441697478294373,0.8078596600511908
11330428,0,0.5774410367012024,0.5919148921966553,0.6052812337875366,0.8077303171157837,0.7757210523824146
10649002,0,0.3593656122684479,0.3467152416706085,0.3631139397621155,0.5588554739952087,0.5689749656848665
9794084,0,0.15975476801395416,0.10090433806180954,0.10976022481918335,0.2328767031431198,0.2104291195065044
10750732,0,0.5368759632110596,0.4954059422016144,0.5183842182159424,0.5996156930923462,0.6093317307813203
10537194,0,0.48949310183525085,0.4543844759464264,0.4765718877315521,0.5256204605102539,0.5970252670186114
11060419,0,0.4704540967941284,0.4498082101345062,0.45866158604621887,0.26198095083236694,0.24344068412025274
9883169,0,0.5873133540153503,0.5244413614273071,0.5709536075592041,0.5401137471199036,0.45295704906854484
11032028,0,0.23925958573818207,0.189004585146904,0.20246057212352753,0.33632025122642517,0.3873541039094804
11130844,0,0.1911759227514267,0.2144182026386261,0.1991613507270813,0.2555985748767853,0.23143166066618376
11430456,0,0.3902905583381653,0.359997034072876,0.36135080456733704,0.627014696598053,0.49128349568301233
10567619,1,0.7245132923126221,0.6784440279006958,0.6826249361038208,0.781330406665802,0.7952745224879844
11400068,0,0.13952279090881348,0.09978508949279785,0.04606463015079498,0.2027270793914795,0.23044396537326906
10337986,0,0.2967817485332489,0.2719009220600128,0.28662729263305664,0.4759756326675415,0.47855832337258075
11042489,0,0.13613435626029968,0.09041028469800949,0.05717878416180611,0.23534248769283295,0.25339885100024795
10243436,0,0.3593656122684479,0.3467152416706085,0.3631139397621155,0.5588554739952087,0.5689749656848665
10981309,0,0.6080185770988464,0.5608819723129272,0.5822243094444275,0.7973096370697021,0.735835651321661
9802852,0,0.48949310183525085,0.4543844759464264,0.4765718877315521,0.5256204605102539,0.5970252670186114
10187009,0,0.5756504535675049,0.5306249856948853,0.5531891584396362,0.8121119737625122,0.7652942264608473
10785213,0,0.2753722369670868,0.23806199431419373,0.1959434300661087,0.5143337249755859,0.2811790642269737
10158233,0,0.2960652709007263,0.24042969942092896,0.20596982538700104,0.22021514177322388,0.4551642752186159
10429741,0,0.40444642305374146,0.3921366035938263,0.44654929637908936,0.712134599685669,0.7448479401937892
11134604,0,0.8318564891815186,0.8103326559066772,0.7771599888801575,0.6772491931915283,0.7668737664711546
10479647,0,0.23363006114959717,0.2394450455904007,0.2882423996925354,0.24117614328861237,0.2956009703442183
11486163,0,0.28495895862579346,0.23297205567359924,0.2161119431257248,0.22883281111717224,0.20991692129035364
10340469,0,0.31056275963783264,0.33434581756591797,0.3126465082168579,0.4161455035209656,0.4400428168419557
9975823,0,0.2580956220626831,0.25930890440940857,0.2803157866001129,0.23795729875564575,0.25346996462062577
11459198,0,0.5422695875167847,0.5042277574539185,0.5355675220489502,0.6531503200531006,0.5778629188301182
10676676,0,0.30566978454589844,0.2840542793273926,0.2927325367927551,0.4429391324520111,0.3856457094382263
9917968,0,0.39871087670326233,0.3840143382549286,0.4036298096179962,0.4963000416755676,0.4559788231668275
10836632,0,0.20755043625831604,0.190171480178833,0.19515539705753326,0.3354552984237671,0.27767766152462736
11073326,0,0.40552034974098206,0.40727514028549194,0.41724908351898193,0.5496689081192017,0.5816006962556833
11520821,0,0.6292576193809509,0.762789785861969,0.7535238265991211,0.7983179092407227,0.7907247467553161
10163603,0,0.20043864846229553,0.23503504693508148,0.24077290296554565,0.32352522015571594,0.24948387298644598
9779679,0,0.3693777918815613,0.3356977105140686,0.32736918330192566,0.1911981701850891,0.21850079403178058
9795621,0,0.4883980453014374,0.4473505914211273,0.46647971868515015,0.735118567943573,0.7286963799408722
10266509,0,0.23393815755844116,0.24620585143566132,0.27268192172050476,0.18397265672683716,0.21102196929444456
10337677,0,0.2178422212600708,0.20560811460018158,0.22258806228637695,0.2095901221036911,0.3647675103165465
11203287,0,0.17639650404453278,0.17817695438861847,0.15019649267196655,0.4824419617652893,0.5639727822231345
11556414,0,0.5383027791976929,0.5321822166442871,0.5460102558135986,0.43036335706710815,0.36187700403260314
10485963,0,0.37071308493614197,0.3772043287754059,0.3869592547416687,0.5228732228279114,0.2850881598025246
10682941,0,0.3601722717285156,0.3099641799926758,0.2912045121192932,0.26063159108161926,0.2665903792225526
10368963,0,0.28495895862579346,0.23297205567359924,0.2161119431257248,0.22883281111717224,0.20991692129035364
10780569,0,0.28495895862579346,0.23297205567359924,0.2161119431257248,0.22883281111717224,0.20991692129035364
10710103,0,0.26425042748451233,0.256186306476593,0.2895785868167877,0.24010083079338074,0.23852830535133496
9935602,0,0.2967817485332489,0.2719009220600128,0.28662729263305664,0.4759756326675415,0.47855832337258075
10856343,0,0.6650911569595337,0.6295568943023682,0.6546173095703125,0.6263381838798523,0.4078070123094178
11315336,0,0.257759690284729,0.3078889846801758,0.3051120340824127,0.2524631917476654,0.24183174789103265
10665637,0,0.28495895862579346,0.23297205567359924,0.2161119431257248,0.22883281111717224,0.20991692129035364
11163743,0,0.5296897888183594,0.5235258340835571,0.5148753523826599,0.7001720070838928,0.5646967526185709
10532454,0,0.5398963689804077,0.532561719417572,0.5094825029373169,0.31571564078330994,0.3535586260163734
10256207,0,0.28080397844314575,0.2810327708721161,0.29114896059036255,0.21214021742343903,0.19869829517721221
10634118,0,0.2544051706790924,0.2123664915561676,0.21609605848789215,0.6864591240882874,0.6946358389216015
9975518,0,0.345090389251709,0.3164293169975281,0.2977274954319,0.261595755815506,0.23358405542840915
10310836,0,0.6080185770988464,0.5608819723129272,0.5822243094444275,0.7973096370697021,0.735835651321661
10074599,0,0.43032026290893555,0.4061685800552368,0.4259874224662781,0.714103639125824,0.6762047227355136
10060779,0,0.3850795328617096,0.43264755606651306,0.4131796658039093,0.3042078912258148,0.20225327545439048
11243259,0,0.27380654215812683,0.2561161518096924,0.3129675090312958,0.5788723230361938,0.6058438952404737
9997661,0,0.43513238430023193,0.41496142745018005,0.4294481575489044,0.5647229552268982,0.5191461910735415
10556769,0,0.304747998714447,0.2729613184928894,0.29688936471939087,0.29405030608177185,0.34082705188203444
11482602,0,0.31487101316452026,0.31730636954307556,0.33550816774368286,0.28494909405708313,0.2980849227057279
10986451,0,0.28014495968818665,0.253856360912323,0.299679696559906,0.6286198496818542,0.5785666338515172
10534311,0,0.4611598551273346,0.42657777667045593,0.47004106640815735,0.681126594543457,0.6948337206881995
10328434,0,0.2906261384487152,0.29070404171943665,0.3105711042881012,0.4429391324520111,0.3856457094382263
10445686,0,0.5259678363800049,0.5063725709915161,0.5270822048187256,0.6538744568824768,0.4543349935027518
11464669,0,0.26004067063331604,0.24395066499710083,0.18064767122268677,0.20825758576393127,0.244099432649467
11236131,0,0.43032026290893555,0.4061685800552368,0.4259874224662781,0.5036234259605408,0.5714334066243122
9961518,0,0.28495895862579346,0.23297205567359924,0.2161119431257248,0.22883281111717224,0.20991692129035364
10525099,0,0.28332316875457764,0.27042412757873535,0.2893435060977936,0.27157044410705566,0.20621486959897437
11513913,0,0.4792901277542114,0.47172102332115173,0.5085694789886475,0.48784223198890686,0.4852974044044785
10975671,0,0.2967817485332489,0.2719009220600128,0.28662729263305664,0.4759756326675415,0.47855832337258075
11431067,0,0.28495895862579346,0.23297205567359924,0.2161119431257248,0.22883281111717224,0.20991692129035364
10679611,0,0.2967817485332489,0.2719009220600128,0.28662729263305664,0.4759756326675415,0.47855832337258075
11138176,0,0.2967817485332489,0.2719009220600128,0.28662729263305664,0.4759756326675415,0.47855832337258075
10638898,0,0.3541983962059021,0.3012638986110687,0.31995588541030884,0.5273963809013367,0.6155925852298556
9855149,0,0.3593656122684479,0.3467152416706085,0.3631139397621155,0.5588554739952087,0.5689749656848665
11001884,0,0.2967817485332489,0.2719009220600128,0.28662729263305664,0.4759756326675415,0.47855832337258075
10891767,0,0.3593656122684479,0.3467152416706085,0.3631139397621155,0.5588554739952087,0.5689749656848665
10444412,0,0.765239953994751,0.7169360518455505,0.7331087589263916,0.7201148867607117,0.7791551842514306
10341713,0,0.2967817485332489,0.2719009220600128,0.28662729263305664,0.4759756326675415,0.47855832337258075
9802218,0,0.18729697167873383,0.17679627239704132,0.18974323570728302,0.23047475516796112,0.2066372458022239
10612289,0,0.5748092532157898,0.5334888100624084,0.5514407157897949,0.6518737077713013,0.5744364911084655
10973882,0,0.5412408113479614,0.515733003616333,0.5586855411529541,0.6446947455406189,0.6224101323760977
11194789,0,0.5368759632110596,0.4954059422016144,0.5183842182159424,0.7991458177566528,0.7362860382245503
11373056,0,0.8229587078094482,0.8113667964935303,0.7814305424690247,0.8431336879730225,0.7931704171046281
11046203,0,0.21336747705936432,0.24824190139770508,0.26248541474342346,0.41147422790527344,0.49603688500099774
10137777,0,0.12084696441888809,0.10949625819921494,0.10923474282026291,0.5261813998222351,0.5173653321451372
10659364,0,0.3743627071380615,0.3720944821834564,0.36648479104042053,0.21216653287410736,0.23664926481853854
10735306,0,0.10263461619615555,0.07509823143482208,0.04090052843093872,0.12145666778087616,0.19476280297720305
10027733,0,0.3281781077384949,0.3415350019931793,0.2996892035007477,0.32329270243644714,0.3060738485765174
10109343,0,0.2967817485332489,0.2719009220600128,0.28662729263305664,0.5724073648452759,0.5560293841033273
10187992,0,0.5554937124252319,0.5472859144210815,0.5240663290023804,0.6535582542419434,0.6580248354259035
9821679,0,0.3487042784690857,0.2705354392528534,0.26056697964668274,0.25246334075927734,0.2601373223809487
10576378,0,0.7565457224845886,0.7072873115539551,0.677623987197876,0.7720589637756348,0.7945586118399404
11214471,0,0.31482991576194763,0.268322229385376,0.29927676916122437,0.23731911182403564,0.32609803666984244
10181964,0,0.1539546102285385,0.16282853484153748,0.17518799006938934,0.2173229306936264,0.24368366611739145
11407253,0,0.29332074522972107,0.25322842597961426,0.235108882188797,0.22021514177322388,0.4551642752186159
10914819,0,0.15533119440078735,0.1192534863948822,0.07656862586736679,0.21646177768707275,0.23521016380024726
10705833,0,0.22275179624557495,0.17878469824790955,0.15466755628585815,0.1677575707435608,0.22949076261226567
